[{"stream_name":"stdout","time":0.723524643,"data":"+ nvidia-smi\n"}
,{"stream_name":"stdout","time":0.746396297,"data":"Sat Aug  8 15:33:41 2026       \n"}
,{"stream_name":"stdout","time":0.746446436,"data":"+-----------------------------------------------------------------------------------------+\n"}
,{"stream_name":"stdout","time":0.746451316,"data":"| NVIDIA-SMI 580.159.04             Driver Version: 580.159.04     CUDA Version: 13.0     |\n"}
,{"stream_name":"stdout","time":0.7464554,"data":"+-----------------------------------------+------------------------+----------------------+\n"}
,{"stream_name":"stdout","time":0.746459052,"data":"| GPU  Name                 Persistence-M | Bus-Id          Disp.A | Volatile Uncorr. ECC |\n"}
,{"stream_name":"stdout","time":0.74646368,"data":"| Fan  Temp   Perf          Pwr:Usage/Cap |           Memory-Usage | GPU-Util  Compute M. |\n"}
,{"stream_name":"stdout","time":0.746468998,"data":"|                                         |                        |               MIG M. |\n"}
,{"stream_name":"stdout","time":0.74647497,"data":"|=========================================+========================+======================|\n"}
,{"stream_name":"stdout","time":0.760315396,"data":"|   0  Tesla P100-PCIE-16GB           Off |   00000000:00:04.0 Off |                    0 |\n"}
,{"stream_name":"stdout","time":0.760340781,"data":"| N/A   35C    P0             25W /  250W |       0MiB /  16384MiB |      0%      Default |\n"}
,{"stream_name":"stdout","time":0.760346054,"data":"|                                         |                        |                  N/A |\n"}
,{"stream_name":"stdout","time":0.760350192,"data":"+-----------------------------------------+------------------------+----------------------+\n"}
,{"stream_name":"stdout","time":0.760354401,"data":"\n"}
,{"stream_name":"stdout","time":0.760358166,"data":"+-----------------------------------------------------------------------------------------+\n"}
,{"stream_name":"stdout","time":0.760361781,"data":"| Processes:                                                                              |\n"}
,{"stream_name":"stdout","time":0.760365349,"data":"|  GPU   GI   CI              PID   Type   Process name                        GPU Memory |\n"}
,{"stream_name":"stdout","time":0.760368865,"data":"|        ID   ID                                                               Usage      |\n"}
,{"stream_name":"stdout","time":0.760372452,"data":"|=========================================================================================|\n"}
,{"stream_name":"stdout","time":0.760587971,"data":"|  No running processes found                                                             |\n"}
,{"stream_name":"stdout","time":0.760596158,"data":"+-----------------------------------------------------------------------------------------+\n"}
,{"stream_name":"stdout","time":0.785986669,"data":"+ /usr/bin/python3 -m pip install --quiet --disable-pip-version-check --no-cache-dir --force-reinstall torch==2.10.0 --index-url https://download.pytorch.org/whl/cu126\n"}
,{"stream_name":"stdout","time":4.973042487,"data":"     ━━━━━━━━━━━━━━━━━━━━━━━━━━━━━━━━━━━━━━━ 23.7/23.7 MB 271.9 MB/s eta 0:00:00\n"}
,{"stream_name":"stdout","time":5.420011737,"data":"     ━━━━━━━━━━━━━━━━━━━━━━━━━━━━━━━━━━━━━ 897.7/897.7 kB 362.6 MB/s eta 0:00:00\n"}
,{"stream_name":"stdout","time":5.8770191050000005,"data":"     ━━━━━━━━━━━━━━━━━━━━━━━━━━━━━━━━━━━━━━━━ 8.9/8.9 MB 159.8 MB/s eta 0:00:00\n"}
,{"stream_name":"stdout","time":10.873142999,"data":"     ━━━━━━━━━━━━━━━━━━━━━━━━━━━━━━━━━━━━━ 706.8/706.8 MB 212.8 MB/s eta 0:00:00\n"}
,{"stream_name":"stdout","time":14.958132038,"data":"     ━━━━━━━━━━━━━━━━━━━━━━━━━━━━━━━━━━━━━ 393.1/393.1 MB 230.9 MB/s eta 0:00:00\n"}
,{"stream_name":"stdout","time":17.260926287,"data":"     ━━━━━━━━━━━━━━━━━━━━━━━━━━━━━━━━━━━━━ 200.2/200.2 MB 245.1 MB/s eta 0:00:00\n"}
,{"stream_name":"stdout","time":18.360782704000002,"data":"     ━━━━━━━━━━━━━━━━━━━━━━━━━━━━━━━━━━━━━━━ 56.3/56.3 MB 261.3 MB/s eta 0:00:00\n"}
,{"stream_name":"stdout","time":19.500434459,"data":"     ━━━━━━━━━━━━━━━━━━━━━━━━━━━━━━━━━━━━━ 158.2/158.2 MB 260.3 MB/s eta 0:00:00\n"}
,{"stream_name":"stdout","time":21.377448873,"data":"     ━━━━━━━━━━━━━━━━━━━━━━━━━━━━━━━━━━━━━ 216.6/216.6 MB 269.0 MB/s eta 0:00:00\n"}
,{"stream_name":"stdout","time":23.293871613,"data":"     ━━━━━━━━━━━━━━━━━━━━━━━━━━━━━━━━━━━━━ 287.2/287.2 MB 282.3 MB/s eta 0:00:00\n"}
,{"stream_name":"stdout","time":25.553082767,"data":"     ━━━━━━━━━━━━━━━━━━━━━━━━━━━━━━━━━━━━━ 322.3/322.3 MB 342.5 MB/s eta 0:00:00\n"}
,{"stream_name":"stdout","time":27.186812728,"data":"     ━━━━━━━━━━━━━━━━━━━━━━━━━━━━━━━━━━━━━ 139.1/139.1 MB 324.2 MB/s eta 0:00:00\n"}
,{"stream_name":"stdout","time":27.852069214,"data":"     ━━━━━━━━━━━━━━━━━━━━━━━━━━━━━━━━━━━━━━━ 89.3/89.3 kB 201.9 MB/s eta 0:00:00\n"}
,{"stream_name":"stdout","time":28.18115224,"data":"     ━━━━━━━━━━━━━━━━━━━━━━━━━━━━━━━━━━━━━━━ 19.7/19.7 MB 304.4 MB/s eta 0:00:00\n"}
,{"stream_name":"stdout","time":28.520400289,"data":"     ━━━━━━━━━━━━━━━━━━━━━━━━━━━━━━━━━━━━━━━━ 1.1/1.1 MB 345.6 MB/s eta 0:00:00\n"}
,{"stream_name":"stdout","time":32.129151153,"data":"   ━━━━━━━━━━━━━━━━━━━━━━━━━━━━━━━━━━━━━━━ 841.9/841.9 MB 150.9 MB/s eta 0:00:00\n"}
,{"stream_name":"stdout","time":32.207664782,"data":"   ━━━━━━━━━━━━━━━━━━━━━━━━━━━━━━━━━━━━━━━━ 12.2/12.2 MB 287.9 MB/s eta 0:00:00\n"}
,{"stream_name":"stdout","time":33.08119296,"data":"   ━━━━━━━━━━━━━━━━━━━━━━━━━━━━━━━━━━━━━━━ 188.3/188.3 MB 231.4 MB/s eta 0:00:00\n"}
,{"stream_name":"stdout","time":33.111435934,"data":"   ━━━━━━━━━━━━━━━━━━━━━━━━━━━━━━━━━━━━━━━━ 203.4/203.4 kB 11.3 MB/s eta 0:00:00\n"}
,{"stream_name":"stdout","time":33.149608766,"data":"   ━━━━━━━━━━━━━━━━━━━━━━━━━━━━━━━━━━━━━━━━ 2.1/2.1 MB 81.3 MB/s eta 0:00:00\n"}
,{"stream_name":"stdout","time":33.187970005,"data":"   ━━━━━━━━━━━━━━━━━━━━━━━━━━━━━━━━━━━━━━━━ 6.3/6.3 MB 251.6 MB/s eta 0:00:00\n"}
,{"stream_name":"stdout","time":33.201479413,"data":"   ━━━━━━━━━━━━━━━━━━━━━━━━━━━━━━━━━━━━━━━━ 44.6/44.6 kB 271.6 MB/s eta 0:00:00\n"}
,{"stream_name":"stdout","time":33.226189646,"data":"   ━━━━━━━━━━━━━━━━━━━━━━━━━━━━━━━━━━━━━━━ 134.9/134.9 kB 239.5 MB/s eta 0:00:00\n"}
,{"stream_name":"stdout","time":33.244272637,"data":"   ━━━━━━━━━━━━━━━━━━━━━━━━━━━━━━━━━━━━━━━━ 1.3/1.3 MB 269.2 MB/s eta 0:00:00\n"}
,{"stream_name":"stdout","time":33.280619081,"data":"   ━━━━━━━━━━━━━━━━━━━━━━━━━━━━━━━━━━━━━━━ 536.2/536.2 kB 327.0 MB/s eta 0:00:00\n"}
,{"stream_name":"stderr","time":182.872064189,"data":"ERROR: pip's dependency resolver does not currently take into account all the packages that are installed. This behaviour is the source of the following dependency conflicts.\n"}
,{"stream_name":"stderr","time":182.872104453,"data":"bigframes 2.39.0 requires google-cloud-bigquery-storage\u003c3.0.0,\u003e=2.30.0, which is not installed.\n"}
,{"stream_name":"stderr","time":182.872111238,"data":"google-adk 1.29.0 requires google-cloud-bigquery-storage\u003e=2.0.0, which is not installed.\n"}
,{"stream_name":"stderr","time":182.872116705,"data":"google-colab 1.0.0 requires jupyter-server==2.14.0, but you have jupyter-server 2.12.5 which is incompatible.\n"}
,{"stream_name":"stderr","time":182.872121751,"data":"google-colab 1.0.0 requires pandas==2.2.2, but you have pandas 2.3.3 which is incompatible.\n"}
,{"stream_name":"stderr","time":182.872126971,"data":"dopamine-rl 4.1.2 requires gym\u003c=0.25.2, but you have gym 0.26.2 which is incompatible.\n"}
,{"stream_name":"stderr","time":182.872132696,"data":"cupy-cuda12x 14.0.1 requires cuda-pathfinder==1.*,\u003e=1.3.3, but you have cuda-pathfinder 1.2.2 which is incompatible.\n"}
,{"stream_name":"stderr","time":182.872138256,"data":"gcsfs 2025.3.0 requires fsspec==2025.3.0, but you have fsspec 2026.4.0 which is incompatible.\n"}
,{"stream_name":"stdout","time":208.485712667,"data":"+ /usr/bin/python3 /kaggle/input/datasets/maksymilianputa/glyph100-v242-pretrain-input/glyph100-v242-pretrain-input/train.py --variant glyph-100m --device cuda --resume /kaggle/input/datasets/maksymilianputa/glyph100-v242-pretrain-input/glyph100-v242-pretrain-input/checkpoints/glyph-100m-v2_4_2-5k/step_0005000.pt --max-steps 5100 --data-path /kaggle/input/datasets/maksymilianputa/glyph100-v242-pretrain-input/glyph100-v242-pretrain-input/data/processed/glyph100_v2_4_2_train.bin --val-data-path /kaggle/input/datasets/maksymilianputa/glyph100-v242-pretrain-input/glyph100-v242-pretrain-input/data/processed/glyph100_v2_4_2_val.bin --tokenizer-path /kaggle/input/datasets/maksymilianputa/glyph100-v242-pretrain-input/glyph100-v242-pretrain-input/data/processed/tokenizer.model --dataset-metadata-path /kaggle/input/datasets/maksymilianputa/glyph100-v242-pretrain-input/glyph100-v242-pretrain-input/data/processed/glyph100_v2_4_2_metadata.json --dataset-name glyph100_dataset_v2_4_2_core --checkpoint-dir /kaggle/working/glyph100-v242-p100-5k-to-10k-001/smoke/checkpoints --log-dir /kaggle/working/glyph100-v242-p100-5k-to-10k-001/smoke/logs --batch-size 4 --gradient-accumulation-steps 8 --learning-rate 2e-4 --min-lr 2e-5 --warmup-steps 2000 --weight-decay 0.1 --grad-clip 1.0 --train-sampling shuffled_blocks --data-seed 2026 --eval-seed 2027 --eval-interval 50 --val-batches 64 --checkpoint-interval 100 --log-interval 10 --finite-check-interval 10 --optimizer-foreach true --attention-backend sdpa\n"}
,{"stream_name":"stdout","time":210.276603139,"data":"2026-08-08 15:37:11 Log file: /kaggle/working/glyph100-v242-p100-5k-to-10k-001/smoke/logs/train.log\n"}
,{"stream_name":"stdout","time":210.281353195,"data":"2026-08-08 15:37:11 Attention backend: default SDPA\n"}
,{"stream_name":"stdout","time":210.282316023,"data":"2026-08-08 15:37:11 CPU threading: affinity=0,1,2,3 | torch_threads=4 | interop_threads=1\n"}
,{"stream_name":"stdout","time":210.301259117,"data":"2026-08-08 15:37:11 GPU: Tesla P100-PCIE-16GB | HIP=None | CUDA API via torch.cuda\n"}
,{"stream_name":"stdout","time":210.301723585,"data":"2026-08-08 15:37:11 ============================================================\n"}
,{"stream_name":"stdout","time":210.301881568,"data":"2026-08-08 15:37:11 Starting Glyph-100M pre-training\n"}
,{"stream_name":"stdout","time":210.301992375,"data":"2026-08-08 15:37:11 Variant: glyph-100m (Glyph-100M)\n"}
,{"stream_name":"stdout","time":210.302126358,"data":"2026-08-08 15:37:11 Device: cuda\n"}
,{"stream_name":"stdout","time":210.30225383,"data":"2026-08-08 15:37:11 Model config: ModelConfig(vocab_size=16000, context_len=512, d_model=768, n_heads=12, n_layers=12, ffn_mult=4, dropout=0.1)\n"}
,{"stream_name":"stdout","time":210.302438332,"data":"2026-08-08 15:37:11 Train config: TrainConfig(data_path='/kaggle/input/datasets/maksymilianputa/glyph100-v242-pretrain-input/glyph100-v242-pretrain-input/data/processed/glyph100_v2_4_2_train.bin', val_data_path='/kaggle/input/datasets/maksymilianputa/glyph100-v242-pretrain-input/glyph100-v242-pretrain-input/data/processed/glyph100_v2_4_2_val.bin', checkpoint_dir='/kaggle/working/glyph100-v242-p100-5k-to-10k-001/smoke/checkpoints', log_dir='/kaggle/working/glyph100-v242-p100-5k-to-10k-001/smoke/logs', tokenizer_path='/kaggle/input/datasets/maksymilianputa/glyph100-v242-pretrain-input/glyph100-v242-pretrain-input/data/processed/tokenizer.model', dataset_metadata_path='/kaggle/input/datasets/maksymilianputa/glyph100-v242-pretrain-input/glyph100-v242-pretrain-input/data/processed/glyph100_v2_4_2_metadata.json', dataset_name='glyph100_dataset_v2_4_2_core', batch_size=4, max_lr=0.0002, min_lr=2e-05, weight_decay=0.1, beta1=0.9, beta2=0.95, grad_clip=1.0, gradient_accumulation_steps=8, train_sampling='shuffled_blocks', data_seed=2026, eval_seed=2027, max_steps=200000, warmup_steps=2000, log_interval=10, eval_interval=50, eval_batches=64, checkpoint_interval=100)\n"}
,{"stream_name":"stdout","time":210.302527375,"data":"2026-08-08 15:37:11 Dataset name: glyph100_dataset_v2_4_2_core\n"}
,{"stream_name":"stdout","time":210.30264849,"data":"2026-08-08 15:37:11 ============================================================\n"}
,{"stream_name":"stdout","time":210.33589596,"data":"2026-08-08 15:37:11 Validation dataset: 1,176,728 tokens, 1,176,216 valid start positions | sampling=random seed=2027 nonoverlap_blocks=2,298\n"}
,{"stream_name":"stdout","time":210.3377428,"data":"2026-08-08 15:37:11 Train dataset: 231,494,339 tokens, 231,493,827 valid start positions | sampling=shuffled_blocks seed=2026 nonoverlap_blocks=452,137\n"}
,{"stream_name":"stdout","time":211.974200238,"data":"GPT initialized | layers=12 heads=12 d_model=768 vocab=16000 ctx=512\n"}
,{"stream_name":"stdout","time":211.974263407,"data":"Parameters: 109.94M logical, 97.65M unique/trainable (weight tying)\n"}
,{"stream_name":"stdout","time":213.238072917,"data":"2026-08-08 15:37:14 Optimizer: AdamW foreach=True fused=False\n"}
,{"stream_name":"stdout","time":213.239323948,"data":"2026-08-08 15:37:14 Loading checkpoint: /kaggle/input/datasets/maksymilianputa/glyph100-v242-pretrain-input/glyph100-v242-pretrain-input/checkpoints/glyph-100m-v2_4_2-5k/step_0005000.pt\n"}
,{"stream_name":"stdout","time":214.242281408,"data":"2026-08-08 15:37:15   Dataset sampler restored: sampling=shuffled_blocks epoch=0 cursor=160,000\n"}
,{"stream_name":"stdout","time":214.24230738,"data":"2026-08-08 15:37:15   Resumed from step 5,000 (last loss=4.6718)\n"}
,{"stream_name":"stdout","time":214.254498754,"data":"2026-08-08 15:37:15 Optimizer state tensors moved to cuda: 300\n"}
,{"stream_name":"stdout","time":214.255332521,"data":"2026-08-08 15:37:15 Training from step 5,001 to 5,100\n"}
,{"stream_name":"stdout","time":214.255458193,"data":"2026-08-08 15:37:15 Microbatch=4 context=512 grad_accum=8 effective_tokens/step=16,384 sampling=shuffled_blocks data_seed=2026\n"}
,{"stream_name":"stdout","time":214.255525909,"data":"2026-08-08 15:37:15 Limited run enabled: target step 5,100\n"}
,{"stream_name":"stdout","time":231.381861266,"data":"2026-08-08 15:37:32 step=   5010 | loss=4.7680 | lr=2.00e-04 | tok/s=9,567 | tokens=82.08M | data=0.3% fwd=30.7% bwd=67.1% opt=1.2%\n"}
,{"stream_name":"stdout","time":248.309206498,"data":"2026-08-08 15:37:49 step=   5020 | loss=4.7419 | lr=2.00e-04 | tok/s=9,679 | tokens=82.25M | data=0.2% fwd=30.6% bwd=67.7% opt=1.1%\n"}
,{"stream_name":"stdout","time":265.236833277,"data":"2026-08-08 15:38:06 step=   5030 | loss=4.7432 | lr=2.00e-04 | tok/s=9,679 | tokens=82.41M | data=0.2% fwd=30.6% bwd=67.7% opt=1.1%\n"}
,{"stream_name":"stdout","time":282.162725,"data":"2026-08-08 15:38:23 step=   5040 | loss=4.7263 | lr=2.00e-04 | tok/s=9,680 | tokens=82.58M | data=0.2% fwd=30.6% bwd=67.7% opt=1.1%\n"}
,{"stream_name":"stdout","time":299.085672613,"data":"2026-08-08 15:38:39 step=   5050 | loss=4.7684 | lr=2.00e-04 | tok/s=9,682 | tokens=82.74M | data=0.2% fwd=30.6% bwd=67.7% opt=1.1%\n"}
,{"stream_name":"stdout","time":303.08281731,"data":"2026-08-08 15:38:43 eval step=   5050 | val_loss=4.6221 | batches=64\n"}
,{"stream_name":"stdout","time":320.014183227,"data":"2026-08-08 15:39:00 step=   5060 | loss=4.7736 | lr=2.00e-04 | tok/s=7,829 | tokens=82.90M | data=0.2% fwd=24.8% bwd=54.7% opt=0.9%\n"}
,{"stream_name":"stdout","time":336.940439973,"data":"2026-08-08 15:39:17 step=   5070 | loss=4.7581 | lr=2.00e-04 | tok/s=9,680 | tokens=83.07M | data=0.2% fwd=30.6% bwd=67.7% opt=1.1%\n"}
,{"stream_name":"stdout","time":353.867963735,"data":"2026-08-08 15:39:34 step=   5080 | loss=4.7204 | lr=2.00e-04 | tok/s=9,679 | tokens=83.23M | data=0.2% fwd=30.6% bwd=67.7% opt=1.1%\n"}
,{"stream_name":"stdout","time":370.79293181,"data":"2026-08-08 15:39:51 step=   5090 | loss=4.7217 | lr=2.00e-04 | tok/s=9,681 | tokens=83.39M | data=0.2% fwd=30.6% bwd=67.7% opt=1.1%\n"}
,{"stream_name":"stdout","time":387.715975055,"data":"2026-08-08 15:40:08 step=   5100 | loss=4.7585 | lr=2.00e-04 | tok/s=9,682 | tokens=83.56M | data=0.2% fwd=30.6% bwd=67.7% opt=1.1%\n"}
,{"stream_name":"stdout","time":390.17289805,"data":"2026-08-08 15:40:11 Checkpoint saved: /kaggle/working/glyph100-v242-p100-5k-to-10k-001/smoke/checkpoints/step_0005100.pt (loss=4.8389)\n"}
,{"stream_name":"stdout","time":394.172710833,"data":"2026-08-08 15:40:15 eval step=   5100 | val_loss=4.6002 | batches=64\n"}
,{"stream_name":"stdout","time":394.172754365,"data":"2026-08-08 15:40:15 Limited run complete; no final checkpoint was written.\n"}
,{"stream_name":"stdout","time":399.501212729,"data":"+ /usr/bin/python3 /kaggle/input/datasets/maksymilianputa/glyph100-v242-pretrain-input/glyph100-v242-pretrain-input/train.py --variant glyph-100m --device cuda --resume /kaggle/working/glyph100-v242-p100-5k-to-10k-001/smoke/checkpoints/step_0005100.pt --max-steps 10000 --data-path /kaggle/input/datasets/maksymilianputa/glyph100-v242-pretrain-input/glyph100-v242-pretrain-input/data/processed/glyph100_v2_4_2_train.bin --val-data-path /kaggle/input/datasets/maksymilianputa/glyph100-v242-pretrain-input/glyph100-v242-pretrain-input/data/processed/glyph100_v2_4_2_val.bin --tokenizer-path /kaggle/input/datasets/maksymilianputa/glyph100-v242-pretrain-input/glyph100-v242-pretrain-input/data/processed/tokenizer.model --dataset-metadata-path /kaggle/input/datasets/maksymilianputa/glyph100-v242-pretrain-input/glyph100-v242-pretrain-input/data/processed/glyph100_v2_4_2_metadata.json --dataset-name glyph100_dataset_v2_4_2_core --checkpoint-dir /kaggle/working/glyph100-v242-p100-5k-to-10k-001/continuation/checkpoints --log-dir /kaggle/working/glyph100-v242-p100-5k-to-10k-001/continuation/logs --batch-size 4 --gradient-accumulation-steps 8 --learning-rate 2e-4 --min-lr 2e-5 --warmup-steps 2000 --weight-decay 0.1 --grad-clip 1.0 --train-sampling shuffled_blocks --data-seed 2026 --eval-seed 2027 --eval-interval 500 --val-batches 64 --checkpoint-interval 2500 --log-interval 10 --finite-check-interval 100 --optimizer-foreach true --attention-backend sdpa\n"}
,{"stream_name":"stdout","time":401.222169798,"data":"2026-08-08 15:40:22 Log file: /kaggle/working/glyph100-v242-p100-5k-to-10k-001/continuation/logs/train.log\n"}
,{"stream_name":"stdout","time":401.227010074,"data":"2026-08-08 15:40:22 Attention backend: default SDPA\n"}
,{"stream_name":"stdout","time":401.227356014,"data":"2026-08-08 15:40:22 CPU threading: affinity=0,1,2,3 | torch_threads=4 | interop_threads=1\n"}
,{"stream_name":"stdout","time":401.246966904,"data":"2026-08-08 15:40:22 GPU: Tesla P100-PCIE-16GB | HIP=None | CUDA API via torch.cuda\n"}
,{"stream_name":"stdout","time":401.248450481,"data":"2026-08-08 15:40:22 ============================================================\n"}
,{"stream_name":"stdout","time":401.248590703,"data":"2026-08-08 15:40:22 Starting Glyph-100M pre-training\n"}
,{"stream_name":"stdout","time":401.248756886,"data":"2026-08-08 15:40:22 Variant: glyph-100m (Glyph-100M)\n"}
,{"stream_name":"stdout","time":401.248902609,"data":"2026-08-08 15:40:22 Device: cuda\n"}
,{"stream_name":"stdout","time":401.249084981,"data":"2026-08-08 15:40:22 Model config: ModelConfig(vocab_size=16000, context_len=512, d_model=768, n_heads=12, n_layers=12, ffn_mult=4, dropout=0.1)\n"}
,{"stream_name":"stdout","time":401.249300626,"data":"2026-08-08 15:40:22 Train config: TrainConfig(data_path='/kaggle/input/datasets/maksymilianputa/glyph100-v242-pretrain-input/glyph100-v242-pretrain-input/data/processed/glyph100_v2_4_2_train.bin', val_data_path='/kaggle/input/datasets/maksymilianputa/glyph100-v242-pretrain-input/glyph100-v242-pretrain-input/data/processed/glyph100_v2_4_2_val.bin', checkpoint_dir='/kaggle/working/glyph100-v242-p100-5k-to-10k-001/continuation/checkpoints', log_dir='/kaggle/working/glyph100-v242-p100-5k-to-10k-001/continuation/logs', tokenizer_path='/kaggle/input/datasets/maksymilianputa/glyph100-v242-pretrain-input/glyph100-v242-pretrain-input/data/processed/tokenizer.model', dataset_metadata_path='/kaggle/input/datasets/maksymilianputa/glyph100-v242-pretrain-input/glyph100-v242-pretrain-input/data/processed/glyph100_v2_4_2_metadata.json', dataset_name='glyph100_dataset_v2_4_2_core', batch_size=4, max_lr=0.0002, min_lr=2e-05, weight_decay=0.1, beta1=0.9, beta2=0.95, grad_clip=1.0, gradient_accumulation_steps=8, train_sampling='shuffled_blocks', data_seed=2026, eval_seed=2027, max_steps=200000, warmup_steps=2000, log_interval=10, eval_interval=500, eval_batches=64, checkpoint_interval=2500)\n"}
,{"stream_name":"stdout","time":401.249446189,"data":"2026-08-08 15:40:22 Dataset name: glyph100_dataset_v2_4_2_core\n"}
,{"stream_name":"stdout","time":401.249562863,"data":"2026-08-08 15:40:22 ============================================================\n"}
,{"stream_name":"stdout","time":401.258158973,"data":"2026-08-08 15:40:22 Validation dataset: 1,176,728 tokens, 1,176,216 valid start positions | sampling=random seed=2027 nonoverlap_blocks=2,298\n"}
,{"stream_name":"stdout","time":401.259059767,"data":"2026-08-08 15:40:22 Train dataset: 231,494,339 tokens, 231,493,827 valid start positions | sampling=shuffled_blocks seed=2026 nonoverlap_blocks=452,137\n"}
,{"stream_name":"stdout","time":402.866405799,"data":"GPT initialized | layers=12 heads=12 d_model=768 vocab=16000 ctx=512\n"}
,{"stream_name":"stdout","time":402.866446008,"data":"Parameters: 109.94M logical, 97.65M unique/trainable (weight tying)\n"}
,{"stream_name":"stdout","time":404.095749898,"data":"2026-08-08 15:40:24 Optimizer: AdamW foreach=True fused=False\n"}
,{"stream_name":"stdout","time":404.095788414,"data":"2026-08-08 15:40:24 Loading checkpoint: /kaggle/working/glyph100-v242-p100-5k-to-10k-001/smoke/checkpoints/step_0005100.pt\n"}
,{"stream_name":"stdout","time":405.108976146,"data":"2026-08-08 15:40:26   Dataset sampler restored: sampling=shuffled_blocks epoch=0 cursor=163,200\n"}
,{"stream_name":"stdout","time":405.109007731,"data":"2026-08-08 15:40:26   Resumed from step 5,100 (last loss=4.8389)\n"}
,{"stream_name":"stdout","time":405.119894112,"data":"2026-08-08 15:40:26 Optimizer state tensors moved to cuda: 300\n"}
,{"stream_name":"stdout","time":405.120567769,"data":"2026-08-08 15:40:26 Training from step 5,101 to 10,000\n"}
,{"stream_name":"stdout","time":405.120593522,"data":"2026-08-08 15:40:26 Microbatch=4 context=512 grad_accum=8 effective_tokens/step=16,384 sampling=shuffled_blocks data_seed=2026\n"}
,{"stream_name":"stdout","time":405.120714639,"data":"2026-08-08 15:40:26 Limited run enabled: target step 10,000\n"}
,{"stream_name":"stdout","time":422.185454688,"data":"2026-08-08 15:40:43 step=   5110 | loss=4.7030 | lr=2.00e-04 | tok/s=9,601 | tokens=83.72M | data=0.3% fwd=30.7% bwd=67.3% opt=1.1%\n"}
,{"stream_name":"stdout","time":439.101624545,"data":"2026-08-08 15:40:59 step=   5120 | loss=4.7207 | lr=2.00e-04 | tok/s=9,685 | tokens=83.89M | data=0.2% fwd=30.6% bwd=67.7% opt=1.1%\n"}
,{"stream_name":"stdout","time":456.027522041,"data":"2026-08-08 15:41:16 step=   5130 | loss=4.7407 | lr=2.00e-04 | tok/s=9,680 | tokens=84.05M | data=0.2% fwd=30.7% bwd=67.7% opt=1.1%\n"}
,{"stream_name":"stdout","time":472.93634527,"data":"2026-08-08 15:41:33 step=   5140 | loss=4.6969 | lr=2.00e-04 | tok/s=9,690 | tokens=84.21M | data=0.2% fwd=30.6% bwd=67.7% opt=1.1%\n"}
,{"stream_name":"stdout","time":489.852462502,"data":"2026-08-08 15:41:50 step=   5150 | loss=4.7060 | lr=2.00e-04 | tok/s=9,686 | tokens=84.38M | data=0.2% fwd=30.6% bwd=67.7% opt=1.1%\n"}
,{"stream_name":"stdout","time":506.771287592,"data":"2026-08-08 15:42:07 step=   5160 | loss=4.7334 | lr=2.00e-04 | tok/s=9,684 | tokens=84.54M | data=0.2% fwd=30.7% bwd=67.7% opt=1.1%\n"}
,{"stream_name":"stdout","time":523.688702884,"data":"2026-08-08 15:42:24 step=   5170 | loss=4.7069 | lr=2.00e-04 | tok/s=9,685 | tokens=84.71M | data=0.2% fwd=30.7% bwd=67.7% opt=1.1%\n"}
,{"stream_name":"stdout","time":540.606309173,"data":"2026-08-08 15:42:41 step=   5180 | loss=4.7041 | lr=2.00e-04 | tok/s=9,685 | tokens=84.87M | data=0.2% fwd=30.6% bwd=67.7% opt=1.1%\n"}
,{"stream_name":"stdout","time":557.520758487,"data":"2026-08-08 15:42:58 step=   5190 | loss=4.7188 | lr=2.00e-04 | tok/s=9,687 | tokens=85.03M | data=0.2% fwd=30.6% bwd=67.7% opt=1.1%\n"}
,{"stream_name":"stdout","time":574.450119604,"data":"2026-08-08 15:43:15 step=   5200 | loss=4.6921 | lr=2.00e-04 | tok/s=9,678 | tokens=85.20M | data=0.2% fwd=30.6% bwd=67.7% opt=1.2%\n"}
,{"stream_name":"stdout","time":591.363569521,"data":"2026-08-08 15:43:32 step=   5210 | loss=4.6826 | lr=2.00e-04 | tok/s=9,687 | tokens=85.36M | data=0.2% fwd=30.6% bwd=67.7% opt=1.1%\n"}
,{"stream_name":"stdout","time":608.275733393,"data":"2026-08-08 15:43:49 step=   5220 | loss=4.6574 | lr=2.00e-04 | tok/s=9,688 | tokens=85.52M | data=0.2% fwd=30.7% bwd=67.7% opt=1.1%\n"}
,{"stream_name":"stdout","time":625.19259823,"data":"2026-08-08 15:44:06 step=   5230 | loss=4.6443 | lr=2.00e-04 | tok/s=9,685 | tokens=85.69M | data=0.2% fwd=30.6% bwd=67.7% opt=1.1%\n"}
,{"stream_name":"stdout","time":642.103562504,"data":"2026-08-08 15:44:22 step=   5240 | loss=4.6920 | lr=2.00e-04 | tok/s=9,689 | tokens=85.85M | data=0.2% fwd=30.7% bwd=67.7% opt=1.1%\n"}
,{"stream_name":"stdout","time":659.013645785,"data":"2026-08-08 15:44:39 step=   5250 | loss=4.6924 | lr=2.00e-04 | tok/s=9,689 | tokens=86.02M | data=0.2% fwd=30.6% bwd=67.7% opt=1.1%\n"}
,{"stream_name":"stdout","time":675.926626262,"data":"2026-08-08 15:44:56 step=   5260 | loss=4.6207 | lr=2.00e-04 | tok/s=9,687 | tokens=86.18M | data=0.2% fwd=30.6% bwd=67.7% opt=1.1%\n"}
,{"stream_name":"stdout","time":692.842279826,"data":"2026-08-08 15:45:13 step=   5270 | loss=4.6796 | lr=2.00e-04 | tok/s=9,686 | tokens=86.34M | data=0.2% fwd=30.6% bwd=67.7% opt=1.1%\n"}
,{"stream_name":"stdout","time":709.755715114,"data":"2026-08-08 15:45:30 step=   5280 | loss=4.6390 | lr=2.00e-04 | tok/s=9,687 | tokens=86.51M | data=0.2% fwd=30.7% bwd=67.7% opt=1.1%\n"}
,{"stream_name":"stdout","time":726.667241267,"data":"2026-08-08 15:45:47 step=   5290 | loss=4.6907 | lr=2.00e-04 | tok/s=9,688 | tokens=86.67M | data=0.2% fwd=30.7% bwd=67.7% opt=1.1%\n"}
,{"stream_name":"stdout","time":743.598799269,"data":"2026-08-08 15:46:04 step=   5300 | loss=4.6692 | lr=2.00e-04 | tok/s=9,677 | tokens=86.84M | data=0.2% fwd=30.6% bwd=67.7% opt=1.1%\n"}
,{"stream_name":"stdout","time":760.507957907,"data":"2026-08-08 15:46:21 step=   5310 | loss=4.6422 | lr=2.00e-04 | tok/s=9,690 | tokens=87.00M | data=0.2% fwd=30.6% bwd=67.7% opt=1.1%\n"}
,{"stream_name":"stdout","time":777.433278954,"data":"2026-08-08 15:46:38 step=   5320 | loss=4.6519 | lr=2.00e-04 | tok/s=9,680 | tokens=87.16M | data=0.2% fwd=30.6% bwd=67.7% opt=1.1%\n"}
,{"stream_name":"stdout","time":794.352282638,"data":"2026-08-08 15:46:55 step=   5330 | loss=4.6206 | lr=2.00e-04 | tok/s=9,684 | tokens=87.33M | data=0.2% fwd=30.6% bwd=67.7% opt=1.1%\n"}
,{"stream_name":"stdout","time":811.275551558,"data":"2026-08-08 15:47:12 step=   5340 | loss=4.6422 | lr=2.00e-04 | tok/s=9,681 | tokens=87.49M | data=0.2% fwd=30.6% bwd=67.7% opt=1.1%\n"}
,{"stream_name":"stdout","time":828.195086467,"data":"2026-08-08 15:47:29 step=   5350 | loss=4.6536 | lr=2.00e-04 | tok/s=9,684 | tokens=87.65M | data=0.2% fwd=30.6% bwd=67.7% opt=1.1%\n"}
,{"stream_name":"stdout","time":845.122981169,"data":"2026-08-08 15:47:46 step=   5360 | loss=4.6389 | lr=2.00e-04 | tok/s=9,679 | tokens=87.82M | data=0.2% fwd=30.6% bwd=67.7% opt=1.1%\n"}
,{"stream_name":"stdout","time":862.043259039,"data":"2026-08-08 15:48:02 step=   5370 | loss=4.6324 | lr=2.00e-04 | tok/s=9,683 | tokens=87.98M | data=0.2% fwd=30.7% bwd=67.7% opt=1.1%\n"}
,{"stream_name":"stdout","time":878.966485341,"data":"2026-08-08 15:48:19 step=   5380 | loss=4.6278 | lr=2.00e-04 | tok/s=9,682 | tokens=88.15M | data=0.2% fwd=30.6% bwd=67.7% opt=1.1%\n"}
,{"stream_name":"stdout","time":895.881522993,"data":"2026-08-08 15:48:36 step=   5390 | loss=4.6349 | lr=2.00e-04 | tok/s=9,686 | tokens=88.31M | data=0.2% fwd=30.7% bwd=67.7% opt=1.1%\n"}
,{"stream_name":"stdout","time":912.80524117,"data":"2026-08-08 15:48:53 step=   5400 | loss=4.6157 | lr=2.00e-04 | tok/s=9,681 | tokens=88.47M | data=0.2% fwd=30.6% bwd=67.7% opt=1.1%\n"}
,{"stream_name":"stdout","time":929.711689857,"data":"2026-08-08 15:49:10 step=   5410 | loss=4.6157 | lr=2.00e-04 | tok/s=9,691 | tokens=88.64M | data=0.2% fwd=30.6% bwd=67.8% opt=1.1%\n"}
,{"stream_name":"stdout","time":946.627074768,"data":"2026-08-08 15:49:27 step=   5420 | loss=4.6453 | lr=2.00e-04 | tok/s=9,686 | tokens=88.80M | data=0.2% fwd=30.6% bwd=67.7% opt=1.1%\n"}
,{"stream_name":"stdout","time":963.544337648,"data":"2026-08-08 15:49:44 step=   5430 | loss=4.6182 | lr=2.00e-04 | tok/s=9,685 | tokens=88.97M | data=0.2% fwd=30.6% bwd=67.7% opt=1.1%\n"}
,{"stream_name":"stdout","time":980.462622571,"data":"2026-08-08 15:50:01 step=   5440 | loss=4.6252 | lr=2.00e-04 | tok/s=9,684 | tokens=89.13M | data=0.2% fwd=30.6% bwd=67.7% opt=1.1%\n"}
,{"stream_name":"stdout","time":997.375259188,"data":"2026-08-08 15:50:18 step=   5450 | loss=4.6079 | lr=2.00e-04 | tok/s=9,688 | tokens=89.29M | data=0.2% fwd=30.7% bwd=67.7% opt=1.1%\n"}
,{"stream_name":"stdout","time":1014.292168276,"data":"2026-08-08 15:50:35 step=   5460 | loss=4.5953 | lr=2.00e-04 | tok/s=9,685 | tokens=89.46M | data=0.2% fwd=30.7% bwd=67.7% opt=1.1%\n"}
,{"stream_name":"stdout","time":1031.196007968,"data":"2026-08-08 15:50:52 step=   5470 | loss=4.6209 | lr=2.00e-04 | tok/s=9,693 | tokens=89.62M | data=0.2% fwd=30.7% bwd=67.7% opt=1.1%\n"}
,{"stream_name":"stdout","time":1048.114580027,"data":"2026-08-08 15:51:09 step=   5480 | loss=4.6065 | lr=2.00e-04 | tok/s=9,684 | tokens=89.78M | data=0.2% fwd=30.6% bwd=67.7% opt=1.1%\n"}
,{"stream_name":"stdout","time":1065.031856341,"data":"2026-08-08 15:51:25 step=   5490 | loss=4.5983 | lr=2.00e-04 | tok/s=9,685 | tokens=89.95M | data=0.2% fwd=30.7% bwd=67.7% opt=1.1%\n"}
,{"stream_name":"stdout","time":1081.95284345,"data":"2026-08-08 15:51:42 step=   5500 | loss=4.5560 | lr=2.00e-04 | tok/s=9,683 | tokens=90.11M | data=0.2% fwd=30.6% bwd=67.7% opt=1.1%\n"}
,{"stream_name":"stdout","time":1085.945407255,"data":"2026-08-08 15:51:46 eval step=   5500 | val_loss=4.4764 | batches=64\n"}
,{"stream_name":"stdout","time":1102.866492676,"data":"2026-08-08 15:52:03 step=   5510 | loss=4.5783 | lr=2.00e-04 | tok/s=7,834 | tokens=90.28M | data=0.2% fwd=24.8% bwd=54.8% opt=0.9%\n"}
,{"stream_name":"stdout","time":1119.780170896,"data":"2026-08-08 15:52:20 step=   5520 | loss=4.5850 | lr=2.00e-04 | tok/s=9,687 | tokens=90.44M | data=0.2% fwd=30.6% bwd=67.7% opt=1.1%\n"}
,{"stream_name":"stdout","time":1136.692017353,"data":"2026-08-08 15:52:37 step=   5530 | loss=4.6136 | lr=2.00e-04 | tok/s=9,688 | tokens=90.60M | data=0.2% fwd=30.7% bwd=67.7% opt=1.1%\n"}
,{"stream_name":"stdout","time":1153.605246044,"data":"2026-08-08 15:52:54 step=   5540 | loss=4.6189 | lr=2.00e-04 | tok/s=9,687 | tokens=90.77M | data=0.2% fwd=30.7% bwd=67.7% opt=1.1%\n"}
,{"stream_name":"stdout","time":1170.518556213,"data":"2026-08-08 15:53:11 step=   5550 | loss=4.5562 | lr=2.00e-04 | tok/s=9,687 | tokens=90.93M | data=0.2% fwd=30.6% bwd=67.7% opt=1.1%\n"}
,{"stream_name":"stdout","time":1187.428330984,"data":"2026-08-08 15:53:28 step=   5560 | loss=4.6064 | lr=2.00e-04 | tok/s=9,689 | tokens=91.10M | data=0.2% fwd=30.7% bwd=67.7% opt=1.1%\n"}
,{"stream_name":"stdout","time":1204.334786436,"data":"2026-08-08 15:53:45 step=   5570 | loss=4.5915 | lr=2.00e-04 | tok/s=9,691 | tokens=91.26M | data=0.2% fwd=30.7% bwd=67.7% opt=1.1%\n"}
,{"stream_name":"stdout","time":1221.24484098,"data":"2026-08-08 15:54:02 step=   5580 | loss=4.5557 | lr=2.00e-04 | tok/s=9,689 | tokens=91.42M | data=0.2% fwd=30.7% bwd=67.7% opt=1.1%\n"}
,{"stream_name":"stdout","time":1238.164635478,"data":"2026-08-08 15:54:19 step=   5590 | loss=4.5868 | lr=2.00e-04 | tok/s=9,683 | tokens=91.59M | data=0.2% fwd=30.6% bwd=67.7% opt=1.1%\n"}
,{"stream_name":"stdout","time":1255.092838456,"data":"2026-08-08 15:54:35 step=   5600 | loss=4.5232 | lr=2.00e-04 | tok/s=9,679 | tokens=91.75M | data=0.2% fwd=30.6% bwd=67.7% opt=1.1%\n"}
,{"stream_name":"stdout","time":1272.008992439,"data":"2026-08-08 15:54:52 step=   5610 | loss=4.5710 | lr=2.00e-04 | tok/s=9,686 | tokens=91.91M | data=0.2% fwd=30.7% bwd=67.7% opt=1.1%\n"}
,{"stream_name":"stdout","time":1288.929008845,"data":"2026-08-08 15:55:09 step=   5620 | loss=4.5292 | lr=2.00e-04 | tok/s=9,683 | tokens=92.08M | data=0.2% fwd=30.6% bwd=67.7% opt=1.1%\n"}
,{"stream_name":"stdout","time":1305.836427273,"data":"2026-08-08 15:55:26 step=   5630 | loss=4.5228 | lr=2.00e-04 | tok/s=9,690 | tokens=92.24M | data=0.2% fwd=30.7% bwd=67.7% opt=1.1%\n"}
,{"stream_name":"stdout","time":1322.751657858,"data":"2026-08-08 15:55:43 step=   5640 | loss=4.5528 | lr=2.00e-04 | tok/s=9,686 | tokens=92.41M | data=0.2% fwd=30.6% bwd=67.7% opt=1.1%\n"}
,{"stream_name":"stdout","time":1339.660342508,"data":"2026-08-08 15:56:00 step=   5650 | loss=4.5377 | lr=2.00e-04 | tok/s=9,690 | tokens=92.57M | data=0.2% fwd=30.6% bwd=67.7% opt=1.1%\n"}
,{"stream_name":"stdout","time":1356.571925121,"data":"2026-08-08 15:56:17 step=   5660 | loss=4.5413 | lr=2.00e-04 | tok/s=9,688 | tokens=92.73M | data=0.2% fwd=30.7% bwd=67.7% opt=1.1%\n"}
,{"stream_name":"stdout","time":1373.48514957,"data":"2026-08-08 15:56:34 step=   5670 | loss=4.5537 | lr=2.00e-04 | tok/s=9,687 | tokens=92.90M | data=0.2% fwd=30.7% bwd=67.7% opt=1.1%\n"}
,{"stream_name":"stdout","time":1390.396159906,"data":"2026-08-08 15:56:51 step=   5680 | loss=4.5337 | lr=2.00e-04 | tok/s=9,688 | tokens=93.06M | data=0.2% fwd=30.6% bwd=67.7% opt=1.1%\n"}
,{"stream_name":"stdout","time":1407.302946423,"data":"2026-08-08 15:57:08 step=   5690 | loss=4.5573 | lr=2.00e-04 | tok/s=9,691 | tokens=93.22M | data=0.2% fwd=30.6% bwd=67.8% opt=1.1%\n"}
,{"stream_name":"stdout","time":1424.230410563,"data":"2026-08-08 15:57:25 step=   5700 | loss=4.5587 | lr=2.00e-04 | tok/s=9,679 | tokens=93.39M | data=0.2% fwd=30.6% bwd=67.7% opt=1.1%\n"}
,{"stream_name":"stdout","time":1441.149354185,"data":"2026-08-08 15:57:42 step=   5710 | loss=4.5618 | lr=2.00e-04 | tok/s=9,684 | tokens=93.55M | data=0.2% fwd=30.6% bwd=67.7% opt=1.1%\n"}
,{"stream_name":"stdout","time":1458.05752683,"data":"2026-08-08 15:57:58 step=   5720 | loss=4.5350 | lr=2.00e-04 | tok/s=9,690 | tokens=93.72M | data=0.2% fwd=30.7% bwd=67.7% opt=1.1%\n"}
,{"stream_name":"stdout","time":1474.96800512,"data":"2026-08-08 15:58:15 step=   5730 | loss=4.5379 | lr=2.00e-04 | tok/s=9,689 | tokens=93.88M | data=0.2% fwd=30.6% bwd=67.7% opt=1.1%\n"}
,{"stream_name":"stdout","time":1491.871154482,"data":"2026-08-08 15:58:32 step=   5740 | loss=4.5446 | lr=2.00e-04 | tok/s=9,693 | tokens=94.04M | data=0.2% fwd=30.6% bwd=67.7% opt=1.1%\n"}
,{"stream_name":"stdout","time":1508.78236166,"data":"2026-08-08 15:58:49 step=   5750 | loss=4.5519 | lr=2.00e-04 | tok/s=9,688 | tokens=94.21M | data=0.2% fwd=30.7% bwd=67.7% opt=1.1%\n"}
,{"stream_name":"stdout","time":1525.694292551,"data":"2026-08-08 15:59:06 step=   5760 | loss=4.5189 | lr=2.00e-04 | tok/s=9,688 | tokens=94.37M | data=0.2% fwd=30.6% bwd=67.7% opt=1.1%\n"}
,{"stream_name":"stdout","time":1542.60631888,"data":"2026-08-08 15:59:23 step=   5770 | loss=4.5426 | lr=2.00e-04 | tok/s=9,688 | tokens=94.54M | data=0.2% fwd=30.7% bwd=67.7% opt=1.1%\n"}
,{"stream_name":"stdout","time":1559.523526813,"data":"2026-08-08 15:59:40 step=   5780 | loss=4.5243 | lr=2.00e-04 | tok/s=9,685 | tokens=94.70M | data=0.2% fwd=30.6% bwd=67.7% opt=1.1%\n"}
,{"stream_name":"stdout","time":1576.438521432,"data":"2026-08-08 15:59:57 step=   5790 | loss=4.4910 | lr=2.00e-04 | tok/s=9,686 | tokens=94.86M | data=0.2% fwd=30.7% bwd=67.7% opt=1.1%\n"}
,{"stream_name":"stdout","time":1593.377929245,"data":"2026-08-08 16:00:14 step=   5800 | loss=4.5295 | lr=2.00e-04 | tok/s=9,672 | tokens=95.03M | data=0.2% fwd=30.6% bwd=67.6% opt=1.1%\n"}
,{"stream_name":"stdout","time":1610.298421061,"data":"2026-08-08 16:00:31 step=   5810 | loss=4.5061 | lr=2.00e-04 | tok/s=9,683 | tokens=95.19M | data=0.2% fwd=30.6% bwd=67.7% opt=1.1%\n"}
,{"stream_name":"stdout","time":1627.225096768,"data":"2026-08-08 16:00:48 step=   5820 | loss=4.5440 | lr=2.00e-04 | tok/s=9,680 | tokens=95.35M | data=0.2% fwd=30.6% bwd=67.7% opt=1.1%\n"}
,{"stream_name":"stdout","time":1644.145240901,"data":"2026-08-08 16:01:05 step=   5830 | loss=4.4968 | lr=2.00e-04 | tok/s=9,683 | tokens=95.52M | data=0.2% fwd=30.7% bwd=67.7% opt=1.1%\n"}
,{"stream_name":"stdout","time":1661.059178235,"data":"2026-08-08 16:01:21 step=   5840 | loss=4.4796 | lr=2.00e-04 | tok/s=9,687 | tokens=95.68M | data=0.2% fwd=30.6% bwd=67.7% opt=1.1%\n"}
,{"stream_name":"stdout","time":1677.972057962,"data":"2026-08-08 16:01:38 step=   5850 | loss=4.5132 | lr=2.00e-04 | tok/s=9,687 | tokens=95.85M | data=0.2% fwd=30.7% bwd=67.7% opt=1.1%\n"}
,{"stream_name":"stdout","time":1694.894298841,"data":"2026-08-08 16:01:55 step=   5860 | loss=4.4888 | lr=2.00e-04 | tok/s=9,682 | tokens=96.01M | data=0.2% fwd=30.7% bwd=67.7% opt=1.1%\n"}
,{"stream_name":"stdout","time":1711.806195955,"data":"2026-08-08 16:02:12 step=   5870 | loss=4.5160 | lr=2.00e-04 | tok/s=9,688 | tokens=96.17M | data=0.2% fwd=30.7% bwd=67.7% opt=1.1%\n"}
,{"stream_name":"stdout","time":1728.719681249,"data":"2026-08-08 16:02:29 step=   5880 | loss=4.5140 | lr=2.00e-04 | tok/s=9,687 | tokens=96.34M | data=0.2% fwd=30.7% bwd=67.7% opt=1.1%\n"}
,{"stream_name":"stdout","time":1745.635435497,"data":"2026-08-08 16:02:46 step=   5890 | loss=4.5193 | lr=2.00e-04 | tok/s=9,686 | tokens=96.50M | data=0.2% fwd=30.6% bwd=67.7% opt=1.1%\n"}
,{"stream_name":"stdout","time":1762.557744677,"data":"2026-08-08 16:03:03 step=   5900 | loss=4.4984 | lr=2.00e-04 | tok/s=9,682 | tokens=96.67M | data=0.2% fwd=30.6% bwd=67.7% opt=1.1%\n"}
,{"stream_name":"stdout","time":1779.469417887,"data":"2026-08-08 16:03:20 step=   5910 | loss=4.5013 | lr=2.00e-04 | tok/s=9,688 | tokens=96.83M | data=0.2% fwd=30.7% bwd=67.7% opt=1.1%\n"}
,{"stream_name":"stdout","time":1796.387517612,"data":"2026-08-08 16:03:37 step=   5920 | loss=4.4963 | lr=2.00e-04 | tok/s=9,684 | tokens=96.99M | data=0.2% fwd=30.6% bwd=67.7% opt=1.1%\n"}
,{"stream_name":"stdout","time":1813.297825082,"data":"2026-08-08 16:03:54 step=   5930 | loss=4.5434 | lr=2.00e-04 | tok/s=9,689 | tokens=97.16M | data=0.2% fwd=30.7% bwd=67.7% opt=1.1%\n"}
,{"stream_name":"stdout","time":1830.215518175,"data":"2026-08-08 16:04:11 step=   5940 | loss=4.4869 | lr=2.00e-04 | tok/s=9,685 | tokens=97.32M | data=0.2% fwd=30.7% bwd=67.7% opt=1.1%\n"}
,{"stream_name":"stdout","time":1847.124508729,"data":"2026-08-08 16:04:28 step=   5950 | loss=4.4634 | lr=2.00e-04 | tok/s=9,690 | tokens=97.48M | data=0.2% fwd=30.7% bwd=67.7% opt=1.1%\n"}
,{"stream_name":"stdout","time":1864.025196103,"data":"2026-08-08 16:04:44 step=   5960 | loss=4.4696 | lr=2.00e-04 | tok/s=9,694 | tokens=97.65M | data=0.2% fwd=30.7% bwd=67.7% opt=1.1%\n"}
,{"stream_name":"stdout","time":1880.932842386,"data":"2026-08-08 16:05:01 step=   5970 | loss=4.4758 | lr=2.00e-04 | tok/s=9,690 | tokens=97.81M | data=0.2% fwd=30.7% bwd=67.7% opt=1.1%\n"}
,{"stream_name":"stdout","time":1897.848670486,"data":"2026-08-08 16:05:18 step=   5980 | loss=4.4924 | lr=2.00e-04 | tok/s=9,686 | tokens=97.98M | data=0.2% fwd=30.6% bwd=67.7% opt=1.1%\n"}
,{"stream_name":"stdout","time":1914.764972695,"data":"2026-08-08 16:05:35 step=   5990 | loss=4.4739 | lr=2.00e-04 | tok/s=9,685 | tokens=98.14M | data=0.2% fwd=30.7% bwd=67.7% opt=1.1%\n"}
,{"stream_name":"stdout","time":1931.68499046,"data":"2026-08-08 16:05:52 step=   6000 | loss=4.4548 | lr=2.00e-04 | tok/s=9,683 | tokens=98.30M | data=0.2% fwd=30.6% bwd=67.7% opt=1.1%\n"}
,{"stream_name":"stdout","time":1935.672135354,"data":"2026-08-08 16:05:56 eval step=   6000 | val_loss=4.3395 | batches=64\n"}
,{"stream_name":"stdout","time":1952.579049902,"data":"2026-08-08 16:06:13 step=   6010 | loss=4.4816 | lr=2.00e-04 | tok/s=7,842 | tokens=98.47M | data=0.1% fwd=24.8% bwd=54.8% opt=0.9%\n"}
,{"stream_name":"stdout","time":1969.48737448,"data":"2026-08-08 16:06:30 step=   6020 | loss=4.4711 | lr=2.00e-04 | tok/s=9,690 | tokens=98.63M | data=0.2% fwd=30.6% bwd=67.7% opt=1.1%\n"}
,{"stream_name":"stdout","time":1986.402941842,"data":"2026-08-08 16:06:47 step=   6030 | loss=4.4605 | lr=2.00e-04 | tok/s=9,686 | tokens=98.80M | data=0.2% fwd=30.7% bwd=67.7% opt=1.1%\n"}
,{"stream_name":"stdout","time":2003.314410184,"data":"2026-08-08 16:07:04 step=   6040 | loss=4.4358 | lr=2.00e-04 | tok/s=9,688 | tokens=98.96M | data=0.2% fwd=30.7% bwd=67.7% opt=1.1%\n"}
,{"stream_name":"stdout","time":2020.221591145,"data":"2026-08-08 16:07:21 step=   6050 | loss=4.4733 | lr=2.00e-04 | tok/s=9,691 | tokens=99.12M | data=0.2% fwd=30.6% bwd=67.7% opt=1.1%\n"}
,{"stream_name":"stdout","time":2037.139400771,"data":"2026-08-08 16:07:38 step=   6060 | loss=4.4402 | lr=2.00e-04 | tok/s=9,685 | tokens=99.29M | data=0.2% fwd=30.7% bwd=67.7% opt=1.1%\n"}
,{"stream_name":"stdout","time":2054.05160412,"data":"2026-08-08 16:07:54 step=   6070 | loss=4.4646 | lr=2.00e-04 | tok/s=9,688 | tokens=99.45M | data=0.2% fwd=30.6% bwd=67.8% opt=1.1%\n"}
,{"stream_name":"stdout","time":2070.960889022,"data":"2026-08-08 16:08:11 step=   6080 | loss=4.4380 | lr=2.00e-04 | tok/s=9,689 | tokens=99.61M | data=0.2% fwd=30.7% bwd=67.7% opt=1.1%\n"}
,{"stream_name":"stdout","time":2087.878848409,"data":"2026-08-08 16:08:28 step=   6090 | loss=4.4515 | lr=2.00e-04 | tok/s=9,685 | tokens=99.78M | data=0.2% fwd=30.6% bwd=67.7% opt=1.1%\n"}
,{"stream_name":"stdout","time":2104.806942764,"data":"2026-08-08 16:08:45 step=   6100 | loss=4.4416 | lr=2.00e-04 | tok/s=9,679 | tokens=99.94M | data=0.2% fwd=30.6% bwd=67.7% opt=1.1%\n"}
,{"stream_name":"stdout","time":2121.724051605,"data":"2026-08-08 16:09:02 step=   6110 | loss=4.4469 | lr=2.00e-04 | tok/s=9,685 | tokens=100.11M | data=0.2% fwd=30.6% bwd=67.7% opt=1.1%\n"}
,{"stream_name":"stdout","time":2138.631751656,"data":"2026-08-08 16:09:19 step=   6120 | loss=4.4555 | lr=2.00e-04 | tok/s=9,690 | tokens=100.27M | data=0.2% fwd=30.6% bwd=67.8% opt=1.1%\n"}
,{"stream_name":"stdout","time":2155.550825454,"data":"2026-08-08 16:09:36 step=   6130 | loss=4.4234 | lr=2.00e-04 | tok/s=9,684 | tokens=100.43M | data=0.2% fwd=30.6% bwd=67.7% opt=1.1%\n"}
,{"stream_name":"stdout","time":2172.456685992,"data":"2026-08-08 16:09:53 step=   6140 | loss=4.4565 | lr=2.00e-04 | tok/s=9,691 | tokens=100.60M | data=0.2% fwd=30.7% bwd=67.7% opt=1.1%\n"}
,{"stream_name":"stdout","time":2189.371984107,"data":"2026-08-08 16:10:10 step=   6150 | loss=4.4722 | lr=2.00e-04 | tok/s=9,686 | tokens=100.76M | data=0.2% fwd=30.6% bwd=67.7% opt=1.1%\n"}
,{"stream_name":"stdout","time":2206.284415937,"data":"2026-08-08 16:10:27 step=   6160 | loss=4.4614 | lr=2.00e-04 | tok/s=9,688 | tokens=100.93M | data=0.2% fwd=30.7% bwd=67.7% opt=1.1%\n"}
,{"stream_name":"stdout","time":2223.200441496,"data":"2026-08-08 16:10:44 step=   6170 | loss=4.4077 | lr=2.00e-04 | tok/s=9,686 | tokens=101.09M | data=0.2% fwd=30.7% bwd=67.7% opt=1.1%\n"}
,{"stream_name":"stdout","time":2240.111435736,"data":"2026-08-08 16:11:01 step=   6180 | loss=4.4437 | lr=2.00e-04 | tok/s=9,689 | tokens=101.25M | data=0.2% fwd=30.7% bwd=67.7% opt=1.1%\n"}
,{"stream_name":"stdout","time":2257.02843393,"data":"2026-08-08 16:11:17 step=   6190 | loss=4.4356 | lr=2.00e-04 | tok/s=9,685 | tokens=101.42M | data=0.2% fwd=30.6% bwd=67.7% opt=1.1%\n"}
,{"stream_name":"stdout","time":2273.952078736,"data":"2026-08-08 16:11:34 step=   6200 | loss=4.4696 | lr=2.00e-04 | tok/s=9,681 | tokens=101.58M | data=0.2% fwd=30.6% bwd=67.7% opt=1.1%\n"}
,{"stream_name":"stdout","time":2290.875431857,"data":"2026-08-08 16:11:51 step=   6210 | loss=4.4353 | lr=2.00e-04 | tok/s=9,681 | tokens=101.74M | data=0.2% fwd=30.7% bwd=67.7% opt=1.1%\n"}
,{"stream_name":"stdout","time":2307.794877705,"data":"2026-08-08 16:12:08 step=   6220 | loss=4.4249 | lr=2.00e-04 | tok/s=9,684 | tokens=101.91M | data=0.2% fwd=30.6% bwd=67.7% opt=1.1%\n"}
,{"stream_name":"stdout","time":2324.710675555,"data":"2026-08-08 16:12:25 step=   6230 | loss=4.4167 | lr=2.00e-04 | tok/s=9,686 | tokens=102.07M | data=0.2% fwd=30.6% bwd=67.7% opt=1.1%\n"}
,{"stream_name":"stdout","time":2341.640330081,"data":"2026-08-08 16:12:42 step=   6240 | loss=4.4424 | lr=2.00e-04 | tok/s=9,678 | tokens=102.24M | data=0.2% fwd=30.6% bwd=67.7% opt=1.1%\n"}
,{"stream_name":"stdout","time":2358.562058849,"data":"2026-08-08 16:12:59 step=   6250 | loss=4.4457 | lr=2.00e-04 | tok/s=9,682 | tokens=102.40M | data=0.2% fwd=30.7% bwd=67.7% opt=1.1%\n"}
,{"stream_name":"stdout","time":2375.48165197,"data":"2026-08-08 16:13:16 step=   6260 | loss=4.4506 | lr=2.00e-04 | tok/s=9,684 | tokens=102.56M | data=0.2% fwd=30.7% bwd=67.7% opt=1.1%\n"}
,{"stream_name":"stdout","time":2392.392082598,"data":"2026-08-08 16:13:33 step=   6270 | loss=4.4172 | lr=2.00e-04 | tok/s=9,689 | tokens=102.73M | data=0.2% fwd=30.7% bwd=67.7% opt=1.1%\n"}
,{"stream_name":"stdout","time":2409.297922829,"data":"2026-08-08 16:13:50 step=   6280 | loss=4.4270 | lr=2.00e-04 | tok/s=9,691 | tokens=102.89M | data=0.2% fwd=30.6% bwd=67.7% opt=1.1%\n"}
,{"stream_name":"stdout","time":2426.209072076,"data":"2026-08-08 16:14:07 step=   6290 | loss=4.4408 | lr=2.00e-04 | tok/s=9,688 | tokens=103.06M | data=0.2% fwd=30.7% bwd=67.7% opt=1.1%\n"}
,{"stream_name":"stdout","time":2443.131796319,"data":"2026-08-08 16:14:24 step=   6300 | loss=4.4542 | lr=2.00e-04 | tok/s=9,682 | tokens=103.22M | data=0.2% fwd=30.6% bwd=67.7% opt=1.1%\n"}
,{"stream_name":"stdout","time":2460.046476124,"data":"2026-08-08 16:14:40 step=   6310 | loss=4.4339 | lr=2.00e-04 | tok/s=9,686 | tokens=103.38M | data=0.2% fwd=30.6% bwd=67.7% opt=1.1%\n"}
,{"stream_name":"stdout","time":2476.960594175,"data":"2026-08-08 16:14:57 step=   6320 | loss=4.4258 | lr=2.00e-04 | tok/s=9,687 | tokens=103.55M | data=0.2% fwd=30.7% bwd=67.7% opt=1.1%\n"}
,{"stream_name":"stdout","time":2493.870901666,"data":"2026-08-08 16:15:14 step=   6330 | loss=4.4004 | lr=2.00e-04 | tok/s=9,689 | tokens=103.71M | data=0.2% fwd=30.7% bwd=67.7% opt=1.1%\n"}
,{"stream_name":"stdout","time":2510.785092454,"data":"2026-08-08 16:15:31 step=   6340 | loss=4.4651 | lr=2.00e-04 | tok/s=9,687 | tokens=103.87M | data=0.2% fwd=30.7% bwd=67.7% opt=1.1%\n"}
,{"stream_name":"stdout","time":2527.703899759,"data":"2026-08-08 16:15:48 step=   6350 | loss=4.3928 | lr=2.00e-04 | tok/s=9,684 | tokens=104.04M | data=0.2% fwd=30.6% bwd=67.7% opt=1.1%\n"}
,{"stream_name":"stdout","time":2544.616737455,"data":"2026-08-08 16:16:05 step=   6360 | loss=4.4141 | lr=2.00e-04 | tok/s=9,687 | tokens=104.20M | data=0.2% fwd=30.6% bwd=67.7% opt=1.1%\n"}
,{"stream_name":"stdout","time":2561.52708478,"data":"2026-08-08 16:16:22 step=   6370 | loss=4.4304 | lr=2.00e-04 | tok/s=9,689 | tokens=104.37M | data=0.2% fwd=30.7% bwd=67.7% opt=1.1%\n"}
,{"stream_name":"stdout","time":2578.443030275,"data":"2026-08-08 16:16:39 step=   6380 | loss=4.3974 | lr=2.00e-04 | tok/s=9,686 | tokens=104.53M | data=0.2% fwd=30.6% bwd=67.7% opt=1.1%\n"}
,{"stream_name":"stdout","time":2595.359409917,"data":"2026-08-08 16:16:56 step=   6390 | loss=4.4337 | lr=2.00e-04 | tok/s=9,685 | tokens=104.69M | data=0.2% fwd=30.7% bwd=67.7% opt=1.1%\n"}
,{"stream_name":"stdout","time":2612.278998309,"data":"2026-08-08 16:17:13 step=   6400 | loss=4.4102 | lr=2.00e-04 | tok/s=9,684 | tokens=104.86M | data=0.2% fwd=30.6% bwd=67.7% opt=1.1%\n"}
,{"stream_name":"stdout","time":2629.190284265,"data":"2026-08-08 16:17:30 step=   6410 | loss=4.3781 | lr=2.00e-04 | tok/s=9,688 | tokens=105.02M | data=0.2% fwd=30.7% bwd=67.7% opt=1.1%\n"}
,{"stream_name":"stdout","time":2646.100852312,"data":"2026-08-08 16:17:46 step=   6420 | loss=4.3879 | lr=2.00e-04 | tok/s=9,689 | tokens=105.19M | data=0.2% fwd=30.6% bwd=67.7% opt=1.1%\n"}
,{"stream_name":"stdout","time":2663.015447073,"data":"2026-08-08 16:18:03 step=   6430 | loss=4.3951 | lr=2.00e-04 | tok/s=9,686 | tokens=105.35M | data=0.2% fwd=30.7% bwd=67.7% opt=1.1%\n"}
,{"stream_name":"stdout","time":2679.93593413,"data":"2026-08-08 16:18:20 step=   6440 | loss=4.4229 | lr=2.00e-04 | tok/s=9,683 | tokens=105.51M | data=0.2% fwd=30.6% bwd=67.7% opt=1.1%\n"}
,{"stream_name":"stdout","time":2696.838001006,"data":"2026-08-08 16:18:37 step=   6450 | loss=4.3974 | lr=2.00e-04 | tok/s=9,694 | tokens=105.68M | data=0.2% fwd=30.6% bwd=67.7% opt=1.1%\n"}
,{"stream_name":"stdout","time":2713.748995382,"data":"2026-08-08 16:18:54 step=   6460 | loss=4.3905 | lr=2.00e-04 | tok/s=9,688 | tokens=105.84M | data=0.2% fwd=30.6% bwd=67.7% opt=1.1%\n"}
,{"stream_name":"stdout","time":2730.660566041,"data":"2026-08-08 16:19:11 step=   6470 | loss=4.3824 | lr=2.00e-04 | tok/s=9,688 | tokens=106.00M | data=0.2% fwd=30.6% bwd=67.7% opt=1.1%\n"}
,{"stream_name":"stdout","time":2747.57369659,"data":"2026-08-08 16:19:28 step=   6480 | loss=4.3902 | lr=2.00e-04 | tok/s=9,687 | tokens=106.17M | data=0.2% fwd=30.7% bwd=67.7% opt=1.1%\n"}
,{"stream_name":"stdout","time":2764.489972037,"data":"2026-08-08 16:19:45 step=   6490 | loss=4.3833 | lr=2.00e-04 | tok/s=9,686 | tokens=106.33M | data=0.2% fwd=30.7% bwd=67.7% opt=1.1%\n"}
,{"stream_name":"stdout","time":2781.413406754,"data":"2026-08-08 16:20:02 step=   6500 | loss=4.3806 | lr=2.00e-04 | tok/s=9,681 | tokens=106.50M | data=0.2% fwd=30.6% bwd=67.7% opt=1.1%\n"}
,{"stream_name":"stdout","time":2785.401470768,"data":"2026-08-08 16:20:06 eval step=   6500 | val_loss=4.2492 | batches=64\n"}
,{"stream_name":"stdout","time":2802.307180096,"data":"2026-08-08 16:20:23 step=   6510 | loss=4.3951 | lr=2.00e-04 | tok/s=7,842 | tokens=106.66M | data=0.2% fwd=24.8% bwd=54.8% opt=0.9%\n"}
,{"stream_name":"stdout","time":2819.22031625,"data":"2026-08-08 16:20:40 step=   6520 | loss=4.3887 | lr=2.00e-04 | tok/s=9,687 | tokens=106.82M | data=0.2% fwd=30.7% bwd=67.7% opt=1.1%\n"}
,{"stream_name":"stdout","time":2836.138019585,"data":"2026-08-08 16:20:57 step=   6530 | loss=4.4014 | lr=2.00e-04 | tok/s=9,685 | tokens=106.99M | data=0.2% fwd=30.7% bwd=67.7% opt=1.1%\n"}
,{"stream_name":"stdout","time":2853.052870373,"data":"2026-08-08 16:21:13 step=   6540 | loss=4.3755 | lr=2.00e-04 | tok/s=9,686 | tokens=107.15M | data=0.2% fwd=30.7% bwd=67.7% opt=1.1%\n"}
,{"stream_name":"stdout","time":2869.965553935,"data":"2026-08-08 16:21:30 step=   6550 | loss=4.3933 | lr=2.00e-04 | tok/s=9,688 | tokens=107.32M | data=0.2% fwd=30.7% bwd=67.7% opt=1.1%\n"}
,{"stream_name":"stdout","time":2886.875838969,"data":"2026-08-08 16:21:47 step=   6560 | loss=4.3891 | lr=2.00e-04 | tok/s=9,689 | tokens=107.48M | data=0.2% fwd=30.6% bwd=67.8% opt=1.1%\n"}
,{"stream_name":"stdout","time":2903.772908534,"data":"2026-08-08 16:22:04 step=   6570 | loss=4.3587 | lr=2.00e-04 | tok/s=9,696 | tokens=107.64M | data=0.2% fwd=30.7% bwd=67.8% opt=1.1%\n"}
,{"stream_name":"stdout","time":2920.654600944,"data":"2026-08-08 16:22:21 step=   6580 | loss=4.3988 | lr=2.00e-04 | tok/s=9,705 | tokens=107.81M | data=0.2% fwd=30.7% bwd=67.8% opt=1.1%\n"}
,{"stream_name":"stdout","time":2937.548854192,"data":"2026-08-08 16:22:38 step=   6590 | loss=4.3760 | lr=2.00e-04 | tok/s=9,698 | tokens=107.97M | data=0.2% fwd=30.7% bwd=67.8% opt=1.1%\n"}
,{"stream_name":"stdout","time":2954.457341046,"data":"2026-08-08 16:22:55 step=   6600 | loss=4.3558 | lr=2.00e-04 | tok/s=9,690 | tokens=108.13M | data=0.2% fwd=30.6% bwd=67.7% opt=1.1%\n"}
,{"stream_name":"stdout","time":2971.366250504,"data":"2026-08-08 16:23:12 step=   6610 | loss=4.3247 | lr=2.00e-04 | tok/s=9,690 | tokens=108.30M | data=0.2% fwd=30.6% bwd=67.7% opt=1.1%\n"}
,{"stream_name":"stdout","time":2988.292831695,"data":"2026-08-08 16:23:29 step=   6620 | loss=4.3552 | lr=2.00e-04 | tok/s=9,680 | tokens=108.46M | data=0.2% fwd=30.7% bwd=67.7% opt=1.1%\n"}
,{"stream_name":"stdout","time":3005.215527694,"data":"2026-08-08 16:23:46 step=   6630 | loss=4.3632 | lr=2.00e-04 | tok/s=9,682 | tokens=108.63M | data=0.2% fwd=30.6% bwd=67.7% opt=1.1%\n"}
,{"stream_name":"stdout","time":3022.135592866,"data":"2026-08-08 16:24:03 step=   6640 | loss=4.3718 | lr=2.00e-04 | tok/s=9,683 | tokens=108.79M | data=0.2% fwd=30.7% bwd=67.7% opt=1.1%\n"}
,{"stream_name":"stdout","time":3039.064340645,"data":"2026-08-08 16:24:19 step=   6650 | loss=4.3090 | lr=2.00e-04 | tok/s=9,678 | tokens=108.95M | data=0.2% fwd=30.7% bwd=67.7% opt=1.1%\n"}
,{"stream_name":"stdout","time":3056.003310321,"data":"2026-08-08 16:24:36 step=   6660 | loss=4.3392 | lr=2.00e-04 | tok/s=9,673 | tokens=109.12M | data=0.2% fwd=30.7% bwd=67.7% opt=1.1%\n"}
,{"stream_name":"stdout","time":3072.938881793,"data":"2026-08-08 16:24:53 step=   6670 | loss=4.3712 | lr=2.00e-04 | tok/s=9,674 | tokens=109.28M | data=0.2% fwd=30.6% bwd=67.7% opt=1.1%\n"}
,{"stream_name":"stdout","time":3089.878877068,"data":"2026-08-08 16:25:10 step=   6680 | loss=4.3695 | lr=2.00e-04 | tok/s=9,672 | tokens=109.45M | data=0.2% fwd=30.7% bwd=67.7% opt=1.1%\n"}
,{"stream_name":"stdout","time":3106.807034761,"data":"2026-08-08 16:25:27 step=   6690 | loss=4.3440 | lr=2.00e-04 | tok/s=9,679 | tokens=109.61M | data=0.2% fwd=30.6% bwd=67.7% opt=1.1%\n"}
,{"stream_name":"stdout","time":3123.752549798,"data":"2026-08-08 16:25:44 step=   6700 | loss=4.3353 | lr=2.00e-04 | tok/s=9,669 | tokens=109.77M | data=0.2% fwd=30.6% bwd=67.6% opt=1.1%\n"}
,{"stream_name":"stdout","time":3140.683641739,"data":"2026-08-08 16:26:01 step=   6710 | loss=4.3457 | lr=2.00e-04 | tok/s=9,677 | tokens=109.94M | data=0.2% fwd=30.6% bwd=67.7% opt=1.1%\n"}
,{"stream_name":"stdout","time":3157.613487205,"data":"2026-08-08 16:26:18 step=   6720 | loss=4.3481 | lr=2.00e-04 | tok/s=9,678 | tokens=110.10M | data=0.2% fwd=30.6% bwd=67.7% opt=1.1%\n"}
,{"stream_name":"stdout","time":3174.552051068,"data":"2026-08-08 16:26:35 step=   6730 | loss=4.3259 | lr=2.00e-04 | tok/s=9,673 | tokens=110.26M | data=0.2% fwd=30.6% bwd=67.7% opt=1.1%\n"}
,{"stream_name":"stdout","time":3191.484712664,"data":"2026-08-08 16:26:52 step=   6740 | loss=4.3251 | lr=2.00e-04 | tok/s=9,676 | tokens=110.43M | data=0.2% fwd=30.6% bwd=67.7% opt=1.1%\n"}
,{"stream_name":"stdout","time":3208.418645753,"data":"2026-08-08 16:27:09 step=   6750 | loss=4.3713 | lr=2.00e-04 | tok/s=9,675 | tokens=110.59M | data=0.2% fwd=30.6% bwd=67.7% opt=1.1%\n"}
,{"stream_name":"stdout","time":3225.354554787,"data":"2026-08-08 16:27:26 step=   6760 | loss=4.3459 | lr=2.00e-04 | tok/s=9,674 | tokens=110.76M | data=0.2% fwd=30.6% bwd=67.7% opt=1.1%\n"}
,{"stream_name":"stdout","time":3242.279413459,"data":"2026-08-08 16:27:43 step=   6770 | loss=4.3722 | lr=2.00e-04 | tok/s=9,681 | tokens=110.92M | data=0.2% fwd=30.6% bwd=67.7% opt=1.1%\n"}
,{"stream_name":"stdout","time":3259.189646868,"data":"2026-08-08 16:28:00 step=   6780 | loss=4.3697 | lr=2.00e-04 | tok/s=9,689 | tokens=111.08M | data=0.2% fwd=30.7% bwd=67.8% opt=1.1%\n"}
,{"stream_name":"stdout","time":3276.0992804,"data":"2026-08-08 16:28:16 step=   6790 | loss=4.3335 | lr=2.00e-04 | tok/s=9,689 | tokens=111.25M | data=0.2% fwd=30.7% bwd=67.8% opt=1.1%\n"}
,{"stream_name":"stdout","time":3293.016875971,"data":"2026-08-08 16:28:33 step=   6800 | loss=4.3393 | lr=2.00e-04 | tok/s=9,685 | tokens=111.41M | data=0.2% fwd=30.6% bwd=67.7% opt=1.1%\n"}
,{"stream_name":"stdout","time":3309.923519457,"data":"2026-08-08 16:28:50 step=   6810 | loss=4.3331 | lr=2.00e-04 | tok/s=9,691 | tokens=111.58M | data=0.2% fwd=30.7% bwd=67.8% opt=1.1%\n"}
,{"stream_name":"stdout","time":3326.828438467,"data":"2026-08-08 16:29:07 step=   6820 | loss=4.3416 | lr=2.00e-04 | tok/s=9,692 | tokens=111.74M | data=0.2% fwd=30.6% bwd=67.8% opt=1.1%\n"}
,{"stream_name":"stdout","time":3343.729456442,"data":"2026-08-08 16:29:24 step=   6830 | loss=4.3432 | lr=2.00e-04 | tok/s=9,694 | tokens=111.90M | data=0.2% fwd=30.7% bwd=67.8% opt=1.1%\n"}
,{"stream_name":"stdout","time":3360.632294154,"data":"2026-08-08 16:29:41 step=   6840 | loss=4.3439 | lr=2.00e-04 | tok/s=9,693 | tokens=112.07M | data=0.2% fwd=30.7% bwd=67.8% opt=1.1%\n"}
,{"stream_name":"stdout","time":3377.537522872,"data":"2026-08-08 16:29:58 step=   6850 | loss=4.3397 | lr=2.00e-04 | tok/s=9,692 | tokens=112.23M | data=0.2% fwd=30.6% bwd=67.8% opt=1.1%\n"}
,{"stream_name":"stdout","time":3394.442617209,"data":"2026-08-08 16:30:15 step=   6860 | loss=4.3354 | lr=2.00e-04 | tok/s=9,692 | tokens=112.39M | data=0.2% fwd=30.7% bwd=67.8% opt=1.1%\n"}
,{"stream_name":"stdout","time":3411.348776438,"data":"2026-08-08 16:30:32 step=   6870 | loss=4.3514 | lr=2.00e-04 | tok/s=9,691 | tokens=112.56M | data=0.2% fwd=30.7% bwd=67.8% opt=1.1%\n"}
,{"stream_name":"stdout","time":3428.24465898,"data":"2026-08-08 16:30:49 step=   6880 | loss=4.3374 | lr=2.00e-04 | tok/s=9,697 | tokens=112.72M | data=0.2% fwd=30.7% bwd=67.8% opt=1.1%\n"}
,{"stream_name":"stdout","time":3445.157584144,"data":"2026-08-08 16:31:06 step=   6890 | loss=4.2917 | lr=2.00e-04 | tok/s=9,687 | tokens=112.89M | data=0.2% fwd=30.7% bwd=67.7% opt=1.1%\n"}
,{"stream_name":"stdout","time":3462.073864605,"data":"2026-08-08 16:31:22 step=   6900 | loss=4.3185 | lr=2.00e-04 | tok/s=9,685 | tokens=113.05M | data=0.2% fwd=30.6% bwd=67.7% opt=1.1%\n"}
,{"stream_name":"stdout","time":3478.978666659,"data":"2026-08-08 16:31:39 step=   6910 | loss=4.3216 | lr=2.00e-04 | tok/s=9,692 | tokens=113.21M | data=0.2% fwd=30.7% bwd=67.8% opt=1.1%\n"}
,{"stream_name":"stdout","time":3495.883028388,"data":"2026-08-08 16:31:56 step=   6920 | loss=4.3133 | lr=2.00e-04 | tok/s=9,692 | tokens=113.38M | data=0.2% fwd=30.7% bwd=67.8% opt=1.1%\n"}
,{"stream_name":"stdout","time":3512.787726682,"data":"2026-08-08 16:32:13 step=   6930 | loss=4.2873 | lr=2.00e-04 | tok/s=9,692 | tokens=113.54M | data=0.2% fwd=30.7% bwd=67.8% opt=1.1%\n"}
,{"stream_name":"stdout","time":3529.692006411,"data":"2026-08-08 16:32:30 step=   6940 | loss=4.3153 | lr=2.00e-04 | tok/s=9,692 | tokens=113.70M | data=0.2% fwd=30.7% bwd=67.8% opt=1.1%\n"}
,{"stream_name":"stdout","time":3546.596011853,"data":"2026-08-08 16:32:47 step=   6950 | loss=4.2779 | lr=2.00e-04 | tok/s=9,692 | tokens=113.87M | data=0.2% fwd=30.7% bwd=67.8% opt=1.1%\n"}
,{"stream_name":"stdout","time":3563.504740516,"data":"2026-08-08 16:33:04 step=   6960 | loss=4.2850 | lr=2.00e-04 | tok/s=9,690 | tokens=114.03M | data=0.2% fwd=30.7% bwd=67.8% opt=1.1%\n"}
,{"stream_name":"stdout","time":3580.414744566,"data":"2026-08-08 16:33:21 step=   6970 | loss=4.3280 | lr=2.00e-04 | tok/s=9,689 | tokens=114.20M | data=0.2% fwd=30.7% bwd=67.8% opt=1.1%\n"}
,{"stream_name":"stdout","time":3597.318811429,"data":"2026-08-08 16:33:38 step=   6980 | loss=4.3430 | lr=2.00e-04 | tok/s=9,692 | tokens=114.36M | data=0.2% fwd=30.7% bwd=67.8% opt=1.1%\n"}
,{"stream_name":"stdout","time":3614.229361639,"data":"2026-08-08 16:33:55 step=   6990 | loss=4.3162 | lr=2.00e-04 | tok/s=9,689 | tokens=114.52M | data=0.2% fwd=30.7% bwd=67.7% opt=1.1%\n"}
,{"stream_name":"stdout","time":3631.154117468,"data":"2026-08-08 16:34:12 step=   7000 | loss=4.3189 | lr=2.00e-04 | tok/s=9,681 | tokens=114.69M | data=0.2% fwd=30.6% bwd=67.7% opt=1.2%\n"}
,{"stream_name":"stdout","time":3635.147053498,"data":"2026-08-08 16:34:16 eval step=   7000 | val_loss=4.1749 | batches=64\n"}
,{"stream_name":"stdout","time":3652.057298524,"data":"2026-08-08 16:34:32 step=   7010 | loss=4.3283 | lr=2.00e-04 | tok/s=7,838 | tokens=114.85M | data=0.1% fwd=24.8% bwd=54.8% opt=0.9%\n"}
,{"stream_name":"stdout","time":3668.965929905,"data":"2026-08-08 16:34:49 step=   7020 | loss=4.2863 | lr=2.00e-04 | tok/s=9,690 | tokens=115.02M | data=0.2% fwd=30.7% bwd=67.8% opt=1.1%\n"}
,{"stream_name":"stdout","time":3685.874270176,"data":"2026-08-08 16:35:06 step=   7030 | loss=4.2840 | lr=2.00e-04 | tok/s=9,690 | tokens=115.18M | data=0.2% fwd=30.7% bwd=67.8% opt=1.1%\n"}
,{"stream_name":"stdout","time":3702.786509499,"data":"2026-08-08 16:35:23 step=   7040 | loss=4.2963 | lr=2.00e-04 | tok/s=9,688 | tokens=115.34M | data=0.2% fwd=30.7% bwd=67.7% opt=1.1%\n"}
,{"stream_name":"stdout","time":3719.703124632,"data":"2026-08-08 16:35:40 step=   7050 | loss=4.3289 | lr=2.00e-04 | tok/s=9,685 | tokens=115.51M | data=0.2% fwd=30.7% bwd=67.8% opt=1.1%\n"}
,{"stream_name":"stdout","time":3736.614040777,"data":"2026-08-08 16:35:57 step=   7060 | loss=4.2820 | lr=2.00e-04 | tok/s=9,689 | tokens=115.67M | data=0.2% fwd=30.7% bwd=67.8% opt=1.1%\n"}
,{"stream_name":"stdout","time":3753.525520999,"data":"2026-08-08 16:36:14 step=   7070 | loss=4.3105 | lr=2.00e-04 | tok/s=9,688 | tokens=115.83M | data=0.2% fwd=30.7% bwd=67.8% opt=1.1%\n"}
,{"stream_name":"stdout","time":3770.439811465,"data":"2026-08-08 16:36:31 step=   7080 | loss=4.2982 | lr=2.00e-04 | tok/s=9,687 | tokens=116.00M | data=0.2% fwd=30.6% bwd=67.8% opt=1.1%\n"}
,{"stream_name":"stdout","time":3787.37445868,"data":"2026-08-08 16:36:48 step=   7090 | loss=4.2924 | lr=2.00e-04 | tok/s=9,675 | tokens=116.16M | data=0.2% fwd=30.7% bwd=67.7% opt=1.1%\n"}
,{"stream_name":"stdout","time":3804.314488932,"data":"2026-08-08 16:37:05 step=   7100 | loss=4.3612 | lr=2.00e-04 | tok/s=9,672 | tokens=116.33M | data=0.2% fwd=30.6% bwd=67.7% opt=1.1%\n"}
,{"stream_name":"stdout","time":3821.241053961,"data":"2026-08-08 16:37:22 step=   7110 | loss=4.2814 | lr=2.00e-04 | tok/s=9,680 | tokens=116.49M | data=0.2% fwd=30.6% bwd=67.7% opt=1.1%\n"}
,{"stream_name":"stdout","time":3838.166222073,"data":"2026-08-08 16:37:39 step=   7120 | loss=4.2909 | lr=2.00e-04 | tok/s=9,680 | tokens=116.65M | data=0.2% fwd=30.7% bwd=67.7% opt=1.1%\n"}
,{"stream_name":"stdout","time":3855.093162192,"data":"2026-08-08 16:37:55 step=   7130 | loss=4.2999 | lr=2.00e-04 | tok/s=9,679 | tokens=116.82M | data=0.2% fwd=30.7% bwd=67.7% opt=1.1%\n"}
,{"stream_name":"stdout","time":3872.023275652,"data":"2026-08-08 16:38:12 step=   7140 | loss=4.2868 | lr=2.00e-04 | tok/s=9,678 | tokens=116.98M | data=0.2% fwd=30.6% bwd=67.7% opt=1.1%\n"}
,{"stream_name":"stdout","time":3888.945725422,"data":"2026-08-08 16:38:29 step=   7150 | loss=4.2948 | lr=2.00e-04 | tok/s=9,682 | tokens=117.15M | data=0.2% fwd=30.7% bwd=67.7% opt=1.1%\n"}
,{"stream_name":"stdout","time":3905.857777366,"data":"2026-08-08 16:38:46 step=   7160 | loss=4.2729 | lr=2.00e-04 | tok/s=9,687 | tokens=117.31M | data=0.2% fwd=30.7% bwd=67.8% opt=1.1%\n"}
,{"stream_name":"stdout","time":3922.767071855,"data":"2026-08-08 16:39:03 step=   7170 | loss=4.2608 | lr=2.00e-04 | tok/s=9,689 | tokens=117.47M | data=0.2% fwd=30.7% bwd=67.8% opt=1.1%\n"}
,{"stream_name":"stdout","time":3939.682802503,"data":"2026-08-08 16:39:20 step=   7180 | loss=4.3261 | lr=2.00e-04 | tok/s=9,686 | tokens=117.64M | data=0.2% fwd=30.7% bwd=67.8% opt=1.1%\n"}
,{"stream_name":"stdout","time":3956.61711818,"data":"2026-08-08 16:39:37 step=   7190 | loss=4.2969 | lr=2.00e-04 | tok/s=9,675 | tokens=117.80M | data=0.2% fwd=30.6% bwd=67.7% opt=1.1%\n"}
,{"stream_name":"stdout","time":3973.548307676,"data":"2026-08-08 16:39:54 step=   7200 | loss=4.3129 | lr=2.00e-04 | tok/s=9,677 | tokens=117.96M | data=0.2% fwd=30.6% bwd=67.7% opt=1.1%\n"}
,{"stream_name":"stdout","time":3990.4718304,"data":"2026-08-08 16:40:11 step=   7210 | loss=4.2839 | lr=2.00e-04 | tok/s=9,681 | tokens=118.13M | data=0.2% fwd=30.6% bwd=67.7% opt=1.1%\n"}
,{"stream_name":"stdout","time":4007.400487921,"data":"2026-08-08 16:40:28 step=   7220 | loss=4.2779 | lr=2.00e-04 | tok/s=9,678 | tokens=118.29M | data=0.2% fwd=30.7% bwd=67.7% opt=1.1%\n"}
,{"stream_name":"stdout","time":4024.326716858,"data":"2026-08-08 16:40:45 step=   7230 | loss=4.2709 | lr=2.00e-04 | tok/s=9,680 | tokens=118.46M | data=0.2% fwd=30.7% bwd=67.7% opt=1.1%\n"}
,{"stream_name":"stdout","time":4041.259958195,"data":"2026-08-08 16:41:02 step=   7240 | loss=4.2538 | lr=2.00e-04 | tok/s=9,676 | tokens=118.62M | data=0.2% fwd=30.7% bwd=67.7% opt=1.1%\n"}
,{"stream_name":"stdout","time":4058.19008922,"data":"2026-08-08 16:41:19 step=   7250 | loss=4.2656 | lr=2.00e-04 | tok/s=9,678 | tokens=118.78M | data=0.2% fwd=30.7% bwd=67.7% opt=1.1%\n"}
,{"stream_name":"stdout","time":4075.12524076,"data":"2026-08-08 16:41:36 step=   7260 | loss=4.2813 | lr=2.00e-04 | tok/s=9,675 | tokens=118.95M | data=0.2% fwd=30.7% bwd=67.7% opt=1.1%\n"}
,{"stream_name":"stdout","time":4092.060048459,"data":"2026-08-08 16:41:52 step=   7270 | loss=4.2388 | lr=2.00e-04 | tok/s=9,675 | tokens=119.11M | data=0.2% fwd=30.7% bwd=67.7% opt=1.1%\n"}
,{"stream_name":"stdout","time":4108.984294989,"data":"2026-08-08 16:42:09 step=   7280 | loss=4.2786 | lr=2.00e-04 | tok/s=9,681 | tokens=119.28M | data=0.2% fwd=30.7% bwd=67.7% opt=1.1%\n"}
,{"stream_name":"stdout","time":4125.898027461,"data":"2026-08-08 16:42:26 step=   7290 | loss=4.2375 | lr=2.00e-04 | tok/s=9,687 | tokens=119.44M | data=0.2% fwd=30.6% bwd=67.8% opt=1.1%\n"}
,{"stream_name":"stdout","time":4142.836181254,"data":"2026-08-08 16:42:43 step=   7300 | loss=4.2824 | lr=2.00e-04 | tok/s=9,673 | tokens=119.60M | data=0.2% fwd=30.6% bwd=67.7% opt=1.1%\n"}
,{"stream_name":"stdout","time":4159.769200443,"data":"2026-08-08 16:43:00 step=   7310 | loss=4.2795 | lr=2.00e-04 | tok/s=9,676 | tokens=119.77M | data=0.2% fwd=30.7% bwd=67.7% opt=1.1%\n"}
,{"stream_name":"stdout","time":4176.700307732,"data":"2026-08-08 16:43:17 step=   7320 | loss=4.2459 | lr=2.00e-04 | tok/s=9,677 | tokens=119.93M | data=0.2% fwd=30.7% bwd=67.7% opt=1.1%\n"}
,{"stream_name":"stdout","time":4193.636145626,"data":"2026-08-08 16:43:34 step=   7330 | loss=4.2673 | lr=2.00e-04 | tok/s=9,674 | tokens=120.09M | data=0.2% fwd=30.6% bwd=67.7% opt=1.1%\n"}
,{"stream_name":"stdout","time":4210.565022328,"data":"2026-08-08 16:43:51 step=   7340 | loss=4.1903 | lr=2.00e-04 | tok/s=9,678 | tokens=120.26M | data=0.2% fwd=30.7% bwd=67.7% opt=1.1%\n"}
,{"stream_name":"stdout","time":4227.497251492,"data":"2026-08-08 16:44:08 step=   7350 | loss=4.2653 | lr=2.00e-04 | tok/s=9,676 | tokens=120.42M | data=0.2% fwd=30.7% bwd=67.7% opt=1.1%\n"}
,{"stream_name":"stdout","time":4244.426544812,"data":"2026-08-08 16:44:25 step=   7360 | loss=4.2589 | lr=2.00e-04 | tok/s=9,678 | tokens=120.59M | data=0.2% fwd=30.7% bwd=67.7% opt=1.1%\n"}
,{"stream_name":"stdout","time":4261.355410836,"data":"2026-08-08 16:44:42 step=   7370 | loss=4.2458 | lr=2.00e-04 | tok/s=9,678 | tokens=120.75M | data=0.2% fwd=30.6% bwd=67.7% opt=1.1%\n"}
,{"stream_name":"stdout","time":4278.289340431,"data":"2026-08-08 16:44:59 step=   7380 | loss=4.3035 | lr=2.00e-04 | tok/s=9,675 | tokens=120.91M | data=0.2% fwd=30.6% bwd=67.7% opt=1.1%\n"}
,{"stream_name":"stdout","time":4295.21545204,"data":"2026-08-08 16:45:16 step=   7390 | loss=4.2597 | lr=2.00e-04 | tok/s=9,680 | tokens=121.08M | data=0.2% fwd=30.7% bwd=67.7% opt=1.1%\n"}
,{"stream_name":"stdout","time":4312.156462933,"data":"2026-08-08 16:45:33 step=   7400 | loss=4.2303 | lr=2.00e-04 | tok/s=9,671 | tokens=121.24M | data=0.2% fwd=30.6% bwd=67.7% opt=1.1%\n"}
,{"stream_name":"stdout","time":4329.089232236,"data":"2026-08-08 16:45:49 step=   7410 | loss=4.2433 | lr=2.00e-04 | tok/s=9,676 | tokens=121.41M | data=0.2% fwd=30.6% bwd=67.7% opt=1.1%\n"}
,{"stream_name":"stdout","time":4346.022337286,"data":"2026-08-08 16:46:06 step=   7420 | loss=4.2624 | lr=2.00e-04 | tok/s=9,676 | tokens=121.57M | data=0.2% fwd=30.7% bwd=67.7% opt=1.1%\n"}
,{"stream_name":"stdout","time":4362.951524315,"data":"2026-08-08 16:46:23 step=   7430 | loss=4.2571 | lr=2.00e-04 | tok/s=9,678 | tokens=121.73M | data=0.2% fwd=30.7% bwd=67.7% opt=1.1%\n"}
,{"stream_name":"stdout","time":4379.880571601,"data":"2026-08-08 16:46:40 step=   7440 | loss=4.2379 | lr=2.00e-04 | tok/s=9,678 | tokens=121.90M | data=0.2% fwd=30.7% bwd=67.7% opt=1.1%\n"}
,{"stream_name":"stdout","time":4396.813404678,"data":"2026-08-08 16:46:57 step=   7450 | loss=4.2505 | lr=2.00e-04 | tok/s=9,676 | tokens=122.06M | data=0.2% fwd=30.7% bwd=67.7% opt=1.1%\n"}
,{"stream_name":"stdout","time":4413.741238012,"data":"2026-08-08 16:47:14 step=   7460 | loss=4.2556 | lr=2.00e-04 | tok/s=9,679 | tokens=122.22M | data=0.2% fwd=30.7% bwd=67.7% opt=1.1%\n"}
,{"stream_name":"stdout","time":4430.667452756,"data":"2026-08-08 16:47:31 step=   7470 | loss=4.2043 | lr=2.00e-04 | tok/s=9,680 | tokens=122.39M | data=0.2% fwd=30.7% bwd=67.7% opt=1.1%\n"}
,{"stream_name":"stdout","time":4447.604416295,"data":"2026-08-08 16:47:48 step=   7480 | loss=4.2688 | lr=2.00e-04 | tok/s=9,674 | tokens=122.55M | data=0.2% fwd=30.7% bwd=67.7% opt=1.1%\n"}
,{"stream_name":"stdout","time":4464.540687677,"data":"2026-08-08 16:48:05 step=   7490 | loss=4.2284 | lr=2.00e-04 | tok/s=9,674 | tokens=122.72M | data=0.2% fwd=30.7% bwd=67.7% opt=1.1%\n"}
,{"stream_name":"stdout","time":4481.476258797,"data":"2026-08-08 16:48:22 step=   7500 | loss=4.2611 | lr=2.00e-04 | tok/s=9,674 | tokens=122.88M | data=0.2% fwd=30.6% bwd=67.7% opt=1.1%\n"}
,{"stream_name":"stdout","time":4483.945756199,"data":"2026-08-08 16:48:24 Checkpoint saved: /kaggle/working/glyph100-v242-p100-5k-to-10k-001/continuation/checkpoints/step_0007500.pt (loss=4.3784)\n"}
,{"stream_name":"stdout","time":4487.946850031,"data":"2026-08-08 16:48:28 eval step=   7500 | val_loss=4.1136 | batches=64\n"}
,{"stream_name":"stdout","time":4504.888902426,"data":"2026-08-08 16:48:45 step=   7510 | loss=4.2303 | lr=2.00e-04 | tok/s=6,998 | tokens=123.04M | data=0.1% fwd=22.2% bwd=49.0% opt=0.8%\n"}
,{"stream_name":"stdout","time":4521.825021918,"data":"2026-08-08 16:49:02 step=   7520 | loss=4.2363 | lr=2.00e-04 | tok/s=9,674 | tokens=123.21M | data=0.2% fwd=30.7% bwd=67.7% opt=1.1%\n"}
,{"stream_name":"stdout","time":4538.773575133,"data":"2026-08-08 16:49:19 step=   7530 | loss=4.2613 | lr=2.00e-04 | tok/s=9,667 | tokens=123.37M | data=0.2% fwd=30.6% bwd=67.7% opt=1.1%\n"}
,{"stream_name":"stdout","time":4555.725297952,"data":"2026-08-08 16:49:36 step=   7540 | loss=4.2699 | lr=2.00e-04 | tok/s=9,665 | tokens=123.54M | data=0.2% fwd=30.7% bwd=67.7% opt=1.1%\n"}
,{"stream_name":"stdout","time":4572.673380433,"data":"2026-08-08 16:49:53 step=   7550 | loss=4.2438 | lr=2.00e-04 | tok/s=9,667 | tokens=123.70M | data=0.2% fwd=30.6% bwd=67.7% opt=1.1%\n"}
,{"stream_name":"stdout","time":4589.62627889,"data":"2026-08-08 16:50:10 step=   7560 | loss=4.2396 | lr=2.00e-04 | tok/s=9,665 | tokens=123.86M | data=0.2% fwd=30.6% bwd=67.7% opt=1.1%\n"}
,{"stream_name":"stdout","time":4606.575757321,"data":"2026-08-08 16:50:27 step=   7570 | loss=4.2465 | lr=2.00e-04 | tok/s=9,666 | tokens=124.03M | data=0.2% fwd=30.7% bwd=67.7% opt=1.1%\n"}
,{"stream_name":"stdout","time":4623.530157911,"data":"2026-08-08 16:50:44 step=   7580 | loss=4.2676 | lr=2.00e-04 | tok/s=9,664 | tokens=124.19M | data=0.2% fwd=30.6% bwd=67.7% opt=1.1%\n"}
,{"stream_name":"stdout","time":4640.468202899,"data":"2026-08-08 16:51:01 step=   7590 | loss=4.2424 | lr=2.00e-04 | tok/s=9,673 | tokens=124.35M | data=0.2% fwd=30.6% bwd=67.7% opt=1.1%\n"}
,{"stream_name":"stdout","time":4657.412607192,"data":"2026-08-08 16:51:18 step=   7600 | loss=4.2040 | lr=2.00e-04 | tok/s=9,669 | tokens=124.52M | data=0.2% fwd=30.6% bwd=67.7% opt=1.1%\n"}
,{"stream_name":"stdout","time":4674.344462459,"data":"2026-08-08 16:51:35 step=   7610 | loss=4.2258 | lr=2.00e-04 | tok/s=9,677 | tokens=124.68M | data=0.2% fwd=30.7% bwd=67.7% opt=1.1%\n"}
,{"stream_name":"stdout","time":4691.279011618,"data":"2026-08-08 16:51:52 step=   7620 | loss=4.2320 | lr=2.00e-04 | tok/s=9,675 | tokens=124.85M | data=0.2% fwd=30.6% bwd=67.7% opt=1.1%\n"}
,{"stream_name":"stdout","time":4708.218197409,"data":"2026-08-08 16:52:09 step=   7630 | loss=4.2601 | lr=2.00e-04 | tok/s=9,672 | tokens=125.01M | data=0.2% fwd=30.7% bwd=67.7% opt=1.1%\n"}
,{"stream_name":"stdout","time":4725.15715546,"data":"2026-08-08 16:52:26 step=   7640 | loss=4.2198 | lr=2.00e-04 | tok/s=9,672 | tokens=125.17M | data=0.2% fwd=30.6% bwd=67.7% opt=1.1%\n"}
,{"stream_name":"stdout","time":4742.088866074,"data":"2026-08-08 16:52:42 step=   7650 | loss=4.2361 | lr=2.00e-04 | tok/s=9,677 | tokens=125.34M | data=0.2% fwd=30.6% bwd=67.7% opt=1.1%\n"}
,{"stream_name":"stdout","time":4759.020488217,"data":"2026-08-08 16:52:59 step=   7660 | loss=4.2529 | lr=2.00e-04 | tok/s=9,677 | tokens=125.50M | data=0.2% fwd=30.6% bwd=67.7% opt=1.1%\n"}
,{"stream_name":"stdout","time":4775.956737539,"data":"2026-08-08 16:53:16 step=   7670 | loss=4.2686 | lr=2.00e-04 | tok/s=9,674 | tokens=125.67M | data=0.2% fwd=30.7% bwd=67.7% opt=1.1%\n"}
,{"stream_name":"stdout","time":4792.884690796,"data":"2026-08-08 16:53:33 step=   7680 | loss=4.2100 | lr=2.00e-04 | tok/s=9,679 | tokens=125.83M | data=0.2% fwd=30.6% bwd=67.7% opt=1.1%\n"}
,{"stream_name":"stdout","time":4809.82225972,"data":"2026-08-08 16:53:50 step=   7690 | loss=4.2409 | lr=2.00e-04 | tok/s=9,673 | tokens=125.99M | data=0.2% fwd=30.7% bwd=67.7% opt=1.1%\n"}
,{"stream_name":"stdout","time":4826.767873332,"data":"2026-08-08 16:54:07 step=   7700 | loss=4.2445 | lr=2.00e-04 | tok/s=9,669 | tokens=126.16M | data=0.2% fwd=30.7% bwd=67.7% opt=1.1%\n"}
,{"stream_name":"stdout","time":4843.693521302,"data":"2026-08-08 16:54:24 step=   7710 | loss=4.2312 | lr=2.00e-04 | tok/s=9,680 | tokens=126.32M | data=0.2% fwd=30.7% bwd=67.7% opt=1.1%\n"}
,{"stream_name":"stdout","time":4860.624382439,"data":"2026-08-08 16:54:41 step=   7720 | loss=4.2211 | lr=2.00e-04 | tok/s=9,677 | tokens=126.48M | data=0.2% fwd=30.7% bwd=67.7% opt=1.1%\n"}
,{"stream_name":"stdout","time":4877.556762542,"data":"2026-08-08 16:54:58 step=   7730 | loss=4.2143 | lr=2.00e-04 | tok/s=9,676 | tokens=126.65M | data=0.2% fwd=30.6% bwd=67.7% opt=1.1%\n"}
,{"stream_name":"stdout","time":4894.492802605,"data":"2026-08-08 16:55:15 step=   7740 | loss=4.2200 | lr=2.00e-04 | tok/s=9,674 | tokens=126.81M | data=0.2% fwd=30.7% bwd=67.7% opt=1.1%\n"}
,{"stream_name":"stdout","time":4911.422947977,"data":"2026-08-08 16:55:32 step=   7750 | loss=4.2238 | lr=2.00e-04 | tok/s=9,678 | tokens=126.98M | data=0.2% fwd=30.7% bwd=67.7% opt=1.1%\n"}
,{"stream_name":"stdout","time":4928.356631208,"data":"2026-08-08 16:55:49 step=   7760 | loss=4.1947 | lr=2.00e-04 | tok/s=9,676 | tokens=127.14M | data=0.2% fwd=30.7% bwd=67.7% opt=1.1%\n"}
,{"stream_name":"stdout","time":4945.289472522,"data":"2026-08-08 16:56:06 step=   7770 | loss=4.2137 | lr=2.00e-04 | tok/s=9,676 | tokens=127.30M | data=0.2% fwd=30.7% bwd=67.7% opt=1.1%\n"}
,{"stream_name":"stdout","time":4962.221624531,"data":"2026-08-08 16:56:23 step=   7780 | loss=4.2421 | lr=2.00e-04 | tok/s=9,676 | tokens=127.47M | data=0.2% fwd=30.6% bwd=67.7% opt=1.1%\n"}
,{"stream_name":"stdout","time":4979.152634894,"data":"2026-08-08 16:56:40 step=   7790 | loss=4.2047 | lr=2.00e-04 | tok/s=9,677 | tokens=127.63M | data=0.2% fwd=30.7% bwd=67.7% opt=1.1%\n"}
,{"stream_name":"stdout","time":4996.100487528,"data":"2026-08-08 16:56:56 step=   7800 | loss=4.1914 | lr=2.00e-04 | tok/s=9,667 | tokens=127.80M | data=0.2% fwd=30.6% bwd=67.7% opt=1.1%\n"}
,{"stream_name":"stdout","time":5013.038962244,"data":"2026-08-08 16:57:13 step=   7810 | loss=4.2087 | lr=2.00e-04 | tok/s=9,673 | tokens=127.96M | data=0.2% fwd=30.7% bwd=67.7% opt=1.1%\n"}
,{"stream_name":"stdout","time":5029.976161556,"data":"2026-08-08 16:57:30 step=   7820 | loss=4.2067 | lr=2.00e-04 | tok/s=9,674 | tokens=128.12M | data=0.2% fwd=30.7% bwd=67.7% opt=1.1%\n"}
,{"stream_name":"stdout","time":5046.911848854,"data":"2026-08-08 16:57:47 step=   7830 | loss=4.1857 | lr=2.00e-04 | tok/s=9,674 | tokens=128.29M | data=0.2% fwd=30.7% bwd=67.7% opt=1.1%\n"}
,{"stream_name":"stdout","time":5063.849908014,"data":"2026-08-08 16:58:04 step=   7840 | loss=4.1837 | lr=2.00e-04 | tok/s=9,673 | tokens=128.45M | data=0.2% fwd=30.7% bwd=67.7% opt=1.1%\n"}
,{"stream_name":"stdout","time":5080.782630145,"data":"2026-08-08 16:58:21 step=   7850 | loss=4.1984 | lr=2.00e-04 | tok/s=9,676 | tokens=128.61M | data=0.2% fwd=30.6% bwd=67.7% opt=1.1%\n"}
,{"stream_name":"stdout","time":5097.717320818,"data":"2026-08-08 16:58:38 step=   7860 | loss=4.1758 | lr=2.00e-04 | tok/s=9,675 | tokens=128.78M | data=0.2% fwd=30.7% bwd=67.7% opt=1.1%\n"}
,{"stream_name":"stdout","time":5114.652710266,"data":"2026-08-08 16:58:55 step=   7870 | loss=4.2267 | lr=2.00e-04 | tok/s=9,674 | tokens=128.94M | data=0.2% fwd=30.7% bwd=67.7% opt=1.1%\n"}
,{"stream_name":"stdout","time":5131.583818456,"data":"2026-08-08 16:59:12 step=   7880 | loss=4.2283 | lr=2.00e-04 | tok/s=9,677 | tokens=129.11M | data=0.2% fwd=30.7% bwd=67.7% opt=1.1%\n"}
,{"stream_name":"stdout","time":5148.516939309,"data":"2026-08-08 16:59:29 step=   7890 | loss=4.2174 | lr=2.00e-04 | tok/s=9,676 | tokens=129.27M | data=0.2% fwd=30.7% bwd=67.7% opt=1.1%\n"}
,{"stream_name":"stdout","time":5165.470346579,"data":"2026-08-08 16:59:46 step=   7900 | loss=4.1905 | lr=2.00e-04 | tok/s=9,664 | tokens=129.43M | data=0.2% fwd=30.7% bwd=67.7% opt=1.1%\n"}
,{"stream_name":"stdout","time":5182.417518603,"data":"2026-08-08 17:00:03 step=   7910 | loss=4.1923 | lr=2.00e-04 | tok/s=9,668 | tokens=129.60M | data=0.2% fwd=30.7% bwd=67.7% opt=1.1%\n"}
,{"stream_name":"stdout","time":5199.359246649,"data":"2026-08-08 17:00:20 step=   7920 | loss=4.1806 | lr=2.00e-04 | tok/s=9,671 | tokens=129.76M | data=0.2% fwd=30.7% bwd=67.7% opt=1.1%\n"}
,{"stream_name":"stdout","time":5216.291996722,"data":"2026-08-08 17:00:37 step=   7930 | loss=4.1922 | lr=2.00e-04 | tok/s=9,676 | tokens=129.93M | data=0.2% fwd=30.6% bwd=67.7% opt=1.1%\n"}
,{"stream_name":"stdout","time":5233.236656214,"data":"2026-08-08 17:00:54 step=   7940 | loss=4.1566 | lr=2.00e-04 | tok/s=9,669 | tokens=130.09M | data=0.2% fwd=30.7% bwd=67.7% opt=1.1%\n"}
,{"stream_name":"stdout","time":5250.177272285,"data":"2026-08-08 17:01:11 step=   7950 | loss=4.1966 | lr=2.00e-04 | tok/s=9,672 | tokens=130.25M | data=0.2% fwd=30.7% bwd=67.7% opt=1.1%\n"}
,{"stream_name":"stdout","time":5267.11786146,"data":"2026-08-08 17:01:28 step=   7960 | loss=4.1814 | lr=2.00e-04 | tok/s=9,672 | tokens=130.42M | data=0.2% fwd=30.7% bwd=67.7% opt=1.1%\n"}
,{"stream_name":"stdout","time":5284.066633323,"data":"2026-08-08 17:01:44 step=   7970 | loss=4.2090 | lr=2.00e-04 | tok/s=9,667 | tokens=130.58M | data=0.2% fwd=30.6% bwd=67.7% opt=1.1%\n"}
,{"stream_name":"stdout","time":5301.016731091,"data":"2026-08-08 17:02:01 step=   7980 | loss=4.1941 | lr=2.00e-04 | tok/s=9,666 | tokens=130.74M | data=0.2% fwd=30.7% bwd=67.7% opt=1.1%\n"}
,{"stream_name":"stdout","time":5317.966004386,"data":"2026-08-08 17:02:18 step=   7990 | loss=4.1454 | lr=2.00e-04 | tok/s=9,667 | tokens=130.91M | data=0.2% fwd=30.7% bwd=67.7% opt=1.1%\n"}
,{"stream_name":"stdout","time":5334.931063094,"data":"2026-08-08 17:02:35 step=   8000 | loss=4.1846 | lr=2.00e-04 | tok/s=9,658 | tokens=131.07M | data=0.2% fwd=30.6% bwd=67.6% opt=1.1%\n"}
,{"stream_name":"stdout","time":5338.935037364,"data":"2026-08-08 17:02:39 eval step=   8000 | val_loss=4.0573 | batches=64\n"}
,{"stream_name":"stdout","time":5355.882287996,"data":"2026-08-08 17:02:56 step=   8010 | loss=4.1684 | lr=2.00e-04 | tok/s=7,820 | tokens=131.24M | data=0.2% fwd=24.8% bwd=54.8% opt=0.9%\n"}
,{"stream_name":"stdout","time":5372.829801548,"data":"2026-08-08 17:03:13 step=   8020 | loss=4.1891 | lr=2.00e-04 | tok/s=9,668 | tokens=131.40M | data=0.2% fwd=30.6% bwd=67.7% opt=1.1%\n"}
,{"stream_name":"stdout","time":5389.77272232,"data":"2026-08-08 17:03:30 step=   8030 | loss=4.1810 | lr=2.00e-04 | tok/s=9,670 | tokens=131.56M | data=0.2% fwd=30.7% bwd=67.7% opt=1.1%\n"}
,{"stream_name":"stdout","time":5406.713853207,"data":"2026-08-08 17:03:47 step=   8040 | loss=4.2134 | lr=2.00e-04 | tok/s=9,671 | tokens=131.73M | data=0.2% fwd=30.7% bwd=67.7% opt=1.1%\n"}
,{"stream_name":"stdout","time":5423.655623032,"data":"2026-08-08 17:04:04 step=   8050 | loss=4.1701 | lr=2.00e-04 | tok/s=9,671 | tokens=131.89M | data=0.2% fwd=30.7% bwd=67.7% opt=1.1%\n"}
,{"stream_name":"stdout","time":5440.596602104,"data":"2026-08-08 17:04:21 step=   8060 | loss=4.1756 | lr=2.00e-04 | tok/s=9,671 | tokens=132.06M | data=0.2% fwd=30.7% bwd=67.7% opt=1.1%\n"}
,{"stream_name":"stdout","time":5457.543289677,"data":"2026-08-08 17:04:38 step=   8070 | loss=4.1738 | lr=2.00e-04 | tok/s=9,668 | tokens=132.22M | data=0.2% fwd=30.7% bwd=67.7% opt=1.1%\n"}
,{"stream_name":"stdout","time":5474.488917675,"data":"2026-08-08 17:04:55 step=   8080 | loss=4.1651 | lr=2.00e-04 | tok/s=9,669 | tokens=132.38M | data=0.2% fwd=30.7% bwd=67.7% opt=1.1%\n"}
,{"stream_name":"stdout","time":5491.428987639,"data":"2026-08-08 17:05:12 step=   8090 | loss=4.1947 | lr=2.00e-04 | tok/s=9,672 | tokens=132.55M | data=0.2% fwd=30.7% bwd=67.7% opt=1.1%\n"}
,{"stream_name":"stdout","time":5508.3831838,"data":"2026-08-08 17:05:29 step=   8100 | loss=4.1915 | lr=2.00e-04 | tok/s=9,664 | tokens=132.71M | data=0.2% fwd=30.6% bwd=67.7% opt=1.1%\n"}
,{"stream_name":"stdout","time":5525.316326815,"data":"2026-08-08 17:05:46 step=   8110 | loss=4.1649 | lr=2.00e-04 | tok/s=9,676 | tokens=132.87M | data=0.2% fwd=30.7% bwd=67.7% opt=1.1%\n"}
,{"stream_name":"stdout","time":5542.247319738,"data":"2026-08-08 17:06:03 step=   8120 | loss=4.1562 | lr=2.00e-04 | tok/s=9,677 | tokens=133.04M | data=0.2% fwd=30.7% bwd=67.7% opt=1.1%\n"}
,{"stream_name":"stdout","time":5559.185720879,"data":"2026-08-08 17:06:20 step=   8130 | loss=4.2182 | lr=2.00e-04 | tok/s=9,673 | tokens=133.20M | data=0.2% fwd=30.7% bwd=67.7% opt=1.1%\n"}
,{"stream_name":"stdout","time":5576.127574355,"data":"2026-08-08 17:06:37 step=   8140 | loss=4.1639 | lr=2.00e-04 | tok/s=9,671 | tokens=133.37M | data=0.2% fwd=30.6% bwd=67.7% opt=1.1%\n"}
,{"stream_name":"stdout","time":5593.062730606,"data":"2026-08-08 17:06:53 step=   8150 | loss=4.1832 | lr=2.00e-04 | tok/s=9,675 | tokens=133.53M | data=0.2% fwd=30.7% bwd=67.7% opt=1.1%\n"}
,{"stream_name":"stdout","time":5609.997837289,"data":"2026-08-08 17:07:10 step=   8160 | loss=4.1865 | lr=2.00e-04 | tok/s=9,675 | tokens=133.69M | data=0.2% fwd=30.7% bwd=67.7% opt=1.1%\n"}
,{"stream_name":"stdout","time":5626.935045744,"data":"2026-08-08 17:07:27 step=   8170 | loss=4.1772 | lr=2.00e-04 | tok/s=9,673 | tokens=133.86M | data=0.2% fwd=30.7% bwd=67.7% opt=1.1%\n"}
,{"stream_name":"stdout","time":5643.874992515,"data":"2026-08-08 17:07:44 step=   8180 | loss=4.1977 | lr=2.00e-04 | tok/s=9,672 | tokens=134.02M | data=0.2% fwd=30.7% bwd=67.7% opt=1.1%\n"}
,{"stream_name":"stdout","time":5660.812644328,"data":"2026-08-08 17:08:01 step=   8190 | loss=4.1766 | lr=2.00e-04 | tok/s=9,673 | tokens=134.18M | data=0.2% fwd=30.7% bwd=67.7% opt=1.1%\n"}
,{"stream_name":"stdout","time":5677.761408672,"data":"2026-08-08 17:08:18 step=   8200 | loss=4.1945 | lr=2.00e-04 | tok/s=9,667 | tokens=134.35M | data=0.2% fwd=30.7% bwd=67.7% opt=1.1%\n"}
,{"stream_name":"stdout","time":5694.699307411,"data":"2026-08-08 17:08:35 step=   8210 | loss=4.1561 | lr=2.00e-04 | tok/s=9,673 | tokens=134.51M | data=0.2% fwd=30.7% bwd=67.7% opt=1.1%\n"}
,{"stream_name":"stdout","time":5711.632818637,"data":"2026-08-08 17:08:52 step=   8220 | loss=4.1915 | lr=2.00e-04 | tok/s=9,676 | tokens=134.68M | data=0.2% fwd=30.7% bwd=67.7% opt=1.1%\n"}
,{"stream_name":"stdout","time":5728.568842987,"data":"2026-08-08 17:09:09 step=   8230 | loss=4.1857 | lr=2.00e-04 | tok/s=9,674 | tokens=134.84M | data=0.2% fwd=30.7% bwd=67.7% opt=1.1%\n"}
,{"stream_name":"stdout","time":5745.500816987,"data":"2026-08-08 17:09:26 step=   8240 | loss=4.1740 | lr=2.00e-04 | tok/s=9,677 | tokens=135.00M | data=0.2% fwd=30.7% bwd=67.7% opt=1.1%\n"}
,{"stream_name":"stdout","time":5762.434685973,"data":"2026-08-08 17:09:43 step=   8250 | loss=4.1525 | lr=2.00e-04 | tok/s=9,675 | tokens=135.17M | data=0.2% fwd=30.7% bwd=67.7% opt=1.1%\n"}
,{"stream_name":"stdout","time":5779.371556586,"data":"2026-08-08 17:10:00 step=   8260 | loss=4.1618 | lr=2.00e-04 | tok/s=9,674 | tokens=135.33M | data=0.2% fwd=30.7% bwd=67.7% opt=1.1%\n"}
,{"stream_name":"stdout","time":5796.31060447,"data":"2026-08-08 17:10:17 step=   8270 | loss=4.1744 | lr=2.00e-04 | tok/s=9,672 | tokens=135.50M | data=0.2% fwd=30.7% bwd=67.7% opt=1.1%\n"}
,{"stream_name":"stdout","time":5813.24643811,"data":"2026-08-08 17:10:34 step=   8280 | loss=4.1542 | lr=2.00e-04 | tok/s=9,674 | tokens=135.66M | data=0.2% fwd=30.7% bwd=67.7% opt=1.1%\n"}
,{"stream_name":"stdout","time":5830.185635388,"data":"2026-08-08 17:10:51 step=   8290 | loss=4.1629 | lr=2.00e-04 | tok/s=9,672 | tokens=135.82M | data=0.2% fwd=30.7% bwd=67.7% opt=1.1%\n"}
,{"stream_name":"stdout","time":5847.133832406,"data":"2026-08-08 17:11:08 step=   8300 | loss=4.1596 | lr=2.00e-04 | tok/s=9,667 | tokens=135.99M | data=0.2% fwd=30.6% bwd=67.7% opt=1.1%\n"}
,{"stream_name":"stdout","time":5864.064014897,"data":"2026-08-08 17:11:24 step=   8310 | loss=4.1542 | lr=2.00e-04 | tok/s=9,678 | tokens=136.15M | data=0.2% fwd=30.6% bwd=67.8% opt=1.1%\n"}
,{"stream_name":"stdout","time":5881.004774447,"data":"2026-08-08 17:11:41 step=   8320 | loss=4.1971 | lr=2.00e-04 | tok/s=9,671 | tokens=136.31M | data=0.2% fwd=30.7% bwd=67.7% opt=1.1%\n"}
,{"stream_name":"stdout","time":5897.942582149,"data":"2026-08-08 17:11:58 step=   8330 | loss=4.1861 | lr=2.00e-04 | tok/s=9,673 | tokens=136.48M | data=0.2% fwd=30.6% bwd=67.7% opt=1.1%\n"}
,{"stream_name":"stdout","time":5914.877977327,"data":"2026-08-08 17:12:15 step=   8340 | loss=4.1778 | lr=2.00e-04 | tok/s=9,675 | tokens=136.64M | data=0.2% fwd=30.7% bwd=67.7% opt=1.1%\n"}
,{"stream_name":"stdout","time":5931.813419824,"data":"2026-08-08 17:12:32 step=   8350 | loss=4.1767 | lr=2.00e-04 | tok/s=9,674 | tokens=136.81M | data=0.2% fwd=30.6% bwd=67.7% opt=1.1%\n"}
,{"stream_name":"stdout","time":5948.7576504,"data":"2026-08-08 17:12:49 step=   8360 | loss=4.1633 | lr=2.00e-04 | tok/s=9,670 | tokens=136.97M | data=0.2% fwd=30.7% bwd=67.7% opt=1.1%\n"}
,{"stream_name":"stdout","time":5965.694289169,"data":"2026-08-08 17:13:06 step=   8370 | loss=4.1533 | lr=2.00e-04 | tok/s=9,674 | tokens=137.13M | data=0.2% fwd=30.7% bwd=67.7% opt=1.1%\n"}
,{"stream_name":"stdout","time":5982.62327795,"data":"2026-08-08 17:13:23 step=   8380 | loss=4.1608 | lr=2.00e-04 | tok/s=9,678 | tokens=137.30M | data=0.2% fwd=30.7% bwd=67.7% opt=1.1%\n"}
,{"stream_name":"stdout","time":5999.557101208,"data":"2026-08-08 17:13:40 step=   8390 | loss=4.1511 | lr=2.00e-04 | tok/s=9,675 | tokens=137.46M | data=0.2% fwd=30.7% bwd=67.7% opt=1.1%\n"}
,{"stream_name":"stdout","time":6016.498317744,"data":"2026-08-08 17:13:57 step=   8400 | loss=4.1773 | lr=2.00e-04 | tok/s=9,671 | tokens=137.63M | data=0.2% fwd=30.7% bwd=67.7% opt=1.1%\n"}
,{"stream_name":"stdout","time":6033.44680024,"data":"2026-08-08 17:14:14 step=   8410 | loss=4.1508 | lr=2.00e-04 | tok/s=9,667 | tokens=137.79M | data=0.2% fwd=30.7% bwd=67.7% opt=1.1%\n"}
,{"stream_name":"stdout","time":6050.397885428,"data":"2026-08-08 17:14:31 step=   8420 | loss=4.1429 | lr=2.00e-04 | tok/s=9,666 | tokens=137.95M | data=0.2% fwd=30.7% bwd=67.7% opt=1.1%\n"}
,{"stream_name":"stdout","time":6067.344503787,"data":"2026-08-08 17:14:48 step=   8430 | loss=4.1592 | lr=2.00e-04 | tok/s=9,668 | tokens=138.12M | data=0.2% fwd=30.6% bwd=67.7% opt=1.1%\n"}
,{"stream_name":"stdout","time":6084.296768806,"data":"2026-08-08 17:15:05 step=   8440 | loss=4.1912 | lr=2.00e-04 | tok/s=9,665 | tokens=138.28M | data=0.2% fwd=30.7% bwd=67.7% opt=1.1%\n"}
,{"stream_name":"stdout","time":6101.24859541,"data":"2026-08-08 17:15:22 step=   8450 | loss=4.1488 | lr=2.00e-04 | tok/s=9,665 | tokens=138.44M | data=0.2% fwd=30.7% bwd=67.7% opt=1.1%\n"}
,{"stream_name":"stdout","time":6118.195286338,"data":"2026-08-08 17:15:39 step=   8460 | loss=4.1462 | lr=2.00e-04 | tok/s=9,668 | tokens=138.61M | data=0.2% fwd=30.7% bwd=67.7% opt=1.1%\n"}
,{"stream_name":"stdout","time":6135.143688149,"data":"2026-08-08 17:15:56 step=   8470 | loss=4.1411 | lr=2.00e-04 | tok/s=9,667 | tokens=138.77M | data=0.2% fwd=30.7% bwd=67.7% opt=1.1%\n"}
,{"stream_name":"stdout","time":6152.082095947,"data":"2026-08-08 17:16:12 step=   8480 | loss=4.1202 | lr=2.00e-04 | tok/s=9,673 | tokens=138.94M | data=0.2% fwd=30.7% bwd=67.7% opt=1.1%\n"}
,{"stream_name":"stdout","time":6169.016190523,"data":"2026-08-08 17:16:29 step=   8490 | loss=4.1576 | lr=2.00e-04 | tok/s=9,675 | tokens=139.10M | data=0.2% fwd=30.7% bwd=67.7% opt=1.1%\n"}
,{"stream_name":"stdout","time":6185.956359859,"data":"2026-08-08 17:16:46 step=   8500 | loss=4.1395 | lr=2.00e-04 | tok/s=9,672 | tokens=139.26M | data=0.2% fwd=30.6% bwd=67.7% opt=1.1%\n"}
,{"stream_name":"stdout","time":6189.953190377,"data":"2026-08-08 17:16:50 eval step=   8500 | val_loss=4.0127 | batches=64\n"}
,{"stream_name":"stdout","time":6206.892113932,"data":"2026-08-08 17:17:07 step=   8510 | loss=4.1644 | lr=2.00e-04 | tok/s=7,826 | tokens=139.43M | data=0.2% fwd=24.8% bwd=54.8% opt=0.9%\n"}
,{"stream_name":"stdout","time":6223.83416779,"data":"2026-08-08 17:17:24 step=   8520 | loss=4.1095 | lr=2.00e-04 | tok/s=9,671 | tokens=139.59M | data=0.2% fwd=30.7% bwd=67.7% opt=1.1%\n"}
,{"stream_name":"stdout","time":6240.770575449,"data":"2026-08-08 17:17:41 step=   8530 | loss=4.1444 | lr=2.00e-04 | tok/s=9,674 | tokens=139.76M | data=0.2% fwd=30.7% bwd=67.7% opt=1.1%\n"}
,{"stream_name":"stdout","time":6257.711671514,"data":"2026-08-08 17:17:58 step=   8540 | loss=4.1640 | lr=2.00e-04 | tok/s=9,671 | tokens=139.92M | data=0.2% fwd=30.7% bwd=67.7% opt=1.1%\n"}
,{"stream_name":"stdout","time":6274.648557836,"data":"2026-08-08 17:18:15 step=   8550 | loss=4.1379 | lr=2.00e-04 | tok/s=9,674 | tokens=140.08M | data=0.2% fwd=30.7% bwd=67.7% opt=1.1%\n"}
,{"stream_name":"stdout","time":6291.576676496,"data":"2026-08-08 17:18:32 step=   8560 | loss=4.1637 | lr=2.00e-04 | tok/s=9,679 | tokens=140.25M | data=0.2% fwd=30.7% bwd=67.7% opt=1.1%\n"}
,{"stream_name":"stdout","time":6308.517700338,"data":"2026-08-08 17:18:49 step=   8570 | loss=4.1318 | lr=2.00e-04 | tok/s=9,671 | tokens=140.41M | data=0.2% fwd=30.7% bwd=67.7% opt=1.1%\n"}
,{"stream_name":"stdout","time":6325.452813464,"data":"2026-08-08 17:19:06 step=   8580 | loss=4.1446 | lr=2.00e-04 | tok/s=9,675 | tokens=140.57M | data=0.2% fwd=30.7% bwd=67.7% opt=1.1%\n"}
,{"stream_name":"stdout","time":6342.391538223,"data":"2026-08-08 17:19:23 step=   8590 | loss=4.1605 | lr=2.00e-04 | tok/s=9,673 | tokens=140.74M | data=0.2% fwd=30.7% bwd=67.7% opt=1.1%\n"}
,{"stream_name":"stdout","time":6359.338955121,"data":"2026-08-08 17:19:40 step=   8600 | loss=4.1236 | lr=2.00e-04 | tok/s=9,668 | tokens=140.90M | data=0.2% fwd=30.6% bwd=67.7% opt=1.1%\n"}
,{"stream_name":"stdout","time":6376.275765439,"data":"2026-08-08 17:19:57 step=   8610 | loss=4.1109 | lr=2.00e-04 | tok/s=9,674 | tokens=141.07M | data=0.2% fwd=30.7% bwd=67.7% opt=1.1%\n"}
,{"stream_name":"stdout","time":6393.212370243,"data":"2026-08-08 17:20:14 step=   8620 | loss=4.1653 | lr=2.00e-04 | tok/s=9,674 | tokens=141.23M | data=0.2% fwd=30.7% bwd=67.7% opt=1.1%\n"}
,{"stream_name":"stdout","time":6410.151538185,"data":"2026-08-08 17:20:31 step=   8630 | loss=4.1426 | lr=2.00e-04 | tok/s=9,672 | tokens=141.39M | data=0.2% fwd=30.7% bwd=67.7% opt=1.1%\n"}
,{"stream_name":"stdout","time":6427.088485735,"data":"2026-08-08 17:20:47 step=   8640 | loss=4.1242 | lr=2.00e-04 | tok/s=9,674 | tokens=141.56M | data=0.2% fwd=30.7% bwd=67.7% opt=1.1%\n"}
,{"stream_name":"stdout","time":6444.019717382,"data":"2026-08-08 17:21:04 step=   8650 | loss=4.1529 | lr=1.99e-04 | tok/s=9,677 | tokens=141.72M | data=0.2% fwd=30.7% bwd=67.7% opt=1.1%\n"}
,{"stream_name":"stdout","time":6460.959942515,"data":"2026-08-08 17:21:21 step=   8660 | loss=4.1414 | lr=1.99e-04 | tok/s=9,672 | tokens=141.89M | data=0.2% fwd=30.7% bwd=67.7% opt=1.1%\n"}
,{"stream_name":"stdout","time":6477.892754273,"data":"2026-08-08 17:21:38 step=   8670 | loss=4.1419 | lr=1.99e-04 | tok/s=9,676 | tokens=142.05M | data=0.2% fwd=30.7% bwd=67.7% opt=1.1%\n"}
,{"stream_name":"stdout","time":6494.834211787,"data":"2026-08-08 17:21:55 step=   8680 | loss=4.1203 | lr=1.99e-04 | tok/s=9,671 | tokens=142.21M | data=0.2% fwd=30.7% bwd=67.7% opt=1.1%\n"}
,{"stream_name":"stdout","time":6511.774426913,"data":"2026-08-08 17:22:12 step=   8690 | loss=4.1604 | lr=1.99e-04 | tok/s=9,672 | tokens=142.38M | data=0.2% fwd=30.7% bwd=67.7% opt=1.1%\n"}
,{"stream_name":"stdout","time":6528.718515143,"data":"2026-08-08 17:22:29 step=   8700 | loss=4.1451 | lr=1.99e-04 | tok/s=9,670 | tokens=142.54M | data=0.2% fwd=30.7% bwd=67.7% opt=1.1%\n"}
,{"stream_name":"stdout","time":6545.649281464,"data":"2026-08-08 17:22:46 step=   8710 | loss=4.1292 | lr=1.99e-04 | tok/s=9,677 | tokens=142.70M | data=0.2% fwd=30.7% bwd=67.7% opt=1.1%\n"}
,{"stream_name":"stdout","time":6562.591955685,"data":"2026-08-08 17:23:03 step=   8720 | loss=4.1174 | lr=1.99e-04 | tok/s=9,670 | tokens=142.87M | data=0.2% fwd=30.7% bwd=67.7% opt=1.1%\n"}
,{"stream_name":"stdout","time":6579.529881862,"data":"2026-08-08 17:23:20 step=   8730 | loss=4.0998 | lr=1.99e-04 | tok/s=9,673 | tokens=143.03M | data=0.2% fwd=30.6% bwd=67.7% opt=1.1%\n"}
,{"stream_name":"stdout","time":6596.469005412,"data":"2026-08-08 17:23:37 step=   8740 | loss=4.0964 | lr=1.99e-04 | tok/s=9,672 | tokens=143.20M | data=0.2% fwd=30.6% bwd=67.7% opt=1.1%\n"}
,{"stream_name":"stdout","time":6613.404292183,"data":"2026-08-08 17:23:54 step=   8750 | loss=4.1158 | lr=1.99e-04 | tok/s=9,675 | tokens=143.36M | data=0.2% fwd=30.6% bwd=67.7% opt=1.1%\n"}
,{"stream_name":"stdout","time":6630.346301398,"data":"2026-08-08 17:24:11 step=   8760 | loss=4.1270 | lr=1.99e-04 | tok/s=9,671 | tokens=143.52M | data=0.2% fwd=30.7% bwd=67.7% opt=1.1%\n"}
,{"stream_name":"stdout","time":6647.286928904,"data":"2026-08-08 17:24:28 step=   8770 | loss=4.1556 | lr=1.99e-04 | tok/s=9,672 | tokens=143.69M | data=0.2% fwd=30.7% bwd=67.7% opt=1.1%\n"}
,{"stream_name":"stdout","time":6664.231269027,"data":"2026-08-08 17:24:45 step=   8780 | loss=4.1337 | lr=1.99e-04 | tok/s=9,670 | tokens=143.85M | data=0.2% fwd=30.7% bwd=67.7% opt=1.1%\n"}
,{"stream_name":"stdout","time":6681.17143834,"data":"2026-08-08 17:25:02 step=   8790 | loss=4.1112 | lr=1.99e-04 | tok/s=9,672 | tokens=144.02M | data=0.2% fwd=30.7% bwd=67.7% opt=1.1%\n"}
,{"stream_name":"stdout","time":6698.117254403,"data":"2026-08-08 17:25:19 step=   8800 | loss=4.1513 | lr=1.99e-04 | tok/s=9,669 | tokens=144.18M | data=0.2% fwd=30.6% bwd=67.7% opt=1.1%\n"}
,{"stream_name":"stdout","time":6715.045760997,"data":"2026-08-08 17:25:35 step=   8810 | loss=4.1344 | lr=1.99e-04 | tok/s=9,678 | tokens=144.34M | data=0.2% fwd=30.7% bwd=67.7% opt=1.1%\n"}
,{"stream_name":"stdout","time":6731.9785503,"data":"2026-08-08 17:25:52 step=   8820 | loss=4.1284 | lr=1.99e-04 | tok/s=9,676 | tokens=144.51M | data=0.2% fwd=30.7% bwd=67.7% opt=1.1%\n"}
,{"stream_name":"stdout","time":6748.911950589,"data":"2026-08-08 17:26:09 step=   8830 | loss=4.1541 | lr=1.99e-04 | tok/s=9,676 | tokens=144.67M | data=0.2% fwd=30.7% bwd=67.7% opt=1.1%\n"}
,{"stream_name":"stdout","time":6765.844549691,"data":"2026-08-08 17:26:26 step=   8840 | loss=4.1025 | lr=1.99e-04 | tok/s=9,676 | tokens=144.83M | data=0.2% fwd=30.6% bwd=67.7% opt=1.1%\n"}
,{"stream_name":"stdout","time":6782.79455507,"data":"2026-08-08 17:26:43 step=   8850 | loss=4.1058 | lr=1.99e-04 | tok/s=9,666 | tokens=145.00M | data=0.2% fwd=30.6% bwd=67.7% opt=1.1%\n"}
,{"stream_name":"stdout","time":6799.7367698,"data":"2026-08-08 17:27:00 step=   8860 | loss=4.0962 | lr=1.99e-04 | tok/s=9,671 | tokens=145.16M | data=0.2% fwd=30.7% bwd=67.7% opt=1.1%\n"}
,{"stream_name":"stdout","time":6816.67975765,"data":"2026-08-08 17:27:17 step=   8870 | loss=4.0820 | lr=1.99e-04 | tok/s=9,670 | tokens=145.33M | data=0.2% fwd=30.7% bwd=67.7% opt=1.1%\n"}
,{"stream_name":"stdout","time":6833.628664079,"data":"2026-08-08 17:27:34 step=   8880 | loss=4.1104 | lr=1.99e-04 | tok/s=9,667 | tokens=145.49M | data=0.2% fwd=30.7% bwd=67.7% opt=1.1%\n"}
,{"stream_name":"stdout","time":6850.57962364,"data":"2026-08-08 17:27:51 step=   8890 | loss=4.1049 | lr=1.99e-04 | tok/s=9,666 | tokens=145.65M | data=0.2% fwd=30.7% bwd=67.7% opt=1.1%\n"}
,{"stream_name":"stdout","time":6867.535306427,"data":"2026-08-08 17:28:08 step=   8900 | loss=4.1196 | lr=1.99e-04 | tok/s=9,663 | tokens=145.82M | data=0.2% fwd=30.6% bwd=67.7% opt=1.1%\n"}
,{"stream_name":"stdout","time":6884.486289104,"data":"2026-08-08 17:28:25 step=   8910 | loss=4.1083 | lr=1.99e-04 | tok/s=9,666 | tokens=145.98M | data=0.2% fwd=30.7% bwd=67.7% opt=1.1%\n"}
,{"stream_name":"stdout","time":6901.421185043,"data":"2026-08-08 17:28:42 step=   8920 | loss=4.1119 | lr=1.99e-04 | tok/s=9,675 | tokens=146.15M | data=0.2% fwd=30.7% bwd=67.7% opt=1.1%\n"}
,{"stream_name":"stdout","time":6918.358431435,"data":"2026-08-08 17:28:59 step=   8930 | loss=4.0919 | lr=1.99e-04 | tok/s=9,673 | tokens=146.31M | data=0.2% fwd=30.7% bwd=67.7% opt=1.1%\n"}
,{"stream_name":"stdout","time":6935.286265282,"data":"2026-08-08 17:29:16 step=   8940 | loss=4.1371 | lr=1.99e-04 | tok/s=9,679 | tokens=146.47M | data=0.2% fwd=30.7% bwd=67.7% opt=1.1%\n"}
,{"stream_name":"stdout","time":6952.216321225,"data":"2026-08-08 17:29:33 step=   8950 | loss=4.1295 | lr=1.99e-04 | tok/s=9,678 | tokens=146.64M | data=0.2% fwd=30.6% bwd=67.7% opt=1.1%\n"}
,{"stream_name":"stdout","time":6969.151256664,"data":"2026-08-08 17:29:50 step=   8960 | loss=4.1184 | lr=1.99e-04 | tok/s=9,675 | tokens=146.80M | data=0.2% fwd=30.7% bwd=67.7% opt=1.1%\n"}
,{"stream_name":"stdout","time":6986.088775632,"data":"2026-08-08 17:30:06 step=   8970 | loss=4.0922 | lr=1.99e-04 | tok/s=9,673 | tokens=146.96M | data=0.2% fwd=30.7% bwd=67.7% opt=1.1%\n"}
,{"stream_name":"stdout","time":7003.020739432,"data":"2026-08-08 17:30:23 step=   8980 | loss=4.1069 | lr=1.99e-04 | tok/s=9,676 | tokens=147.13M | data=0.2% fwd=30.6% bwd=67.7% opt=1.1%\n"}
,{"stream_name":"stdout","time":7019.952401226,"data":"2026-08-08 17:30:40 step=   8990 | loss=4.1416 | lr=1.99e-04 | tok/s=9,677 | tokens=147.29M | data=0.2% fwd=30.7% bwd=67.7% opt=1.1%\n"}
,{"stream_name":"stdout","time":7036.89234874,"data":"2026-08-08 17:30:57 step=   9000 | loss=4.0987 | lr=1.99e-04 | tok/s=9,672 | tokens=147.46M | data=0.2% fwd=30.6% bwd=67.7% opt=1.1%\n"}
,{"stream_name":"stdout","time":7040.891416936,"data":"2026-08-08 17:31:01 eval step=   9000 | val_loss=3.9748 | batches=64\n"}
,{"stream_name":"stdout","time":7057.827011645,"data":"2026-08-08 17:31:18 step=   9010 | loss=4.0970 | lr=1.99e-04 | tok/s=7,826 | tokens=147.62M | data=0.2% fwd=24.8% bwd=54.8% opt=0.9%\n"}
,{"stream_name":"stdout","time":7074.764370402,"data":"2026-08-08 17:31:35 step=   9020 | loss=4.1361 | lr=1.99e-04 | tok/s=9,673 | tokens=147.78M | data=0.2% fwd=30.7% bwd=67.7% opt=1.1%\n"}
,{"stream_name":"stdout","time":7091.702283513,"data":"2026-08-08 17:31:52 step=   9030 | loss=4.1259 | lr=1.99e-04 | tok/s=9,673 | tokens=147.95M | data=0.2% fwd=30.7% bwd=67.7% opt=1.1%\n"}
,{"stream_name":"stdout","time":7108.633378874,"data":"2026-08-08 17:32:09 step=   9040 | loss=4.1289 | lr=1.99e-04 | tok/s=9,677 | tokens=148.11M | data=0.2% fwd=30.7% bwd=67.7% opt=1.1%\n"}
,{"stream_name":"stdout","time":7125.566808563,"data":"2026-08-08 17:32:26 step=   9050 | loss=4.1064 | lr=1.99e-04 | tok/s=9,676 | tokens=148.28M | data=0.2% fwd=30.7% bwd=67.7% opt=1.1%\n"}
,{"stream_name":"stdout","time":7142.49750939,"data":"2026-08-08 17:32:43 step=   9060 | loss=4.0778 | lr=1.99e-04 | tok/s=9,677 | tokens=148.44M | data=0.2% fwd=30.7% bwd=67.7% opt=1.1%\n"}
,{"stream_name":"stdout","time":7159.430161161,"data":"2026-08-08 17:33:00 step=   9070 | loss=4.1036 | lr=1.99e-04 | tok/s=9,676 | tokens=148.60M | data=0.2% fwd=30.7% bwd=67.7% opt=1.1%\n"}
,{"stream_name":"stdout","time":7176.358682786,"data":"2026-08-08 17:33:17 step=   9080 | loss=4.1054 | lr=1.99e-04 | tok/s=9,679 | tokens=148.77M | data=0.2% fwd=30.7% bwd=67.7% opt=1.1%\n"}
,{"stream_name":"stdout","time":7193.288694175,"data":"2026-08-08 17:33:34 step=   9090 | loss=4.1086 | lr=1.99e-04 | tok/s=9,678 | tokens=148.93M | data=0.2% fwd=30.7% bwd=67.7% opt=1.1%\n"}
,{"stream_name":"stdout","time":7210.225858189,"data":"2026-08-08 17:33:51 step=   9100 | loss=4.0814 | lr=1.99e-04 | tok/s=9,673 | tokens=149.09M | data=0.2% fwd=30.6% bwd=67.7% opt=1.1%\n"}
,{"stream_name":"stdout","time":7227.15162282,"data":"2026-08-08 17:34:08 step=   9110 | loss=4.0700 | lr=1.99e-04 | tok/s=9,680 | tokens=149.26M | data=0.2% fwd=30.7% bwd=67.7% opt=1.1%\n"}
,{"stream_name":"stdout","time":7244.078064243,"data":"2026-08-08 17:34:24 step=   9120 | loss=4.0912 | lr=1.99e-04 | tok/s=9,680 | tokens=149.42M | data=0.2% fwd=30.7% bwd=67.7% opt=1.1%\n"}
,{"stream_name":"stdout","time":7261.007614786,"data":"2026-08-08 17:34:41 step=   9130 | loss=4.1312 | lr=1.99e-04 | tok/s=9,678 | tokens=149.59M | data=0.2% fwd=30.7% bwd=67.7% opt=1.1%\n"}
,{"stream_name":"stdout","time":7277.942997351,"data":"2026-08-08 17:34:58 step=   9140 | loss=4.0746 | lr=1.99e-04 | tok/s=9,675 | tokens=149.75M | data=0.2% fwd=30.7% bwd=67.7% opt=1.1%\n"}
,{"stream_name":"stdout","time":7294.875091092,"data":"2026-08-08 17:35:15 step=   9150 | loss=4.1074 | lr=1.99e-04 | tok/s=9,676 | tokens=149.91M | data=0.2% fwd=30.7% bwd=67.7% opt=1.1%\n"}
,{"stream_name":"stdout","time":7311.807584227,"data":"2026-08-08 17:35:32 step=   9160 | loss=4.0821 | lr=1.99e-04 | tok/s=9,676 | tokens=150.08M | data=0.2% fwd=30.7% bwd=67.7% opt=1.1%\n"}
,{"stream_name":"stdout","time":7328.740747367,"data":"2026-08-08 17:35:49 step=   9170 | loss=4.1029 | lr=1.99e-04 | tok/s=9,676 | tokens=150.24M | data=0.2% fwd=30.7% bwd=67.7% opt=1.1%\n"}
,{"stream_name":"stdout","time":7345.678972875,"data":"2026-08-08 17:36:06 step=   9180 | loss=4.1129 | lr=1.99e-04 | tok/s=9,673 | tokens=150.41M | data=0.2% fwd=30.7% bwd=67.7% opt=1.1%\n"}
,{"stream_name":"stdout","time":7362.609488981,"data":"2026-08-08 17:36:23 step=   9190 | loss=4.0921 | lr=1.99e-04 | tok/s=9,677 | tokens=150.57M | data=0.2% fwd=30.7% bwd=67.7% opt=1.1%\n"}
,{"stream_name":"stdout","time":7379.552311736,"data":"2026-08-08 17:36:40 step=   9200 | loss=4.1042 | lr=1.99e-04 | tok/s=9,670 | tokens=150.73M | data=0.2% fwd=30.6% bwd=67.7% opt=1.1%\n"}
,{"stream_name":"stdout","time":7396.480390653,"data":"2026-08-08 17:36:57 step=   9210 | loss=4.1269 | lr=1.99e-04 | tok/s=9,679 | tokens=150.90M | data=0.2% fwd=30.6% bwd=67.7% opt=1.1%\n"}
,{"stream_name":"stdout","time":7413.416546491,"data":"2026-08-08 17:37:14 step=   9220 | loss=4.0776 | lr=1.99e-04 | tok/s=9,674 | tokens=151.06M | data=0.2% fwd=30.7% bwd=67.7% opt=1.1%\n"}
,{"stream_name":"stdout","time":7430.340899859,"data":"2026-08-08 17:37:31 step=   9230 | loss=4.1170 | lr=1.99e-04 | tok/s=9,681 | tokens=151.22M | data=0.2% fwd=30.7% bwd=67.7% opt=1.1%\n"}
,{"stream_name":"stdout","time":7447.267383922,"data":"2026-08-08 17:37:48 step=   9240 | loss=4.0621 | lr=1.99e-04 | tok/s=9,680 | tokens=151.39M | data=0.2% fwd=30.7% bwd=67.7% opt=1.1%\n"}
,{"stream_name":"stdout","time":7464.192824435,"data":"2026-08-08 17:38:05 step=   9250 | loss=4.0791 | lr=1.99e-04 | tok/s=9,680 | tokens=151.55M | data=0.2% fwd=30.7% bwd=67.7% opt=1.1%\n"}
,{"stream_name":"stdout","time":7481.119701346,"data":"2026-08-08 17:38:22 step=   9260 | loss=4.0468 | lr=1.99e-04 | tok/s=9,679 | tokens=151.72M | data=0.2% fwd=30.7% bwd=67.7% opt=1.1%\n"}
,{"stream_name":"stdout","time":7498.055385597,"data":"2026-08-08 17:38:38 step=   9270 | loss=4.0900 | lr=1.99e-04 | tok/s=9,674 | tokens=151.88M | data=0.2% fwd=30.7% bwd=67.7% opt=1.1%\n"}
,{"stream_name":"stdout","time":7514.981086065,"data":"2026-08-08 17:38:55 step=   9280 | loss=4.0709 | lr=1.99e-04 | tok/s=9,680 | tokens=152.04M | data=0.2% fwd=30.7% bwd=67.7% opt=1.1%\n"}
,{"stream_name":"stdout","time":7531.90899145,"data":"2026-08-08 17:39:12 step=   9290 | loss=4.1111 | lr=1.99e-04 | tok/s=9,679 | tokens=152.21M | data=0.2% fwd=30.7% bwd=67.7% opt=1.1%\n"}
,{"stream_name":"stdout","time":7548.863803939,"data":"2026-08-08 17:39:29 step=   9300 | loss=4.0913 | lr=1.99e-04 | tok/s=9,663 | tokens=152.37M | data=0.2% fwd=30.6% bwd=67.7% opt=1.1%\n"}
,{"stream_name":"stdout","time":7565.805941625,"data":"2026-08-08 17:39:46 step=   9310 | loss=4.1053 | lr=1.99e-04 | tok/s=9,671 | tokens=152.54M | data=0.2% fwd=30.6% bwd=67.7% opt=1.1%\n"}
,{"stream_name":"stdout","time":7582.750034379,"data":"2026-08-08 17:40:03 step=   9320 | loss=4.0558 | lr=1.99e-04 | tok/s=9,670 | tokens=152.70M | data=0.2% fwd=30.6% bwd=67.7% opt=1.1%\n"}
,{"stream_name":"stdout","time":7599.69670298,"data":"2026-08-08 17:40:20 step=   9330 | loss=4.0381 | lr=1.99e-04 | tok/s=9,668 | tokens=152.86M | data=0.2% fwd=30.6% bwd=67.7% opt=1.1%\n"}
,{"stream_name":"stdout","time":7616.63682925,"data":"2026-08-08 17:40:37 step=   9340 | loss=4.0330 | lr=1.99e-04 | tok/s=9,672 | tokens=153.03M | data=0.2% fwd=30.7% bwd=67.7% opt=1.1%\n"}
,{"stream_name":"stdout","time":7633.570058513,"data":"2026-08-08 17:40:54 step=   9350 | loss=4.0855 | lr=1.99e-04 | tok/s=9,676 | tokens=153.19M | data=0.2% fwd=30.7% bwd=67.7% opt=1.1%\n"}
,{"stream_name":"stdout","time":7650.500876462,"data":"2026-08-08 17:41:11 step=   9360 | loss=4.0908 | lr=1.99e-04 | tok/s=9,677 | tokens=153.35M | data=0.2% fwd=30.7% bwd=67.7% opt=1.1%\n"}
,{"stream_name":"stdout","time":7667.431117488,"data":"2026-08-08 17:41:28 step=   9370 | loss=4.0985 | lr=1.99e-04 | tok/s=9,678 | tokens=153.52M | data=0.2% fwd=30.7% bwd=67.7% opt=1.1%\n"}
,{"stream_name":"stdout","time":7684.364281063,"data":"2026-08-08 17:41:45 step=   9380 | loss=4.0571 | lr=1.99e-04 | tok/s=9,676 | tokens=153.68M | data=0.2% fwd=30.7% bwd=67.7% opt=1.1%\n"}
,{"stream_name":"stdout","time":7701.29136002,"data":"2026-08-08 17:42:02 step=   9390 | loss=4.0627 | lr=1.99e-04 | tok/s=9,679 | tokens=153.85M | data=0.2% fwd=30.7% bwd=67.7% opt=1.1%\n"}
,{"stream_name":"stdout","time":7718.229585626,"data":"2026-08-08 17:42:19 step=   9400 | loss=4.0779 | lr=1.99e-04 | tok/s=9,673 | tokens=154.01M | data=0.2% fwd=30.6% bwd=67.7% opt=1.1%\n"}
,{"stream_name":"stdout","time":7735.151657958,"data":"2026-08-08 17:42:36 step=   9410 | loss=4.0884 | lr=1.99e-04 | tok/s=9,682 | tokens=154.17M | data=0.2% fwd=30.7% bwd=67.7% opt=1.1%\n"}
,{"stream_name":"stdout","time":7752.081295538,"data":"2026-08-08 17:42:52 step=   9420 | loss=4.0805 | lr=1.99e-04 | tok/s=9,678 | tokens=154.34M | data=0.2% fwd=30.7% bwd=67.7% opt=1.1%\n"}
,{"stream_name":"stdout","time":7769.009942236,"data":"2026-08-08 17:43:09 step=   9430 | loss=4.0900 | lr=1.99e-04 | tok/s=9,678 | tokens=154.50M | data=0.2% fwd=30.7% bwd=67.7% opt=1.1%\n"}
,{"stream_name":"stdout","time":7785.932860665,"data":"2026-08-08 17:43:26 step=   9440 | loss=4.0499 | lr=1.99e-04 | tok/s=9,682 | tokens=154.66M | data=0.2% fwd=30.7% bwd=67.7% opt=1.1%\n"}
,{"stream_name":"stdout","time":7802.867313754,"data":"2026-08-08 17:43:43 step=   9450 | loss=4.0804 | lr=1.99e-04 | tok/s=9,675 | tokens=154.83M | data=0.2% fwd=30.7% bwd=67.7% opt=1.1%\n"}
,{"stream_name":"stdout","time":7819.783893603,"data":"2026-08-08 17:44:00 step=   9460 | loss=4.0908 | lr=1.99e-04 | tok/s=9,685 | tokens=154.99M | data=0.2% fwd=30.7% bwd=67.7% opt=1.1%\n"}
,{"stream_name":"stdout","time":7836.705771065,"data":"2026-08-08 17:44:17 step=   9470 | loss=4.0563 | lr=1.99e-04 | tok/s=9,682 | tokens=155.16M | data=0.2% fwd=30.7% bwd=67.7% opt=1.1%\n"}
,{"stream_name":"stdout","time":7853.628318662,"data":"2026-08-08 17:44:34 step=   9480 | loss=4.0790 | lr=1.99e-04 | tok/s=9,682 | tokens=155.32M | data=0.2% fwd=30.7% bwd=67.7% opt=1.1%\n"}
,{"stream_name":"stdout","time":7870.557825861,"data":"2026-08-08 17:44:51 step=   9490 | loss=4.0798 | lr=1.99e-04 | tok/s=9,678 | tokens=155.48M | data=0.2% fwd=30.7% bwd=67.7% opt=1.1%\n"}
,{"stream_name":"stdout","time":7887.494588772,"data":"2026-08-08 17:45:08 step=   9500 | loss=4.1060 | lr=1.99e-04 | tok/s=9,674 | tokens=155.65M | data=0.2% fwd=30.6% bwd=67.7% opt=1.1%\n"}
,{"stream_name":"stdout","time":7891.488040362,"data":"2026-08-08 17:45:12 eval step=   9500 | val_loss=3.9460 | batches=64\n"}
,{"stream_name":"stdout","time":7908.412536449,"data":"2026-08-08 17:45:29 step=   9510 | loss=4.0544 | lr=1.99e-04 | tok/s=7,833 | tokens=155.81M | data=0.1% fwd=24.8% bwd=54.8% opt=0.9%\n"}
,{"stream_name":"stdout","time":7925.341146675,"data":"2026-08-08 17:45:46 step=   9520 | loss=4.1057 | lr=1.99e-04 | tok/s=9,678 | tokens=155.98M | data=0.2% fwd=30.7% bwd=67.7% opt=1.1%\n"}
,{"stream_name":"stdout","time":7942.274295499,"data":"2026-08-08 17:46:03 step=   9530 | loss=4.0729 | lr=1.99e-04 | tok/s=9,676 | tokens=156.14M | data=0.2% fwd=30.6% bwd=67.7% opt=1.1%\n"}
,{"stream_name":"stdout","time":7959.198557709,"data":"2026-08-08 17:46:20 step=   9540 | loss=4.0697 | lr=1.99e-04 | tok/s=9,681 | tokens=156.30M | data=0.2% fwd=30.6% bwd=67.7% opt=1.1%\n"}
,{"stream_name":"stdout","time":7976.119613707,"data":"2026-08-08 17:46:37 step=   9550 | loss=4.0881 | lr=1.99e-04 | tok/s=9,683 | tokens=156.47M | data=0.2% fwd=30.6% bwd=67.8% opt=1.1%\n"}
,{"stream_name":"stdout","time":7993.047278321,"data":"2026-08-08 17:46:53 step=   9560 | loss=4.0692 | lr=1.99e-04 | tok/s=9,679 | tokens=156.63M | data=0.2% fwd=30.7% bwd=67.7% opt=1.1%\n"}
,{"stream_name":"stdout","time":8009.97719023,"data":"2026-08-08 17:47:10 step=   9570 | loss=4.0922 | lr=1.99e-04 | tok/s=9,678 | tokens=156.79M | data=0.2% fwd=30.7% bwd=67.7% opt=1.1%\n"}
,{"stream_name":"stdout","time":8026.905364985,"data":"2026-08-08 17:47:27 step=   9580 | loss=4.0536 | lr=1.99e-04 | tok/s=9,679 | tokens=156.96M | data=0.2% fwd=30.6% bwd=67.7% opt=1.1%\n"}
,{"stream_name":"stdout","time":8043.834423457,"data":"2026-08-08 17:47:44 step=   9590 | loss=4.0460 | lr=1.99e-04 | tok/s=9,678 | tokens=157.12M | data=0.2% fwd=30.6% bwd=67.7% opt=1.1%\n"}
,{"stream_name":"stdout","time":8060.773747537,"data":"2026-08-08 17:48:01 step=   9600 | loss=4.0602 | lr=1.99e-04 | tok/s=9,672 | tokens=157.29M | data=0.2% fwd=30.6% bwd=67.7% opt=1.1%\n"}
,{"stream_name":"stdout","time":8077.700121636,"data":"2026-08-08 17:48:18 step=   9610 | loss=4.0582 | lr=1.99e-04 | tok/s=9,680 | tokens=157.45M | data=0.2% fwd=30.7% bwd=67.7% opt=1.1%\n"}
,{"stream_name":"stdout","time":8094.619557364,"data":"2026-08-08 17:48:35 step=   9620 | loss=4.0540 | lr=1.99e-04 | tok/s=9,684 | tokens=157.61M | data=0.2% fwd=30.7% bwd=67.7% opt=1.1%\n"}
,{"stream_name":"stdout","time":8111.543577761,"data":"2026-08-08 17:48:52 step=   9630 | loss=4.0584 | lr=1.99e-04 | tok/s=9,681 | tokens=157.78M | data=0.2% fwd=30.7% bwd=67.7% opt=1.1%\n"}
,{"stream_name":"stdout","time":8128.468729591,"data":"2026-08-08 17:49:09 step=   9640 | loss=4.0543 | lr=1.99e-04 | tok/s=9,680 | tokens=157.94M | data=0.2% fwd=30.7% bwd=67.7% opt=1.1%\n"}
,{"stream_name":"stdout","time":8145.390926349,"data":"2026-08-08 17:49:26 step=   9650 | loss=4.0535 | lr=1.99e-04 | tok/s=9,682 | tokens=158.11M | data=0.2% fwd=30.7% bwd=67.7% opt=1.1%\n"}
,{"stream_name":"stdout","time":8162.317323743,"data":"2026-08-08 17:49:43 step=   9660 | loss=4.0905 | lr=1.99e-04 | tok/s=9,680 | tokens=158.27M | data=0.2% fwd=30.7% bwd=67.7% opt=1.1%\n"}
,{"stream_name":"stdout","time":8179.235666678,"data":"2026-08-08 17:50:00 step=   9670 | loss=4.0747 | lr=1.99e-04 | tok/s=9,684 | tokens=158.43M | data=0.2% fwd=30.6% bwd=67.7% opt=1.1%\n"}
,{"stream_name":"stdout","time":8196.164409446,"data":"2026-08-08 17:50:17 step=   9680 | loss=4.0563 | lr=1.99e-04 | tok/s=9,678 | tokens=158.60M | data=0.2% fwd=30.7% bwd=67.7% opt=1.1%\n"}
,{"stream_name":"stdout","time":8213.086855778,"data":"2026-08-08 17:50:33 step=   9690 | loss=4.0295 | lr=1.99e-04 | tok/s=9,682 | tokens=158.76M | data=0.2% fwd=30.7% bwd=67.7% opt=1.1%\n"}
,{"stream_name":"stdout","time":8230.020574374,"data":"2026-08-08 17:50:50 step=   9700 | loss=4.0655 | lr=1.99e-04 | tok/s=9,676 | tokens=158.92M | data=0.2% fwd=30.6% bwd=67.7% opt=1.1%\n"}
,{"stream_name":"stdout","time":8246.941661993,"data":"2026-08-08 17:51:07 step=   9710 | loss=4.0436 | lr=1.99e-04 | tok/s=9,683 | tokens=159.09M | data=0.2% fwd=30.7% bwd=67.7% opt=1.1%\n"}
,{"stream_name":"stdout","time":8263.87067557,"data":"2026-08-08 17:51:24 step=   9720 | loss=4.0777 | lr=1.99e-04 | tok/s=9,678 | tokens=159.25M | data=0.2% fwd=30.7% bwd=67.7% opt=1.1%\n"}
,{"stream_name":"stdout","time":8280.797576471,"data":"2026-08-08 17:51:41 step=   9730 | loss=4.0410 | lr=1.99e-04 | tok/s=9,679 | tokens=159.42M | data=0.2% fwd=30.6% bwd=67.7% opt=1.1%\n"}
,{"stream_name":"stdout","time":8297.730327165,"data":"2026-08-08 17:51:58 step=   9740 | loss=4.0687 | lr=1.99e-04 | tok/s=9,676 | tokens=159.58M | data=0.2% fwd=30.6% bwd=67.7% opt=1.1%\n"}
,{"stream_name":"stdout","time":8314.668473044,"data":"2026-08-08 17:52:15 step=   9750 | loss=4.1010 | lr=1.99e-04 | tok/s=9,673 | tokens=159.74M | data=0.2% fwd=30.6% bwd=67.7% opt=1.1%\n"}
,{"stream_name":"stdout","time":8331.608376754,"data":"2026-08-08 17:52:32 step=   9760 | loss=4.0663 | lr=1.99e-04 | tok/s=9,672 | tokens=159.91M | data=0.2% fwd=30.6% bwd=67.7% opt=1.1%\n"}
,{"stream_name":"stdout","time":8348.54368583,"data":"2026-08-08 17:52:49 step=   9770 | loss=4.0157 | lr=1.99e-04 | tok/s=9,675 | tokens=160.07M | data=0.2% fwd=30.7% bwd=67.7% opt=1.1%\n"}
,{"stream_name":"stdout","time":8365.482879127,"data":"2026-08-08 17:53:06 step=   9780 | loss=4.0790 | lr=1.99e-04 | tok/s=9,672 | tokens=160.24M | data=0.2% fwd=30.6% bwd=67.7% opt=1.1%\n"}
,{"stream_name":"stdout","time":8382.417255614,"data":"2026-08-08 17:53:23 step=   9790 | loss=4.0279 | lr=1.99e-04 | tok/s=9,675 | tokens=160.40M | data=0.2% fwd=30.7% bwd=67.7% opt=1.1%\n"}
,{"stream_name":"stdout","time":8399.355701993,"data":"2026-08-08 17:53:40 step=   9800 | loss=4.0502 | lr=1.99e-04 | tok/s=9,673 | tokens=160.56M | data=0.2% fwd=30.6% bwd=67.7% opt=1.1%\n"}
,{"stream_name":"stdout","time":8416.27491003,"data":"2026-08-08 17:53:57 step=   9810 | loss=4.0684 | lr=1.99e-04 | tok/s=9,684 | tokens=160.73M | data=0.2% fwd=30.6% bwd=67.8% opt=1.1%\n"}
,{"stream_name":"stdout","time":8433.197050333,"data":"2026-08-08 17:54:14 step=   9820 | loss=4.0216 | lr=1.99e-04 | tok/s=9,682 | tokens=160.89M | data=0.2% fwd=30.6% bwd=67.7% opt=1.1%\n"}
,{"stream_name":"stdout","time":8450.112319031,"data":"2026-08-08 17:54:31 step=   9830 | loss=4.0430 | lr=1.99e-04 | tok/s=9,686 | tokens=161.05M | data=0.2% fwd=30.6% bwd=67.7% opt=1.1%\n"}
,{"stream_name":"stdout","time":8467.038036091,"data":"2026-08-08 17:54:47 step=   9840 | loss=4.0771 | lr=1.99e-04 | tok/s=9,680 | tokens=161.22M | data=0.2% fwd=30.6% bwd=67.7% opt=1.1%\n"}
,{"stream_name":"stdout","time":8483.95490107,"data":"2026-08-08 17:55:04 step=   9850 | loss=4.0627 | lr=1.99e-04 | tok/s=9,685 | tokens=161.38M | data=0.2% fwd=30.6% bwd=67.7% opt=1.1%\n"}
,{"stream_name":"stdout","time":8500.883352933,"data":"2026-08-08 17:55:21 step=   9860 | loss=4.0443 | lr=1.99e-04 | tok/s=9,678 | tokens=161.55M | data=0.2% fwd=30.6% bwd=67.7% opt=1.1%\n"}
,{"stream_name":"stdout","time":8517.801345463,"data":"2026-08-08 17:55:38 step=   9870 | loss=4.0155 | lr=1.99e-04 | tok/s=9,685 | tokens=161.71M | data=0.2% fwd=30.6% bwd=67.7% opt=1.1%\n"}
,{"stream_name":"stdout","time":8534.7191299,"data":"2026-08-08 17:55:55 step=   9880 | loss=4.0827 | lr=1.99e-04 | tok/s=9,685 | tokens=161.87M | data=0.2% fwd=30.6% bwd=67.7% opt=1.1%\n"}
,{"stream_name":"stdout","time":8551.643816967,"data":"2026-08-08 17:56:12 step=   9890 | loss=4.0319 | lr=1.99e-04 | tok/s=9,681 | tokens=162.04M | data=0.2% fwd=30.7% bwd=67.7% opt=1.1%\n"}
,{"stream_name":"stdout","time":8568.573989778,"data":"2026-08-08 17:56:29 step=   9900 | loss=4.0539 | lr=1.99e-04 | tok/s=9,678 | tokens=162.20M | data=0.2% fwd=30.6% bwd=67.7% opt=1.1%\n"}
,{"stream_name":"stdout","time":8585.498345386,"data":"2026-08-08 17:56:46 step=   9910 | loss=4.0526 | lr=1.99e-04 | tok/s=9,681 | tokens=162.37M | data=0.2% fwd=30.6% bwd=67.7% opt=1.1%\n"}
,{"stream_name":"stdout","time":8602.422156279,"data":"2026-08-08 17:57:03 step=   9920 | loss=4.0646 | lr=1.99e-04 | tok/s=9,681 | tokens=162.53M | data=0.2% fwd=30.6% bwd=67.7% opt=1.1%\n"}
,{"stream_name":"stdout","time":8619.34344522,"data":"2026-08-08 17:57:20 step=   9930 | loss=4.0608 | lr=1.99e-04 | tok/s=9,683 | tokens=162.69M | data=0.2% fwd=30.7% bwd=67.7% opt=1.1%\n"}
,{"stream_name":"stdout","time":8636.267217347,"data":"2026-08-08 17:57:37 step=   9940 | loss=4.0424 | lr=1.99e-04 | tok/s=9,681 | tokens=162.86M | data=0.2% fwd=30.6% bwd=67.7% opt=1.1%\n"}
,{"stream_name":"stdout","time":8653.193379261,"data":"2026-08-08 17:57:54 step=   9950 | loss=4.0168 | lr=1.99e-04 | tok/s=9,680 | tokens=163.02M | data=0.2% fwd=30.7% bwd=67.7% opt=1.1%\n"}
,{"stream_name":"stdout","time":8670.113862511,"data":"2026-08-08 17:58:11 step=   9960 | loss=4.0479 | lr=1.99e-04 | tok/s=9,683 | tokens=163.18M | data=0.2% fwd=30.7% bwd=67.7% opt=1.1%\n"}
,{"stream_name":"stdout","time":8687.032910554,"data":"2026-08-08 17:58:27 step=   9970 | loss=4.0625 | lr=1.99e-04 | tok/s=9,684 | tokens=163.35M | data=0.2% fwd=30.6% bwd=67.7% opt=1.1%\n"}
,{"stream_name":"stdout","time":8703.954939181,"data":"2026-08-08 17:58:44 step=   9980 | loss=4.0348 | lr=1.99e-04 | tok/s=9,682 | tokens=163.51M | data=0.2% fwd=30.7% bwd=67.7% opt=1.1%\n"}
,{"stream_name":"stdout","time":8720.869819185,"data":"2026-08-08 17:59:01 step=   9990 | loss=4.0313 | lr=1.99e-04 | tok/s=9,686 | tokens=163.68M | data=0.2% fwd=30.7% bwd=67.7% opt=1.1%\n"}
,{"stream_name":"stdout","time":8737.790302114,"data":"2026-08-08 17:59:18 step=  10000 | loss=4.0054 | lr=1.99e-04 | tok/s=9,683 | tokens=163.84M | data=0.2% fwd=30.6% bwd=67.7% opt=1.1%\n"}
,{"stream_name":"stdout","time":8741.256886117,"data":"2026-08-08 17:59:22 Checkpoint saved: /kaggle/working/glyph100-v242-p100-5k-to-10k-001/continuation/checkpoints/step_0010000.pt (loss=4.0289)\n"}
,{"stream_name":"stdout","time":8745.276742952,"data":"2026-08-08 17:59:26 eval step=  10000 | val_loss=3.9023 | batches=64\n"}
,{"stream_name":"stdout","time":8745.276794106,"data":"2026-08-08 17:59:26 Limited run complete; no final checkpoint was written.\n"}
,{"stream_name":"stdout","time":8756.800629348,"data":"{\n"}
,{"stream_name":"stdout","time":8756.800664697,"data":"  \"status\": \"PASS\",\n"}
,{"stream_name":"stdout","time":8756.80067353,"data":"  \"run_id\": \"glyph100-v242-p100-5k-to-10k-001\",\n"}
,{"stream_name":"stdout","time":8756.800679462,"data":"  \"started_at_utc\": \"2026-08-08T15:37:09.378373+00:00\",\n"}
,{"stream_name":"stdout","time":8756.800687106,"data":"  \"finished_at_utc\": \"2026-08-08T17:59:37.686002+00:00\",\n"}
,{"stream_name":"stdout","time":8756.800692802,"data":"  \"wall_seconds\": 8756.069478886,\n"}
,{"stream_name":"stdout","time":8756.800702759,"data":"  \"gpu\": {\n"}
,{"stream_name":"stdout","time":8756.80070668,"data":"    \"name\": \"Tesla P100-PCIE-16GB\",\n"}
,{"stream_name":"stdout","time":8756.800710555,"data":"    \"compute_capability\": \"6.0\",\n"}
,{"stream_name":"stdout","time":8756.800714389,"data":"    \"total_vram_bytes\": 17059545088,\n"}
,{"stream_name":"stdout","time":8756.800718102,"data":"    \"free_vram_bytes\": 16723869696,\n"}
,{"stream_name":"stdout","time":8756.800721816,"data":"    \"pytorch\": \"2.10.0+cu126\",\n"}
,{"stream_name":"stdout","time":8756.80072544,"data":"    \"cuda\": \"12.6\",\n"}
,{"stream_name":"stdout","time":8756.800728998,"data":"    \"cudnn\": 91002\n"}
,{"stream_name":"stdout","time":8756.800732612,"data":"  },\n"}
,{"stream_name":"stdout","time":8756.800737254,"data":"  \"smoke\": {\n"}
,{"stream_name":"stdout","time":8756.80076154,"data":"    \"status\": \"PASS\",\n"}
,{"stream_name":"stdout","time":8756.800767697,"data":"    \"run_id\": \"glyph100-v242-p100-5k-to-10k-001\",\n"}
,{"stream_name":"stdout","time":8756.800773457,"data":"    \"start_step\": 5000,\n"}
,{"stream_name":"stdout","time":8756.800778808,"data":"    \"end_step\": 5100,\n"}
,{"stream_name":"stdout","time":8756.80078374,"data":"    \"duration_seconds\": 186.93943890599996,\n"}
,{"stream_name":"stdout","time":8756.800789816,"data":"    \"average_tokens_per_second\": 9483.8,\n"}
,{"stream_name":"stdout","time":8756.800795783,"data":"    \"validation\": [\n"}
,{"stream_name":"stdout","time":8756.800801216,"data":"      {\n"}
,{"stream_name":"stdout","time":8756.800806326,"data":"        \"step\": 5050,\n"}
,{"stream_name":"stdout","time":8756.800817434,"data":"        \"val_loss\": 4.6221\n"}
,{"stream_name":"stdout","time":8756.80082158,"data":"      },\n"}
,{"stream_name":"stdout","time":8756.800825035,"data":"      {\n"}
,{"stream_name":"stdout","time":8756.800828448,"data":"        \"step\": 5100,\n"}
,{"stream_name":"stdout","time":8756.800831899,"data":"        \"val_loss\": 4.6002\n"}
,{"stream_name":"stdout","time":8756.800835421,"data":"      }\n"}
,{"stream_name":"stdout","time":8756.80083879,"data":"    ],\n"}
,{"stream_name":"stdout","time":8756.800842195,"data":"    \"checkpoint\": {\n"}
,{"stream_name":"stdout","time":8756.800860889,"data":"      \"step\": 5100,\n"}
,{"stream_name":"stdout","time":8756.800867131,"data":"      \"current_step\": 5100,\n"}
,{"stream_name":"stdout","time":8756.800873306,"data":"      \"variant\": \"glyph-100m\",\n"}
,{"stream_name":"stdout","time":8756.80087954,"data":"      \"dataset_name\": \"glyph100_dataset_v2_4_2_core\",\n"}
,{"stream_name":"stdout","time":8756.80088588,"data":"      \"tokenizer_sha256\": \"21bad2b08f1081afee40fbb6d5489d8199deebd7b81d76a34b347f2f01dd4029\",\n"}
,{"stream_name":"stdout","time":8756.800891363,"data":"      \"batch_size\": 4,\n"}
,{"stream_name":"stdout","time":8756.800918667,"data":"      \"gradient_accumulation_steps\": 8,\n"}
,{"stream_name":"stdout","time":8756.80092243,"data":"      \"effective_tokens_per_step\": 16384,\n"}
,{"stream_name":"stdout","time":8756.800925172,"data":"      \"context_length\": 512,\n"}
,{"stream_name":"stdout","time":8756.800927931,"data":"      \"path\": \"/kaggle/working/glyph100-v242-p100-5k-to-10k-001/smoke/checkpoints/step_0005100.pt\",\n"}
,{"stream_name":"stdout","time":8756.800930769,"data":"      \"size\": 1175129201,\n"}
,{"stream_name":"stdout","time":8756.800933446,"data":"      \"sha256\": \"31e51e9b38e5bb381f808609206d2b94170f58f8b36cbc9a06a28a73e473f9bf\",\n"}
,{"stream_name":"stdout","time":8756.800936299,"data":"      \"model_tensors\": 113,\n"}
,{"stream_name":"stdout","time":8756.800938967,"data":"      \"optimizer_state_present\": true,\n"}
,{"stream_name":"stdout","time":8756.800941658,"data":"      \"scheduler_state_present\": true,\n"}
,{"stream_name":"stdout","time":8756.800944247,"data":"      \"sampler_state_present\": true\n"}
,{"stream_name":"stdout","time":8756.800948016,"data":"    },\n"}
,{"stream_name":"stdout","time":8756.800966092,"data":"    \"bad_terms\": [],\n"}
,{"stream_name":"stdout","time":8756.800971122,"data":"    \"training_continuation_allowed\": true\n"}
,{"stream_name":"stdout","time":8756.800975834,"data":"  },\n"}
,{"stream_name":"stdout","time":8756.800980442,"data":"  \"continuation_start_step\": 5100,\n"}
,{"stream_name":"stdout","time":8756.800985046,"data":"  \"continuation_end_step\": 10000,\n"}
,{"stream_name":"stdout","time":8756.800989132,"data":"  \"continuation_duration_seconds\": 8346.548747243,\n"}
,{"stream_name":"stdout","time":8756.800993167,"data":"  \"continuation_average_tokens_per_second\": 9643.695918367346,\n"}
,{"stream_name":"stdout","time":8756.800997406,"data":"  \"validation\": [\n"}
,{"stream_name":"stdout","time":8756.801001283,"data":"    {\n"}
,{"stream_name":"stdout","time":8756.801005084,"data":"      \"step\": 5500,\n"}
,{"stream_name":"stdout","time":8756.801009024,"data":"      \"val_loss\": 4.4764\n"}
,{"stream_name":"stdout","time":8756.801013009,"data":"    },\n"}
,{"stream_name":"stdout","time":8756.801016766,"data":"    {\n"}
,{"stream_name":"stdout","time":8756.801020524,"data":"      \"step\": 6000,\n"}
,{"stream_name":"stdout","time":8756.801033067,"data":"      \"val_loss\": 4.3395\n"}
,{"stream_name":"stdout","time":8756.801040132,"data":"    },\n"}
,{"stream_name":"stdout","time":8756.801042706,"data":"    {\n"}
,{"stream_name":"stdout","time":8756.801045205,"data":"      \"step\": 6500,\n"}
,{"stream_name":"stdout","time":8756.801048449,"data":"      \"val_loss\": 4.2492\n"}
,{"stream_name":"stdout","time":8756.801065937,"data":"    },\n"}
,{"stream_name":"stdout","time":8756.801070565,"data":"    {\n"}
,{"stream_name":"stdout","time":8756.80107499,"data":"      \"step\": 7000,\n"}
,{"stream_name":"stdout","time":8756.801081954,"data":"      \"val_loss\": 4.1749\n"}
,{"stream_name":"stdout","time":8756.80108686,"data":"    },\n"}
,{"stream_name":"stdout","time":8756.801090672,"data":"    {\n"}
,{"stream_name":"stdout","time":8756.801094383,"data":"      \"step\": 7500,\n"}
,{"stream_name":"stdout","time":8756.801098247,"data":"      \"val_loss\": 4.1136\n"}
,{"stream_name":"stdout","time":8756.801102144,"data":"    },\n"}
,{"stream_name":"stdout","time":8756.801105932,"data":"    {\n"}
,{"stream_name":"stdout","time":8756.801109724,"data":"      \"step\": 8000,\n"}
,{"stream_name":"stdout","time":8756.801113631,"data":"      \"val_loss\": 4.0573\n"}
,{"stream_name":"stdout","time":8756.801117666,"data":"    },\n"}
,{"stream_name":"stdout","time":8756.801132468,"data":"    {\n"}
,{"stream_name":"stdout","time":8756.801136406,"data":"      \"step\": 8500,\n"}
,{"stream_name":"stdout","time":8756.801140285,"data":"      \"val_loss\": 4.0127\n"}
,{"stream_name":"stdout","time":8756.80114951,"data":"    },\n"}
,{"stream_name":"stdout","time":8756.801153172,"data":"    {\n"}
,{"stream_name":"stdout","time":8756.80117056,"data":"      \"step\": 9000,\n"}
,{"stream_name":"stdout","time":8756.801175212,"data":"      \"val_loss\": 3.9748\n"}
,{"stream_name":"stdout","time":8756.801180086,"data":"    },\n"}
,{"stream_name":"stdout","time":8756.80118439,"data":"    {\n"}
,{"stream_name":"stdout","time":8756.801188719,"data":"      \"step\": 9500,\n"}
,{"stream_name":"stdout","time":8756.801192589,"data":"      \"val_loss\": 3.946\n"}
,{"stream_name":"stdout","time":8756.801196614,"data":"    },\n"}
,{"stream_name":"stdout","time":8756.801200396,"data":"    {\n"}
,{"stream_name":"stdout","time":8756.80120414,"data":"      \"step\": 10000,\n"}
,{"stream_name":"stdout","time":8756.801208094,"data":"      \"val_loss\": 3.9023\n"}
,{"stream_name":"stdout","time":8756.801223082,"data":"    }\n"}
,{"stream_name":"stdout","time":8756.801226876,"data":"  ],\n"}
,{"stream_name":"stdout","time":8756.801231025,"data":"  \"final_checkpoint\": {\n"}
,{"stream_name":"stdout","time":8756.801234832,"data":"    \"step\": 10000,\n"}
,{"stream_name":"stdout","time":8756.801256236,"data":"    \"current_step\": 10000,\n"}
,{"stream_name":"stdout","time":8756.80125994,"data":"    \"variant\": \"glyph-100m\",\n"}
,{"stream_name":"stdout","time":8756.801263512,"data":"    \"dataset_name\": \"glyph100_dataset_v2_4_2_core\",\n"}
,{"stream_name":"stdout","time":8756.801267,"data":"    \"tokenizer_sha256\": \"21bad2b08f1081afee40fbb6d5489d8199deebd7b81d76a34b347f2f01dd4029\",\n"}
,{"stream_name":"stdout","time":8756.801270705,"data":"    \"batch_size\": 4,\n"}
,{"stream_name":"stdout","time":8756.80127402,"data":"    \"gradient_accumulation_steps\": 8,\n"}
,{"stream_name":"stdout","time":8756.801277477,"data":"    \"effective_tokens_per_step\": 16384,\n"}
,{"stream_name":"stdout","time":8756.801280856,"data":"    \"context_length\": 512,\n"}
,{"stream_name":"stdout","time":8756.801284291,"data":"    \"path\": \"/kaggle/working/glyph100-v242-p100-5k-to-10k-001/continuation/checkpoints/step_0010000.pt\",\n"}
,{"stream_name":"stdout","time":8756.80128787,"data":"    \"size\": 1175129265,\n"}
,{"stream_name":"stdout","time":8756.801291319,"data":"    \"sha256\": \"e32d34baff7c522a77a83c5ec1812dd83798c31c8b4cdefe93c729a4441ab4ce\",\n"}
,{"stream_name":"stdout","time":8756.801294837,"data":"    \"model_tensors\": 113,\n"}
,{"stream_name":"stdout","time":8756.801298268,"data":"    \"optimizer_state_present\": true,\n"}
,{"stream_name":"stdout","time":8756.801301884,"data":"    \"scheduler_state_present\": true,\n"}
,{"stream_name":"stdout","time":8756.80130544,"data":"    \"sampler_state_present\": true\n"}
,{"stream_name":"stdout","time":8756.801314089,"data":"  },\n"}
,{"stream_name":"stdout","time":8756.801317317,"data":"  \"latest_checkpoint\": {\n"}
,{"stream_name":"stdout","time":8756.801332844,"data":"    \"step\": 10000,\n"}
,{"stream_name":"stdout","time":8756.801336917,"data":"    \"current_step\": 10000,\n"}
,{"stream_name":"stdout","time":8756.801340745,"data":"    \"variant\": \"glyph-100m\",\n"}
,{"stream_name":"stdout","time":8756.801344816,"data":"    \"dataset_name\": \"glyph100_dataset_v2_4_2_core\",\n"}
,{"stream_name":"stdout","time":8756.801348963,"data":"    \"tokenizer_sha256\": \"21bad2b08f1081afee40fbb6d5489d8199deebd7b81d76a34b347f2f01dd4029\",\n"}
,{"stream_name":"stdout","time":8756.80136072,"data":"    \"batch_size\": 4,\n"}
,{"stream_name":"stdout","time":8756.801364225,"data":"    \"gradient_accumulation_steps\": 8,\n"}
,{"stream_name":"stdout","time":8756.801367657,"data":"    \"effective_tokens_per_step\": 16384,\n"}
,{"stream_name":"stdout","time":8756.801371082,"data":"    \"context_length\": 512,\n"}
,{"stream_name":"stdout","time":8756.801374536,"data":"    \"path\": \"/kaggle/working/glyph100-v242-p100-5k-to-10k-001/continuation/checkpoints/latest.pt\",\n"}
,{"stream_name":"stdout","time":8756.801378157,"data":"    \"size\": 1175128847,\n"}
,{"stream_name":"stdout","time":8756.801381509,"data":"    \"sha256\": \"4c32078f527b9ce13df5053251aeee3b622db4c6a5640e33b32e06c32d3d9331\",\n"}
,{"stream_name":"stdout","time":8756.80138507,"data":"    \"model_tensors\": 113,\n"}
,{"stream_name":"stdout","time":8756.801388456,"data":"    \"optimizer_state_present\": true,\n"}
,{"stream_name":"stdout","time":8756.801391798,"data":"    \"scheduler_state_present\": true,\n"}
,{"stream_name":"stdout","time":8756.801395098,"data":"    \"sampler_state_present\": true\n"}
,{"stream_name":"stdout","time":8756.801398442,"data":"  },\n"}
,{"stream_name":"stdout","time":8756.801401712,"data":"  \"input_5k_checkpoint_unchanged\": true,\n"}
,{"stream_name":"stdout","time":8756.801409968,"data":"  \"next_training_started\": false,\n"}
,{"stream_name":"stdout","time":8756.801412816,"data":"  \"full_log\": {\n"}
,{"stream_name":"stdout","time":8756.801427094,"data":"    \"train_rows\": [\n"}
,{"stream_name":"stdout","time":8756.801431072,"data":"      {\n"}
,{"stream_name":"stdout","time":8756.801434803,"data":"        \"step\": 5110,\n"}
,{"stream_name":"stdout","time":8756.801438832,"data":"        \"loss\": 4.703,\n"}
,{"stream_name":"stdout","time":8756.801442745,"data":"        \"lr\": 0.0002,\n"}
,{"stream_name":"stdout","time":8756.801446456,"data":"        \"tokens_per_second\": 9601\n"}
,{"stream_name":"stdout","time":8756.80144985,"data":"      },\n"}
,{"stream_name":"stdout","time":8756.801453128,"data":"      {\n"}
,{"stream_name":"stdout","time":8756.801457205,"data":"        \"step\": 5120,\n"}
,{"stream_name":"stdout","time":8756.801460549,"data":"        \"loss\": 4.7207,\n"}
,{"stream_name":"stdout","time":8756.801463863,"data":"        \"lr\": 0.0002,\n"}
,{"stream_name":"stdout","time":8756.801467173,"data":"        \"tokens_per_second\": 9685\n"}
,{"stream_name":"stdout","time":8756.801470514,"data":"      },\n"}
,{"stream_name":"stdout","time":8756.801473654,"data":"      {\n"}
,{"stream_name":"stdout","time":8756.801476858,"data":"        \"step\": 5130,\n"}
,{"stream_name":"stdout","time":8756.801480142,"data":"        \"loss\": 4.7407,\n"}
,{"stream_name":"stdout","time":8756.801483428,"data":"        \"lr\": 0.0002,\n"}
,{"stream_name":"stdout","time":8756.801486771,"data":"        \"tokens_per_second\": 9680\n"}
,{"stream_name":"stdout","time":8756.801490079,"data":"      },\n"}
,{"stream_name":"stdout","time":8756.801493247,"data":"      {\n"}
,{"stream_name":"stdout","time":8756.801496405,"data":"        \"step\": 5140,\n"}
,{"stream_name":"stdout","time":8756.801501403,"data":"        \"loss\": 4.6969,\n"}
,{"stream_name":"stdout","time":8756.801507645,"data":"        \"lr\": 0.0002,\n"}
,{"stream_name":"stdout","time":8756.801510457,"data":"        \"tokens_per_second\": 9690\n"}
,{"stream_name":"stdout","time":8756.80152499,"data":"      },\n"}
,{"stream_name":"stdout","time":8756.801529145,"data":"      {\n"}
,{"stream_name":"stdout","time":8756.801540695,"data":"        \"step\": 5150,\n"}
,{"stream_name":"stdout","time":8756.801544419,"data":"        \"loss\": 4.706,\n"}
,{"stream_name":"stdout","time":8756.801547689,"data":"        \"lr\": 0.0002,\n"}
,{"stream_name":"stdout","time":8756.801551022,"data":"        \"tokens_per_second\": 9686\n"}
,{"stream_name":"stdout","time":8756.801554302,"data":"      },\n"}
,{"stream_name":"stdout","time":8756.80155758,"data":"      {\n"}
,{"stream_name":"stdout","time":8756.801560747,"data":"        \"step\": 5160,\n"}
,{"stream_name":"stdout","time":8756.801563982,"data":"        \"loss\": 4.7334,\n"}
,{"stream_name":"stdout","time":8756.801567245,"data":"        \"lr\": 0.0002,\n"}
,{"stream_name":"stdout","time":8756.80157055,"data":"        \"tokens_per_second\": 9684\n"}
,{"stream_name":"stdout","time":8756.801573836,"data":"      },\n"}
,{"stream_name":"stdout","time":8756.80157699,"data":"      {\n"}
,{"stream_name":"stdout","time":8756.801580122,"data":"        \"step\": 5170,\n"}
,{"stream_name":"stdout","time":8756.80158347,"data":"        \"loss\": 4.7069,\n"}
,{"stream_name":"stdout","time":8756.801586845,"data":"        \"lr\": 0.0002,\n"}
,{"stream_name":"stdout","time":8756.801590262,"data":"        \"tokens_per_second\": 9685\n"}
,{"stream_name":"stdout","time":8756.801593714,"data":"      },\n"}
,{"stream_name":"stdout","time":8756.801602007,"data":"      {\n"}
,{"stream_name":"stdout","time":8756.801604567,"data":"        \"step\": 5180,\n"}
,{"stream_name":"stdout","time":8756.801619801,"data":"        \"loss\": 4.7041,\n"}
,{"stream_name":"stdout","time":8756.801624276,"data":"        \"lr\": 0.0002,\n"}
,{"stream_name":"stdout","time":8756.80162803,"data":"        \"tokens_per_second\": 9685\n"}
,{"stream_name":"stdout","time":8756.801632061,"data":"      },\n"}
,{"stream_name":"stdout","time":8756.801635808,"data":"      {\n"}
,{"stream_name":"stdout","time":8756.801638984,"data":"        \"step\": 5190,\n"}
,{"stream_name":"stdout","time":8756.801642231,"data":"        \"loss\": 4.7188,\n"}
,{"stream_name":"stdout","time":8756.801645498,"data":"        \"lr\": 0.0002,\n"}
,{"stream_name":"stdout","time":8756.801648747,"data":"        \"tokens_per_second\": 9687\n"}
,{"stream_name":"stdout","time":8756.801652073,"data":"      },\n"}
,{"stream_name":"stdout","time":8756.801655253,"data":"      {\n"}
,{"stream_name":"stdout","time":8756.8016584,"data":"        \"step\": 5200,\n"}
,{"stream_name":"stdout","time":8756.801661662,"data":"        \"loss\": 4.6921,\n"}
,{"stream_name":"stdout","time":8756.801664905,"data":"        \"lr\": 0.0002,\n"}
,{"stream_name":"stdout","time":8756.801668206,"data":"        \"tokens_per_second\": 9678\n"}
,{"stream_name":"stdout","time":8756.801671536,"data":"      },\n"}
,{"stream_name":"stdout","time":8756.801674755,"data":"      {\n"}
,{"stream_name":"stdout","time":8756.801677915,"data":"        \"step\": 5210,\n"}
,{"stream_name":"stdout","time":8756.801681223,"data":"        \"loss\": 4.6826,\n"}
,{"stream_name":"stdout","time":8756.801684511,"data":"        \"lr\": 0.0002,\n"}
,{"stream_name":"stdout","time":8756.80168776,"data":"        \"tokens_per_second\": 9687\n"}
,{"stream_name":"stdout","time":8756.801692831,"data":"      },\n"}
,{"stream_name":"stdout","time":8756.801698958,"data":"      {\n"}
,{"stream_name":"stdout","time":8756.801701538,"data":"        \"step\": 5220,\n"}
,{"stream_name":"stdout","time":8756.801715843,"data":"        \"loss\": 4.6574,\n"}
,{"stream_name":"stdout","time":8756.801720121,"data":"        \"lr\": 0.0002,\n"}
,{"stream_name":"stdout","time":8756.801732573,"data":"        \"tokens_per_second\": 9688\n"}
,{"stream_name":"stdout","time":8756.801736272,"data":"      },\n"}
,{"stream_name":"stdout","time":8756.801739539,"data":"      {\n"}
,{"stream_name":"stdout","time":8756.801742688,"data":"        \"step\": 5230,\n"}
,{"stream_name":"stdout","time":8756.801745988,"data":"        \"loss\": 4.6443,\n"}
,{"stream_name":"stdout","time":8756.801749275,"data":"        \"lr\": 0.0002,\n"}
,{"stream_name":"stdout","time":8756.801752527,"data":"        \"tokens_per_second\": 9685\n"}
,{"stream_name":"stdout","time":8756.801755842,"data":"      },\n"}
,{"stream_name":"stdout","time":8756.80175911,"data":"      {\n"}
,{"stream_name":"stdout","time":8756.801762278,"data":"        \"step\": 5240,\n"}
,{"stream_name":"stdout","time":8756.801765548,"data":"        \"loss\": 4.692,\n"}
,{"stream_name":"stdout","time":8756.801768867,"data":"        \"lr\": 0.0002,\n"}
,{"stream_name":"stdout","time":8756.801772159,"data":"        \"tokens_per_second\": 9689\n"}
,{"stream_name":"stdout","time":8756.801785203,"data":"      },\n"}
,{"stream_name":"stdout","time":8756.801790385,"data":"      {\n"}
,{"stream_name":"stdout","time":8756.801796108,"data":"        \"step\": 5250,\n"}
,{"stream_name":"stdout","time":8756.801811048,"data":"        \"loss\": 4.6924,\n"}
,{"stream_name":"stdout","time":8756.801815068,"data":"        \"lr\": 0.0002,\n"}
,{"stream_name":"stdout","time":8756.801819013,"data":"        \"tokens_per_second\": 9689\n"}
,{"stream_name":"stdout","time":8756.801822706,"data":"      },\n"}
,{"stream_name":"stdout","time":8756.801826506,"data":"      {\n"}
,{"stream_name":"stdout","time":8756.801830093,"data":"        \"step\": 5260,\n"}
,{"stream_name":"stdout","time":8756.801833448,"data":"        \"loss\": 4.6207,\n"}
,{"stream_name":"stdout","time":8756.801839135,"data":"        \"lr\": 0.0002,\n"}
,{"stream_name":"stdout","time":8756.801842508,"data":"        \"tokens_per_second\": 9687\n"}
,{"stream_name":"stdout","time":8756.801845893,"data":"      },\n"}
,{"stream_name":"stdout","time":8756.801849118,"data":"      {\n"}
,{"stream_name":"stdout","time":8756.801852363,"data":"        \"step\": 5270,\n"}
,{"stream_name":"stdout","time":8756.801855635,"data":"        \"loss\": 4.6796,\n"}
,{"stream_name":"stdout","time":8756.801858931,"data":"        \"lr\": 0.0002,\n"}
,{"stream_name":"stdout","time":8756.801862247,"data":"        \"tokens_per_second\": 9686\n"}
,{"stream_name":"stdout","time":8756.801865572,"data":"      },\n"}
,{"stream_name":"stdout","time":8756.80186882,"data":"      {\n"}
,{"stream_name":"stdout","time":8756.80187207,"data":"        \"step\": 5280,\n"}
,{"stream_name":"stdout","time":8756.801875325,"data":"        \"loss\": 4.639,\n"}
,{"stream_name":"stdout","time":8756.801878676,"data":"        \"lr\": 0.0002,\n"}
,{"stream_name":"stdout","time":8756.801883572,"data":"        \"tokens_per_second\": 9687\n"}
,{"stream_name":"stdout","time":8756.801889811,"data":"      },\n"}
,{"stream_name":"stdout","time":8756.80189206,"data":"      {\n"}
,{"stream_name":"stdout","time":8756.801894838,"data":"        \"step\": 5290,\n"}
,{"stream_name":"stdout","time":8756.801910096,"data":"        \"loss\": 4.6907,\n"}
,{"stream_name":"stdout","time":8756.801914263,"data":"        \"lr\": 0.0002,\n"}
,{"stream_name":"stdout","time":8756.801918128,"data":"        \"tokens_per_second\": 9688\n"}
,{"stream_name":"stdout","time":8756.801922102,"data":"      },\n"}
,{"stream_name":"stdout","time":8756.801925703,"data":"      {\n"}
,{"stream_name":"stdout","time":8756.801936148,"data":"        \"step\": 5300,\n"}
,{"stream_name":"stdout","time":8756.801939545,"data":"        \"loss\": 4.6692,\n"}
,{"stream_name":"stdout","time":8756.80194283,"data":"        \"lr\": 0.0002,\n"}
,{"stream_name":"stdout","time":8756.801946123,"data":"        \"tokens_per_second\": 9677\n"}
,{"stream_name":"stdout","time":8756.801949485,"data":"      },\n"}
,{"stream_name":"stdout","time":8756.80195266,"data":"      {\n"}
,{"stream_name":"stdout","time":8756.801955825,"data":"        \"step\": 5310,\n"}
,{"stream_name":"stdout","time":8756.801959127,"data":"        \"loss\": 4.6422,\n"}
,{"stream_name":"stdout","time":8756.801962436,"data":"        \"lr\": 0.0002,\n"}
,{"stream_name":"stdout","time":8756.801965653,"data":"        \"tokens_per_second\": 9690\n"}
,{"stream_name":"stdout","time":8756.801968972,"data":"      },\n"}
,{"stream_name":"stdout","time":8756.801972161,"data":"      {\n"}
,{"stream_name":"stdout","time":8756.801975347,"data":"        \"step\": 5320,\n"}
,{"stream_name":"stdout","time":8756.801980352,"data":"        \"loss\": 4.6519,\n"}
,{"stream_name":"stdout","time":8756.801986762,"data":"        \"lr\": 0.0002,\n"}
,{"stream_name":"stdout","time":8756.80198937,"data":"        \"tokens_per_second\": 9680\n"}
,{"stream_name":"stdout","time":8756.8020044,"data":"      },\n"}
,{"stream_name":"stdout","time":8756.802008145,"data":"      {\n"}
,{"stream_name":"stdout","time":8756.80201195,"data":"        \"step\": 5330,\n"}
,{"stream_name":"stdout","time":8756.802015493,"data":"        \"loss\": 4.6206,\n"}
,{"stream_name":"stdout","time":8756.802019757,"data":"        \"lr\": 0.0002,\n"}
,{"stream_name":"stdout","time":8756.802023163,"data":"        \"tokens_per_second\": 9684\n"}
,{"stream_name":"stdout","time":8756.802032549,"data":"      },\n"}
,{"stream_name":"stdout","time":8756.802035781,"data":"      {\n"}
,{"stream_name":"stdout","time":8756.80203893,"data":"        \"step\": 5340,\n"}
,{"stream_name":"stdout","time":8756.802042231,"data":"        \"loss\": 4.6422,\n"}
,{"stream_name":"stdout","time":8756.802045533,"data":"        \"lr\": 0.0002,\n"}
,{"stream_name":"stdout","time":8756.802048828,"data":"        \"tokens_per_second\": 9681\n"}
,{"stream_name":"stdout","time":8756.802052163,"data":"      },\n"}
,{"stream_name":"stdout","time":8756.802055351,"data":"      {\n"}
,{"stream_name":"stdout","time":8756.802058405,"data":"        \"step\": 5350,\n"}
,{"stream_name":"stdout","time":8756.802061633,"data":"        \"loss\": 4.6536,\n"}
,{"stream_name":"stdout","time":8756.802064922,"data":"        \"lr\": 0.0002,\n"}
,{"stream_name":"stdout","time":8756.80206821,"data":"        \"tokens_per_second\": 9684\n"}
,{"stream_name":"stdout","time":8756.802071558,"data":"      },\n"}
,{"stream_name":"stdout","time":8756.802074615,"data":"      {\n"}
,{"stream_name":"stdout","time":8756.802079362,"data":"        \"step\": 5360,\n"}
,{"stream_name":"stdout","time":8756.802085736,"data":"        \"loss\": 4.6389,\n"}
,{"stream_name":"stdout","time":8756.802100192,"data":"        \"lr\": 0.0002,\n"}
,{"stream_name":"stdout","time":8756.802103951,"data":"        \"tokens_per_second\": 9679\n"}
,{"stream_name":"stdout","time":8756.802108022,"data":"      },\n"}
,{"stream_name":"stdout","time":8756.802111367,"data":"      {\n"}
,{"stream_name":"stdout","time":8756.802115241,"data":"        \"step\": 5370,\n"}
,{"stream_name":"stdout","time":8756.802118712,"data":"        \"loss\": 4.6324,\n"}
,{"stream_name":"stdout","time":8756.802122066,"data":"        \"lr\": 0.0002,\n"}
,{"stream_name":"stdout","time":8756.802132474,"data":"        \"tokens_per_second\": 9683\n"}
,{"stream_name":"stdout","time":8756.802136025,"data":"      },\n"}
,{"stream_name":"stdout","time":8756.802139236,"data":"      {\n"}
,{"stream_name":"stdout","time":8756.802142394,"data":"        \"step\": 5380,\n"}
,{"stream_name":"stdout","time":8756.802145685,"data":"        \"loss\": 4.6278,\n"}
,{"stream_name":"stdout","time":8756.802148992,"data":"        \"lr\": 0.0002,\n"}
,{"stream_name":"stdout","time":8756.802152285,"data":"        \"tokens_per_second\": 9682\n"}
,{"stream_name":"stdout","time":8756.802155612,"data":"      },\n"}
,{"stream_name":"stdout","time":8756.802158762,"data":"      {\n"}
,{"stream_name":"stdout","time":8756.802161932,"data":"        \"step\": 5390,\n"}
,{"stream_name":"stdout","time":8756.802165141,"data":"        \"loss\": 4.6349,\n"}
,{"stream_name":"stdout","time":8756.802168384,"data":"        \"lr\": 0.0002,\n"}
,{"stream_name":"stdout","time":8756.802173453,"data":"        \"tokens_per_second\": 9686\n"}
,{"stream_name":"stdout","time":8756.802179942,"data":"      },\n"}
,{"stream_name":"stdout","time":8756.802182974,"data":"      {\n"}
,{"stream_name":"stdout","time":8756.802197681,"data":"        \"step\": 5400,\n"}
,{"stream_name":"stdout","time":8756.802201745,"data":"        \"loss\": 4.6157,\n"}
,{"stream_name":"stdout","time":8756.802205549,"data":"        \"lr\": 0.0002,\n"}
,{"stream_name":"stdout","time":8756.802209463,"data":"        \"tokens_per_second\": 9681\n"}
,{"stream_name":"stdout","time":8756.802212901,"data":"      },\n"}
,{"stream_name":"stdout","time":8756.802216196,"data":"      {\n"}
,{"stream_name":"stdout","time":8756.802219839,"data":"        \"step\": 5410,\n"}
,{"stream_name":"stdout","time":8756.802234802,"data":"        \"loss\": 4.6157,\n"}
,{"stream_name":"stdout","time":8756.80223852,"data":"        \"lr\": 0.0002,\n"}
,{"stream_name":"stdout","time":8756.802241836,"data":"        \"tokens_per_second\": 9691\n"}
,{"stream_name":"stdout","time":8756.802247919,"data":"      },\n"}
,{"stream_name":"stdout","time":8756.802251591,"data":"      {\n"}
,{"stream_name":"stdout","time":8756.802255301,"data":"        \"step\": 5420,\n"}
,{"stream_name":"stdout","time":8756.80225864,"data":"        \"loss\": 4.6453,\n"}
,{"stream_name":"stdout","time":8756.802261906,"data":"        \"lr\": 0.0002,\n"}
,{"stream_name":"stdout","time":8756.802265262,"data":"        \"tokens_per_second\": 9686\n"}
,{"stream_name":"stdout","time":8756.802268594,"data":"      },\n"}
,{"stream_name":"stdout","time":8756.802271785,"data":"      {\n"}
,{"stream_name":"stdout","time":8756.802274936,"data":"        \"step\": 5430,\n"}
,{"stream_name":"stdout","time":8756.802278077,"data":"        \"loss\": 4.6182,\n"}
,{"stream_name":"stdout","time":8756.802281891,"data":"        \"lr\": 0.0002,\n"}
,{"stream_name":"stdout","time":8756.802286027,"data":"        \"tokens_per_second\": 9685\n"}
,{"stream_name":"stdout","time":8756.802290127,"data":"      },\n"}
,{"stream_name":"stdout","time":8756.802293999,"data":"      {\n"}
,{"stream_name":"stdout","time":8756.802297609,"data":"        \"step\": 5440,\n"}
,{"stream_name":"stdout","time":8756.802300879,"data":"        \"loss\": 4.6252,\n"}
,{"stream_name":"stdout","time":8756.802304146,"data":"        \"lr\": 0.0002,\n"}
,{"stream_name":"stdout","time":8756.802307391,"data":"        \"tokens_per_second\": 9684\n"}
,{"stream_name":"stdout","time":8756.802310695,"data":"      },\n"}
,{"stream_name":"stdout","time":8756.80231394,"data":"      {\n"}
,{"stream_name":"stdout","time":8756.802324657,"data":"        \"step\": 5450,\n"}
,{"stream_name":"stdout","time":8756.802328116,"data":"        \"loss\": 4.6079,\n"}
,{"stream_name":"stdout","time":8756.802331374,"data":"        \"lr\": 0.0002,\n"}
,{"stream_name":"stdout","time":8756.802334687,"data":"        \"tokens_per_second\": 9688\n"}
,{"stream_name":"stdout","time":8756.802337966,"data":"      },\n"}
,{"stream_name":"stdout","time":8756.802341166,"data":"      {\n"}
,{"stream_name":"stdout","time":8756.802344336,"data":"        \"step\": 5460,\n"}
,{"stream_name":"stdout","time":8756.802347702,"data":"        \"loss\": 4.5953,\n"}
,{"stream_name":"stdout","time":8756.802353007,"data":"        \"lr\": 0.0002,\n"}
,{"stream_name":"stdout","time":8756.802359479,"data":"        \"tokens_per_second\": 9685\n"}
,{"stream_name":"stdout","time":8756.802362459,"data":"      },\n"}
,{"stream_name":"stdout","time":8756.802377153,"data":"      {\n"}
,{"stream_name":"stdout","time":8756.802380827,"data":"        \"step\": 5470,\n"}
,{"stream_name":"stdout","time":8756.802384661,"data":"        \"loss\": 4.6209,\n"}
,{"stream_name":"stdout","time":8756.80238815,"data":"        \"lr\": 0.0002,\n"}
,{"stream_name":"stdout","time":8756.802392349,"data":"        \"tokens_per_second\": 9693\n"}
,{"stream_name":"stdout","time":8756.802395806,"data":"      },\n"}
,{"stream_name":"stdout","time":8756.80239915,"data":"      {\n"}
,{"stream_name":"stdout","time":8756.802402327,"data":"        \"step\": 5480,\n"}
,{"stream_name":"stdout","time":8756.802405644,"data":"        \"loss\": 4.6065,\n"}
,{"stream_name":"stdout","time":8756.802408949,"data":"        \"lr\": 0.0002,\n"}
,{"stream_name":"stdout","time":8756.802412368,"data":"        \"tokens_per_second\": 9684\n"}
,{"stream_name":"stdout","time":8756.802415686,"data":"      },\n"}
,{"stream_name":"stdout","time":8756.802418899,"data":"      {\n"}
,{"stream_name":"stdout","time":8756.802422048,"data":"        \"step\": 5490,\n"}
,{"stream_name":"stdout","time":8756.80242536,"data":"        \"loss\": 4.5983,\n"}
,{"stream_name":"stdout","time":8756.802428726,"data":"        \"lr\": 0.0002,\n"}
,{"stream_name":"stdout","time":8756.802432087,"data":"        \"tokens_per_second\": 9685\n"}
,{"stream_name":"stdout","time":8756.802435384,"data":"      },\n"}
,{"stream_name":"stdout","time":8756.802438574,"data":"      {\n"}
,{"stream_name":"stdout","time":8756.802441747,"data":"        \"step\": 5500,\n"}
,{"stream_name":"stdout","time":8756.802444996,"data":"        \"loss\": 4.556,\n"}
,{"stream_name":"stdout","time":8756.802450183,"data":"        \"lr\": 0.0002,\n"}
,{"stream_name":"stdout","time":8756.802457251,"data":"        \"tokens_per_second\": 9683\n"}
,{"stream_name":"stdout","time":8756.802460253,"data":"      },\n"}
,{"stream_name":"stdout","time":8756.802474722,"data":"      {\n"}
,{"stream_name":"stdout","time":8756.802478549,"data":"        \"step\": 5510,\n"}
,{"stream_name":"stdout","time":8756.802482525,"data":"        \"loss\": 4.5783,\n"}
,{"stream_name":"stdout","time":8756.802486333,"data":"        \"lr\": 0.0002,\n"}
,{"stream_name":"stdout","time":8756.802490182,"data":"        \"tokens_per_second\": 7834\n"}
,{"stream_name":"stdout","time":8756.802493609,"data":"      },\n"}
,{"stream_name":"stdout","time":8756.802496842,"data":"      {\n"}
,{"stream_name":"stdout","time":8756.802499991,"data":"        \"step\": 5520,\n"}
,{"stream_name":"stdout","time":8756.802503223,"data":"        \"loss\": 4.585,\n"}
,{"stream_name":"stdout","time":8756.802506505,"data":"        \"lr\": 0.0002,\n"}
,{"stream_name":"stdout","time":8756.802513242,"data":"        \"tokens_per_second\": 9687\n"}
,{"stream_name":"stdout","time":8756.802516405,"data":"      },\n"}
,{"stream_name":"stdout","time":8756.802519674,"data":"      {\n"}
,{"stream_name":"stdout","time":8756.802623576,"data":"        \"step\": 5530,\n"}
,{"stream_name":"stdout","time":8756.802635153,"data":"        \"loss\": 4.6136,\n"}
,{"stream_name":"stdout","time":8756.802639806,"data":"        \"lr\": 0.0002,\n"}
,{"stream_name":"stdout","time":8756.802643538,"data":"        \"tokens_per_second\": 9688\n"}
,{"stream_name":"stdout","time":8756.802647099,"data":"      },\n"}
,{"stream_name":"stdout","time":8756.802650467,"data":"      {\n"}
,{"stream_name":"stdout","time":8756.802653694,"data":"        \"step\": 5540,\n"}
,{"stream_name":"stdout","time":8756.802657051,"data":"        \"loss\": 4.6189,\n"}
,{"stream_name":"stdout","time":8756.802660397,"data":"        \"lr\": 0.0002,\n"}
,{"stream_name":"stdout","time":8756.802663891,"data":"        \"tokens_per_second\": 9687\n"}
,{"stream_name":"stdout","time":8756.802667241,"data":"      },\n"}
,{"stream_name":"stdout","time":8756.80267044,"data":"      {\n"}
,{"stream_name":"stdout","time":8756.802673652,"data":"        \"step\": 5550,\n"}
,{"stream_name":"stdout","time":8756.802677029,"data":"        \"loss\": 4.5562,\n"}
,{"stream_name":"stdout","time":8756.802680319,"data":"        \"lr\": 0.0002,\n"}
,{"stream_name":"stdout","time":8756.802683634,"data":"        \"tokens_per_second\": 9687\n"}
,{"stream_name":"stdout","time":8756.802687115,"data":"      },\n"}
,{"stream_name":"stdout","time":8756.802690383,"data":"      {\n"}
,{"stream_name":"stdout","time":8756.802693548,"data":"        \"step\": 5560,\n"}
,{"stream_name":"stdout","time":8756.802697131,"data":"        \"loss\": 4.6064,\n"}
,{"stream_name":"stdout","time":8756.802702286,"data":"        \"lr\": 0.0002,\n"}
,{"stream_name":"stdout","time":8756.802705473,"data":"        \"tokens_per_second\": 9689\n"}
,{"stream_name":"stdout","time":8756.802708952,"data":"      },\n"}
,{"stream_name":"stdout","time":8756.802713764,"data":"      {\n"}
,{"stream_name":"stdout","time":8756.802717919,"data":"        \"step\": 5570,\n"}
,{"stream_name":"stdout","time":8756.802721767,"data":"        \"loss\": 4.5915,\n"}
,{"stream_name":"stdout","time":8756.802725631,"data":"        \"lr\": 0.0002,\n"}
,{"stream_name":"stdout","time":8756.802730057,"data":"        \"tokens_per_second\": 9691\n"}
,{"stream_name":"stdout","time":8756.802734056,"data":"      },\n"}
,{"stream_name":"stdout","time":8756.802737341,"data":"      {\n"}
,{"stream_name":"stdout","time":8756.802740574,"data":"        \"step\": 5580,\n"}
,{"stream_name":"stdout","time":8756.802743926,"data":"        \"loss\": 4.5557,\n"}
,{"stream_name":"stdout","time":8756.802747266,"data":"        \"lr\": 0.0002,\n"}
,{"stream_name":"stdout","time":8756.802750724,"data":"        \"tokens_per_second\": 9689\n"}
,{"stream_name":"stdout","time":8756.802754144,"data":"      },\n"}
,{"stream_name":"stdout","time":8756.802757448,"data":"      {\n"}
,{"stream_name":"stdout","time":8756.802760626,"data":"        \"step\": 5590,\n"}
,{"stream_name":"stdout","time":8756.802763932,"data":"        \"loss\": 4.5868,\n"}
,{"stream_name":"stdout","time":8756.802767316,"data":"        \"lr\": 0.0002,\n"}
,{"stream_name":"stdout","time":8756.802770788,"data":"        \"tokens_per_second\": 9683\n"}
,{"stream_name":"stdout","time":8756.802774214,"data":"      },\n"}
,{"stream_name":"stdout","time":8756.802777589,"data":"      {\n"}
,{"stream_name":"stdout","time":8756.802796559,"data":"        \"step\": 5600,\n"}
,{"stream_name":"stdout","time":8756.802799949,"data":"        \"loss\": 4.5232,\n"}
,{"stream_name":"stdout","time":8756.802815574,"data":"        \"lr\": 0.0002,\n"}
,{"stream_name":"stdout","time":8756.802819502,"data":"        \"tokens_per_second\": 9679\n"}
,{"stream_name":"stdout","time":8756.802823309,"data":"      },\n"}
,{"stream_name":"stdout","time":8756.802826791,"data":"      {\n"}
,{"stream_name":"stdout","time":8756.802830599,"data":"        \"step\": 5610,\n"}
,{"stream_name":"stdout","time":8756.802834439,"data":"        \"loss\": 4.571,\n"}
,{"stream_name":"stdout","time":8756.802837802,"data":"        \"lr\": 0.0002,\n"}
,{"stream_name":"stdout","time":8756.802841164,"data":"        \"tokens_per_second\": 9686\n"}
,{"stream_name":"stdout","time":8756.802844508,"data":"      },\n"}
,{"stream_name":"stdout","time":8756.802847704,"data":"      {\n"}
,{"stream_name":"stdout","time":8756.802850909,"data":"        \"step\": 5620,\n"}
,{"stream_name":"stdout","time":8756.802854233,"data":"        \"loss\": 4.5292,\n"}
,{"stream_name":"stdout","time":8756.802857569,"data":"        \"lr\": 0.0002,\n"}
,{"stream_name":"stdout","time":8756.802860962,"data":"        \"tokens_per_second\": 9683\n"}
,{"stream_name":"stdout","time":8756.802864282,"data":"      },\n"}
,{"stream_name":"stdout","time":8756.802867531,"data":"      {\n"}
,{"stream_name":"stdout","time":8756.80287073,"data":"        \"step\": 5630,\n"}
,{"stream_name":"stdout","time":8756.802874086,"data":"        \"loss\": 4.5228,\n"}
,{"stream_name":"stdout","time":8756.802877459,"data":"        \"lr\": 0.0002,\n"}
,{"stream_name":"stdout","time":8756.802882754,"data":"        \"tokens_per_second\": 9690\n"}
,{"stream_name":"stdout","time":8756.802886271,"data":"      },\n"}
,{"stream_name":"stdout","time":8756.802894922,"data":"      {\n"}
,{"stream_name":"stdout","time":8756.802897707,"data":"        \"step\": 5640,\n"}
,{"stream_name":"stdout","time":8756.802913152,"data":"        \"loss\": 4.5528,\n"}
,{"stream_name":"stdout","time":8756.802917456,"data":"        \"lr\": 0.0002,\n"}
,{"stream_name":"stdout","time":8756.802921241,"data":"        \"tokens_per_second\": 9686\n"}
,{"stream_name":"stdout","time":8756.802925376,"data":"      },\n"}
,{"stream_name":"stdout","time":8756.802929178,"data":"      {\n"}
,{"stream_name":"stdout","time":8756.802932392,"data":"        \"step\": 5650,\n"}
,{"stream_name":"stdout","time":8756.802935717,"data":"        \"loss\": 4.5377,\n"}
,{"stream_name":"stdout","time":8756.802939027,"data":"        \"lr\": 0.0002,\n"}
,{"stream_name":"stdout","time":8756.802942326,"data":"        \"tokens_per_second\": 9690\n"}
,{"stream_name":"stdout","time":8756.802945675,"data":"      },\n"}
,{"stream_name":"stdout","time":8756.802948859,"data":"      {\n"}
,{"stream_name":"stdout","time":8756.802952046,"data":"        \"step\": 5660,\n"}
,{"stream_name":"stdout","time":8756.80295534,"data":"        \"loss\": 4.5413,\n"}
,{"stream_name":"stdout","time":8756.802958592,"data":"        \"lr\": 0.0002,\n"}
,{"stream_name":"stdout","time":8756.80296245,"data":"        \"tokens_per_second\": 9688\n"}
,{"stream_name":"stdout","time":8756.802965766,"data":"      },\n"}
,{"stream_name":"stdout","time":8756.802969027,"data":"      {\n"}
,{"stream_name":"stdout","time":8756.802972186,"data":"        \"step\": 5670,\n"}
,{"stream_name":"stdout","time":8756.802975492,"data":"        \"loss\": 4.5537,\n"}
,{"stream_name":"stdout","time":8756.802978766,"data":"        \"lr\": 0.0002,\n"}
,{"stream_name":"stdout","time":8756.802991834,"data":"        \"tokens_per_second\": 9687\n"}
,{"stream_name":"stdout","time":8756.80299494,"data":"      },\n"}
,{"stream_name":"stdout","time":8756.803015675,"data":"      {\n"}
,{"stream_name":"stdout","time":8756.803019779,"data":"        \"step\": 5680,\n"}
,{"stream_name":"stdout","time":8756.803023505,"data":"        \"loss\": 4.5337,\n"}
,{"stream_name":"stdout","time":8756.803027441,"data":"        \"lr\": 0.0002,\n"}
,{"stream_name":"stdout","time":8756.803038154,"data":"        \"tokens_per_second\": 9688\n"}
,{"stream_name":"stdout","time":8756.803041495,"data":"      },\n"}
,{"stream_name":"stdout","time":8756.803044703,"data":"      {\n"}
,{"stream_name":"stdout","time":8756.80304782,"data":"        \"step\": 5690,\n"}
,{"stream_name":"stdout","time":8756.803051245,"data":"        \"loss\": 4.5573,\n"}
,{"stream_name":"stdout","time":8756.803054667,"data":"        \"lr\": 0.0002,\n"}
,{"stream_name":"stdout","time":8756.803058023,"data":"        \"tokens_per_second\": 9691\n"}
,{"stream_name":"stdout","time":8756.803061366,"data":"      },\n"}
,{"stream_name":"stdout","time":8756.803064607,"data":"      {\n"}
,{"stream_name":"stdout","time":8756.803067797,"data":"        \"step\": 5700,\n"}
,{"stream_name":"stdout","time":8756.803071115,"data":"        \"loss\": 4.5587,\n"}
,{"stream_name":"stdout","time":8756.803074397,"data":"        \"lr\": 0.0002,\n"}
,{"stream_name":"stdout","time":8756.8030777,"data":"        \"tokens_per_second\": 9679\n"}
,{"stream_name":"stdout","time":8756.803081047,"data":"      },\n"}
,{"stream_name":"stdout","time":8756.803084254,"data":"      {\n"}
,{"stream_name":"stdout","time":8756.803092111,"data":"        \"step\": 5710,\n"}
,{"stream_name":"stdout","time":8756.803094881,"data":"        \"loss\": 4.5618,\n"}
,{"stream_name":"stdout","time":8756.803097808,"data":"        \"lr\": 0.0002,\n"}
,{"stream_name":"stdout","time":8756.803112254,"data":"        \"tokens_per_second\": 9684\n"}
,{"stream_name":"stdout","time":8756.803116879,"data":"      },\n"}
,{"stream_name":"stdout","time":8756.803120786,"data":"      {\n"}
,{"stream_name":"stdout","time":8756.803124559,"data":"        \"step\": 5720,\n"}
,{"stream_name":"stdout","time":8756.803128454,"data":"        \"loss\": 4.535,\n"}
,{"stream_name":"stdout","time":8756.803131795,"data":"        \"lr\": 0.0002,\n"}
,{"stream_name":"stdout","time":8756.803135249,"data":"        \"tokens_per_second\": 9690\n"}
,{"stream_name":"stdout","time":8756.803138638,"data":"      },\n"}
,{"stream_name":"stdout","time":8756.803141802,"data":"      {\n"}
,{"stream_name":"stdout","time":8756.803144969,"data":"        \"step\": 5730,\n"}
,{"stream_name":"stdout","time":8756.803148268,"data":"        \"loss\": 4.5379,\n"}
,{"stream_name":"stdout","time":8756.803151555,"data":"        \"lr\": 0.0002,\n"}
,{"stream_name":"stdout","time":8756.803154828,"data":"        \"tokens_per_second\": 9689\n"}
,{"stream_name":"stdout","time":8756.803158159,"data":"      },\n"}
,{"stream_name":"stdout","time":8756.803161279,"data":"      {\n"}
,{"stream_name":"stdout","time":8756.803164426,"data":"        \"step\": 5740,\n"}
,{"stream_name":"stdout","time":8756.803167719,"data":"        \"loss\": 4.5446,\n"}
,{"stream_name":"stdout","time":8756.803170999,"data":"        \"lr\": 0.0002,\n"}
,{"stream_name":"stdout","time":8756.803174326,"data":"        \"tokens_per_second\": 9693\n"}
,{"stream_name":"stdout","time":8756.803177566,"data":"      },\n"}
,{"stream_name":"stdout","time":8756.803180787,"data":"      {\n"}
,{"stream_name":"stdout","time":8756.803207526,"data":"        \"step\": 5750,\n"}
,{"stream_name":"stdout","time":8756.803212356,"data":"        \"loss\": 4.5519,\n"}
,{"stream_name":"stdout","time":8756.803216454,"data":"        \"lr\": 0.0002,\n"}
,{"stream_name":"stdout","time":8756.803239267,"data":"        \"tokens_per_second\": 9688\n"}
,{"stream_name":"stdout","time":8756.803243251,"data":"      },\n"}
,{"stream_name":"stdout","time":8756.803246533,"data":"      {\n"}
,{"stream_name":"stdout","time":8756.803249679,"data":"        \"step\": 5760,\n"}
,{"stream_name":"stdout","time":8756.803252979,"data":"        \"loss\": 4.5189,\n"}
,{"stream_name":"stdout","time":8756.803256272,"data":"        \"lr\": 0.0002,\n"}
,{"stream_name":"stdout","time":8756.803259542,"data":"        \"tokens_per_second\": 9688\n"}
,{"stream_name":"stdout","time":8756.803263236,"data":"      },\n"}
,{"stream_name":"stdout","time":8756.80326644,"data":"      {\n"}
,{"stream_name":"stdout","time":8756.803269651,"data":"        \"step\": 5770,\n"}
,{"stream_name":"stdout","time":8756.803273047,"data":"        \"loss\": 4.5426,\n"}
,{"stream_name":"stdout","time":8756.80327649,"data":"        \"lr\": 0.0002,\n"}
,{"stream_name":"stdout","time":8756.80327982,"data":"        \"tokens_per_second\": 9688\n"}
,{"stream_name":"stdout","time":8756.803283187,"data":"      },\n"}
,{"stream_name":"stdout","time":8756.803286317,"data":"      {\n"}
,{"stream_name":"stdout","time":8756.803289553,"data":"        \"step\": 5780,\n"}
,{"stream_name":"stdout","time":8756.803292939,"data":"        \"loss\": 4.5243,\n"}
,{"stream_name":"stdout","time":8756.803300951,"data":"        \"lr\": 0.0002,\n"}
,{"stream_name":"stdout","time":8756.803304377,"data":"        \"tokens_per_second\": 9685\n"}
,{"stream_name":"stdout","time":8756.803319294,"data":"      },\n"}
,{"stream_name":"stdout","time":8756.803323003,"data":"      {\n"}
,{"stream_name":"stdout","time":8756.803326812,"data":"        \"step\": 5790,\n"}
,{"stream_name":"stdout","time":8756.803330395,"data":"        \"loss\": 4.491,\n"}
,{"stream_name":"stdout","time":8756.803334426,"data":"        \"lr\": 0.0002,\n"}
,{"stream_name":"stdout","time":8756.803337902,"data":"        \"tokens_per_second\": 9686\n"}
,{"stream_name":"stdout","time":8756.803341256,"data":"      },\n"}
,{"stream_name":"stdout","time":8756.803344568,"data":"      {\n"}
,{"stream_name":"stdout","time":8756.803347971,"data":"        \"step\": 5800,\n"}
,{"stream_name":"stdout","time":8756.803351344,"data":"        \"loss\": 4.5295,\n"}
,{"stream_name":"stdout","time":8756.803354657,"data":"        \"lr\": 0.0002,\n"}
,{"stream_name":"stdout","time":8756.803358028,"data":"        \"tokens_per_second\": 9672\n"}
,{"stream_name":"stdout","time":8756.803361391,"data":"      },\n"}
,{"stream_name":"stdout","time":8756.803364583,"data":"      {\n"}
,{"stream_name":"stdout","time":8756.803368431,"data":"        \"step\": 5810,\n"}
,{"stream_name":"stdout","time":8756.803371852,"data":"        \"loss\": 4.5061,\n"}
,{"stream_name":"stdout","time":8756.803375231,"data":"        \"lr\": 0.0002,\n"}
,{"stream_name":"stdout","time":8756.803378691,"data":"        \"tokens_per_second\": 9683\n"}
,{"stream_name":"stdout","time":8756.803382096,"data":"      },\n"}
,{"stream_name":"stdout","time":8756.803385265,"data":"      {\n"}
,{"stream_name":"stdout","time":8756.803388495,"data":"        \"step\": 5820,\n"}
,{"stream_name":"stdout","time":8756.803396198,"data":"        \"loss\": 4.544,\n"}
,{"stream_name":"stdout","time":8756.803399099,"data":"        \"lr\": 0.0002,\n"}
,{"stream_name":"stdout","time":8756.803417471,"data":"        \"tokens_per_second\": 9680\n"}
,{"stream_name":"stdout","time":8756.803421855,"data":"      },\n"}
,{"stream_name":"stdout","time":8756.803425644,"data":"      {\n"}
,{"stream_name":"stdout","time":8756.803429455,"data":"        \"step\": 5830,\n"}
,{"stream_name":"stdout","time":8756.803433244,"data":"        \"loss\": 4.4968,\n"}
,{"stream_name":"stdout","time":8756.80343658,"data":"        \"lr\": 0.0002,\n"}
,{"stream_name":"stdout","time":8756.803439818,"data":"        \"tokens_per_second\": 9683\n"}
,{"stream_name":"stdout","time":8756.803443161,"data":"      },\n"}
,{"stream_name":"stdout","time":8756.803446374,"data":"      {\n"}
,{"stream_name":"stdout","time":8756.803449573,"data":"        \"step\": 5840,\n"}
,{"stream_name":"stdout","time":8756.803452937,"data":"        \"loss\": 4.4796,\n"}
,{"stream_name":"stdout","time":8756.803457486,"data":"        \"lr\": 0.0002,\n"}
,{"stream_name":"stdout","time":8756.803461739,"data":"        \"tokens_per_second\": 9687\n"}
,{"stream_name":"stdout","time":8756.803465396,"data":"      },\n"}
,{"stream_name":"stdout","time":8756.803468623,"data":"      {\n"}
,{"stream_name":"stdout","time":8756.803472397,"data":"        \"step\": 5850,\n"}
,{"stream_name":"stdout","time":8756.803475917,"data":"        \"loss\": 4.5132,\n"}
,{"stream_name":"stdout","time":8756.803479309,"data":"        \"lr\": 0.0002,\n"}
,{"stream_name":"stdout","time":8756.803482648,"data":"        \"tokens_per_second\": 9687\n"}
,{"stream_name":"stdout","time":8756.803487706,"data":"      },\n"}
,{"stream_name":"stdout","time":8756.803494349,"data":"      {\n"}
,{"stream_name":"stdout","time":8756.803497057,"data":"        \"step\": 5860,\n"}
,{"stream_name":"stdout","time":8756.803511825,"data":"        \"loss\": 4.4888,\n"}
,{"stream_name":"stdout","time":8756.803516657,"data":"        \"lr\": 0.0002,\n"}
,{"stream_name":"stdout","time":8756.803520584,"data":"        \"tokens_per_second\": 9682\n"}
,{"stream_name":"stdout","time":8756.803524554,"data":"      },\n"}
,{"stream_name":"stdout","time":8756.803528156,"data":"      {\n"}
,{"stream_name":"stdout","time":8756.803531392,"data":"        \"step\": 5870,\n"}
,{"stream_name":"stdout","time":8756.803534712,"data":"        \"loss\": 4.516,\n"}
,{"stream_name":"stdout","time":8756.803538014,"data":"        \"lr\": 0.0002,\n"}
,{"stream_name":"stdout","time":8756.803541366,"data":"        \"tokens_per_second\": 9688\n"}
,{"stream_name":"stdout","time":8756.803544789,"data":"      },\n"}
,{"stream_name":"stdout","time":8756.803547991,"data":"      {\n"}
,{"stream_name":"stdout","time":8756.803551182,"data":"        \"step\": 5880,\n"}
,{"stream_name":"stdout","time":8756.803554479,"data":"        \"loss\": 4.514,\n"}
,{"stream_name":"stdout","time":8756.803557781,"data":"        \"lr\": 0.0002,\n"}
,{"stream_name":"stdout","time":8756.803561084,"data":"        \"tokens_per_second\": 9687\n"}
,{"stream_name":"stdout","time":8756.80356441,"data":"      },\n"}
,{"stream_name":"stdout","time":8756.803567589,"data":"      {\n"}
,{"stream_name":"stdout","time":8756.803570737,"data":"        \"step\": 5890,\n"}
,{"stream_name":"stdout","time":8756.803574081,"data":"        \"loss\": 4.5193,\n"}
,{"stream_name":"stdout","time":8756.803577384,"data":"        \"lr\": 0.0002,\n"}
,{"stream_name":"stdout","time":8756.803582361,"data":"        \"tokens_per_second\": 9686\n"}
,{"stream_name":"stdout","time":8756.803589202,"data":"      },\n"}
,{"stream_name":"stdout","time":8756.803591725,"data":"      {\n"}
,{"stream_name":"stdout","time":8756.803609141,"data":"        \"step\": 5900,\n"}
,{"stream_name":"stdout","time":8756.803613513,"data":"        \"loss\": 4.4984,\n"}
,{"stream_name":"stdout","time":8756.803617357,"data":"        \"lr\": 0.0002,\n"}
,{"stream_name":"stdout","time":8756.803621314,"data":"        \"tokens_per_second\": 9682\n"}
,{"stream_name":"stdout","time":8756.803624693,"data":"      },\n"}
,{"stream_name":"stdout","time":8756.803627892,"data":"      {\n"}
,{"stream_name":"stdout","time":8756.803631086,"data":"        \"step\": 5910,\n"}
,{"stream_name":"stdout","time":8756.803634385,"data":"        \"loss\": 4.5013,\n"}
,{"stream_name":"stdout","time":8756.803637841,"data":"        \"lr\": 0.0002,\n"}
,{"stream_name":"stdout","time":8756.803641171,"data":"        \"tokens_per_second\": 9688\n"}
,{"stream_name":"stdout","time":8756.803644516,"data":"      },\n"}
,{"stream_name":"stdout","time":8756.803647736,"data":"      {\n"}
,{"stream_name":"stdout","time":8756.803650893,"data":"        \"step\": 5920,\n"}
,{"stream_name":"stdout","time":8756.803654234,"data":"        \"loss\": 4.4963,\n"}
,{"stream_name":"stdout","time":8756.803657588,"data":"        \"lr\": 0.0002,\n"}
,{"stream_name":"stdout","time":8756.803660934,"data":"        \"tokens_per_second\": 9684\n"}
,{"stream_name":"stdout","time":8756.803664347,"data":"      },\n"}
,{"stream_name":"stdout","time":8756.803667529,"data":"      {\n"}
,{"stream_name":"stdout","time":8756.80367075,"data":"        \"step\": 5930,\n"}
,{"stream_name":"stdout","time":8756.803674154,"data":"        \"loss\": 4.5434,\n"}
,{"stream_name":"stdout","time":8756.80368224,"data":"        \"lr\": 0.0002,\n"}
,{"stream_name":"stdout","time":8756.803685123,"data":"        \"tokens_per_second\": 9689\n"}
,{"stream_name":"stdout","time":8756.80368812,"data":"      },\n"}
,{"stream_name":"stdout","time":8756.803701692,"data":"      {\n"}
,{"stream_name":"stdout","time":8756.803705584,"data":"        \"step\": 5940,\n"}
,{"stream_name":"stdout","time":8756.803709593,"data":"        \"loss\": 4.4869,\n"}
,{"stream_name":"stdout","time":8756.803713441,"data":"        \"lr\": 0.0002,\n"}
,{"stream_name":"stdout","time":8756.80371735,"data":"        \"tokens_per_second\": 9685\n"}
,{"stream_name":"stdout","time":8756.803720729,"data":"      },\n"}
,{"stream_name":"stdout","time":8756.803723939,"data":"      {\n"}
,{"stream_name":"stdout","time":8756.803727143,"data":"        \"step\": 5950,\n"}
,{"stream_name":"stdout","time":8756.803730426,"data":"        \"loss\": 4.4634,\n"}
,{"stream_name":"stdout","time":8756.803733762,"data":"        \"lr\": 0.0002,\n"}
,{"stream_name":"stdout","time":8756.803737137,"data":"        \"tokens_per_second\": 9690\n"}
,{"stream_name":"stdout","time":8756.803740461,"data":"      },\n"}
,{"stream_name":"stdout","time":8756.80374372,"data":"      {\n"}
,{"stream_name":"stdout","time":8756.803746891,"data":"        \"step\": 5960,\n"}
,{"stream_name":"stdout","time":8756.80375018,"data":"        \"loss\": 4.4696,\n"}
,{"stream_name":"stdout","time":8756.803753449,"data":"        \"lr\": 0.0002,\n"}
,{"stream_name":"stdout","time":8756.803756781,"data":"        \"tokens_per_second\": 9694\n"}
,{"stream_name":"stdout","time":8756.803760116,"data":"      },\n"}
,{"stream_name":"stdout","time":8756.803763308,"data":"      {\n"}
,{"stream_name":"stdout","time":8756.803766557,"data":"        \"step\": 5970,\n"}
,{"stream_name":"stdout","time":8756.803770004,"data":"        \"loss\": 4.4758,\n"}
,{"stream_name":"stdout","time":8756.803778821,"data":"        \"lr\": 0.0002,\n"}
,{"stream_name":"stdout","time":8756.80379597,"data":"        \"tokens_per_second\": 9690\n"}
,{"stream_name":"stdout","time":8756.803800081,"data":"      },\n"}
,{"stream_name":"stdout","time":8756.803803926,"data":"      {\n"}
,{"stream_name":"stdout","time":8756.803807599,"data":"        \"step\": 5980,\n"}
,{"stream_name":"stdout","time":8756.803813418,"data":"        \"loss\": 4.4924,\n"}
,{"stream_name":"stdout","time":8756.803816885,"data":"        \"lr\": 0.0002,\n"}
,{"stream_name":"stdout","time":8756.803820231,"data":"        \"tokens_per_second\": 9686\n"}
,{"stream_name":"stdout","time":8756.80382353,"data":"      },\n"}
,{"stream_name":"stdout","time":8756.803826738,"data":"      {\n"}
,{"stream_name":"stdout","time":8756.803829872,"data":"        \"step\": 5990,\n"}
,{"stream_name":"stdout","time":8756.803833216,"data":"        \"loss\": 4.4739,\n"}
,{"stream_name":"stdout","time":8756.803836509,"data":"        \"lr\": 0.0002,\n"}
,{"stream_name":"stdout","time":8756.803839836,"data":"        \"tokens_per_second\": 9685\n"}
,{"stream_name":"stdout","time":8756.803843137,"data":"      },\n"}
,{"stream_name":"stdout","time":8756.803846312,"data":"      {\n"}
,{"stream_name":"stdout","time":8756.803849331,"data":"        \"step\": 6000,\n"}
,{"stream_name":"stdout","time":8756.803852626,"data":"        \"loss\": 4.4548,\n"}
,{"stream_name":"stdout","time":8756.803855869,"data":"        \"lr\": 0.0002,\n"}
,{"stream_name":"stdout","time":8756.803859206,"data":"        \"tokens_per_second\": 9683\n"}
,{"stream_name":"stdout","time":8756.803862541,"data":"      },\n"}
,{"stream_name":"stdout","time":8756.803865802,"data":"      {\n"}
,{"stream_name":"stdout","time":8756.803873694,"data":"        \"step\": 6010,\n"}
,{"stream_name":"stdout","time":8756.803876776,"data":"        \"loss\": 4.4816,\n"}
,{"stream_name":"stdout","time":8756.80387948,"data":"        \"lr\": 0.0002,\n"}
,{"stream_name":"stdout","time":8756.803893961,"data":"        \"tokens_per_second\": 7842\n"}
,{"stream_name":"stdout","time":8756.803898414,"data":"      },\n"}
,{"stream_name":"stdout","time":8756.803902031,"data":"      {\n"}
,{"stream_name":"stdout","time":8756.803906053,"data":"        \"step\": 6020,\n"}
,{"stream_name":"stdout","time":8756.803909961,"data":"        \"loss\": 4.4711,\n"}
,{"stream_name":"stdout","time":8756.803913236,"data":"        \"lr\": 0.0002,\n"}
,{"stream_name":"stdout","time":8756.803916576,"data":"        \"tokens_per_second\": 9690\n"}
,{"stream_name":"stdout","time":8756.803919867,"data":"      },\n"}
,{"stream_name":"stdout","time":8756.803923062,"data":"      {\n"}
,{"stream_name":"stdout","time":8756.803926227,"data":"        \"step\": 6030,\n"}
,{"stream_name":"stdout","time":8756.803929484,"data":"        \"loss\": 4.4605,\n"}
,{"stream_name":"stdout","time":8756.803932732,"data":"        \"lr\": 0.0002,\n"}
,{"stream_name":"stdout","time":8756.803936076,"data":"        \"tokens_per_second\": 9686\n"}
,{"stream_name":"stdout","time":8756.803939419,"data":"      },\n"}
,{"stream_name":"stdout","time":8756.803942634,"data":"      {\n"}
,{"stream_name":"stdout","time":8756.803945951,"data":"        \"step\": 6040,\n"}
,{"stream_name":"stdout","time":8756.803949227,"data":"        \"loss\": 4.4358,\n"}
,{"stream_name":"stdout","time":8756.803952506,"data":"        \"lr\": 0.0002,\n"}
,{"stream_name":"stdout","time":8756.803955784,"data":"        \"tokens_per_second\": 9688\n"}
,{"stream_name":"stdout","time":8756.803959194,"data":"      },\n"}
,{"stream_name":"stdout","time":8756.803962409,"data":"      {\n"}
,{"stream_name":"stdout","time":8756.803973804,"data":"        \"step\": 6050,\n"}
,{"stream_name":"stdout","time":8756.803989005,"data":"        \"loss\": 4.4733,\n"}
,{"stream_name":"stdout","time":8756.80399298,"data":"        \"lr\": 0.0002,\n"}
,{"stream_name":"stdout","time":8756.803996919,"data":"        \"tokens_per_second\": 9691\n"}
,{"stream_name":"stdout","time":8756.804000375,"data":"      },\n"}
,{"stream_name":"stdout","time":8756.804004169,"data":"      {\n"}
,{"stream_name":"stdout","time":8756.804007678,"data":"        \"step\": 6060,\n"}
,{"stream_name":"stdout","time":8756.804011172,"data":"        \"loss\": 4.4402,\n"}
,{"stream_name":"stdout","time":8756.804014434,"data":"        \"lr\": 0.0002,\n"}
,{"stream_name":"stdout","time":8756.804017768,"data":"        \"tokens_per_second\": 9685\n"}
,{"stream_name":"stdout","time":8756.804020997,"data":"      },\n"}
,{"stream_name":"stdout","time":8756.804024155,"data":"      {\n"}
,{"stream_name":"stdout","time":8756.804027301,"data":"        \"step\": 6070,\n"}
,{"stream_name":"stdout","time":8756.804036341,"data":"        \"loss\": 4.4646,\n"}
,{"stream_name":"stdout","time":8756.804039682,"data":"        \"lr\": 0.0002,\n"}
,{"stream_name":"stdout","time":8756.804042932,"data":"        \"tokens_per_second\": 9688\n"}
,{"stream_name":"stdout","time":8756.804046352,"data":"      },\n"}
,{"stream_name":"stdout","time":8756.804049562,"data":"      {\n"}
,{"stream_name":"stdout","time":8756.804052742,"data":"        \"step\": 6080,\n"}
,{"stream_name":"stdout","time":8756.804055987,"data":"        \"loss\": 4.438,\n"}
,{"stream_name":"stdout","time":8756.804059341,"data":"        \"lr\": 0.0002,\n"}
,{"stream_name":"stdout","time":8756.804064207,"data":"        \"tokens_per_second\": 9689\n"}
,{"stream_name":"stdout","time":8756.804069852,"data":"      },\n"}
,{"stream_name":"stdout","time":8756.804072881,"data":"      {\n"}
,{"stream_name":"stdout","time":8756.804086817,"data":"        \"step\": 6090,\n"}
,{"stream_name":"stdout","time":8756.804090778,"data":"        \"loss\": 4.4515,\n"}
,{"stream_name":"stdout","time":8756.804094591,"data":"        \"lr\": 0.0002,\n"}
,{"stream_name":"stdout","time":8756.804098539,"data":"        \"tokens_per_second\": 9685\n"}
,{"stream_name":"stdout","time":8756.804102221,"data":"      },\n"}
,{"stream_name":"stdout","time":8756.804105426,"data":"      {\n"}
,{"stream_name":"stdout","time":8756.804108582,"data":"        \"step\": 6100,\n"}
,{"stream_name":"stdout","time":8756.804111819,"data":"        \"loss\": 4.4416,\n"}
,{"stream_name":"stdout","time":8756.804115099,"data":"        \"lr\": 0.0002,\n"}
,{"stream_name":"stdout","time":8756.804118494,"data":"        \"tokens_per_second\": 9679\n"}
,{"stream_name":"stdout","time":8756.804121919,"data":"      },\n"}
,{"stream_name":"stdout","time":8756.804125086,"data":"      {\n"}
,{"stream_name":"stdout","time":8756.804128273,"data":"        \"step\": 6110,\n"}
,{"stream_name":"stdout","time":8756.804131557,"data":"        \"loss\": 4.4469,\n"}
,{"stream_name":"stdout","time":8756.804134941,"data":"        \"lr\": 0.0002,\n"}
,{"stream_name":"stdout","time":8756.804138197,"data":"        \"tokens_per_second\": 9685\n"}
,{"stream_name":"stdout","time":8756.804141587,"data":"      },\n"}
,{"stream_name":"stdout","time":8756.804144804,"data":"      {\n"}
,{"stream_name":"stdout","time":8756.804148026,"data":"        \"step\": 6120,\n"}
,{"stream_name":"stdout","time":8756.804151271,"data":"        \"loss\": 4.4555,\n"}
,{"stream_name":"stdout","time":8756.804154617,"data":"        \"lr\": 0.0002,\n"}
,{"stream_name":"stdout","time":8756.804181484,"data":"        \"tokens_per_second\": 9690\n"}
,{"stream_name":"stdout","time":8756.804186324,"data":"      },\n"}
,{"stream_name":"stdout","time":8756.80419005,"data":"      {\n"}
,{"stream_name":"stdout","time":8756.804194874,"data":"        \"step\": 6130,\n"}
,{"stream_name":"stdout","time":8756.80419817,"data":"        \"loss\": 4.4234,\n"}
,{"stream_name":"stdout","time":8756.804201495,"data":"        \"lr\": 0.0002,\n"}
,{"stream_name":"stdout","time":8756.804204722,"data":"        \"tokens_per_second\": 9684\n"}
,{"stream_name":"stdout","time":8756.804208041,"data":"      },\n"}
,{"stream_name":"stdout","time":8756.804211256,"data":"      {\n"}
,{"stream_name":"stdout","time":8756.804214391,"data":"        \"step\": 6140,\n"}
,{"stream_name":"stdout","time":8756.804217815,"data":"        \"loss\": 4.4565,\n"}
,{"stream_name":"stdout","time":8756.804234881,"data":"        \"lr\": 0.0002,\n"}
,{"stream_name":"stdout","time":8756.804239854,"data":"        \"tokens_per_second\": 9691\n"}
,{"stream_name":"stdout","time":8756.804243269,"data":"      },\n"}
,{"stream_name":"stdout","time":8756.804246442,"data":"      {\n"}
,{"stream_name":"stdout","time":8756.804249541,"data":"        \"step\": 6150,\n"}
,{"stream_name":"stdout","time":8756.804252921,"data":"        \"loss\": 4.4722,\n"}
,{"stream_name":"stdout","time":8756.804256789,"data":"        \"lr\": 0.0002,\n"}
,{"stream_name":"stdout","time":8756.804260121,"data":"        \"tokens_per_second\": 9686\n"}
,{"stream_name":"stdout","time":8756.804263587,"data":"      },\n"}
,{"stream_name":"stdout","time":8756.804267211,"data":"      {\n"}
,{"stream_name":"stdout","time":8756.804270394,"data":"        \"step\": 6160,\n"}
,{"stream_name":"stdout","time":8756.804273855,"data":"        \"loss\": 4.4614,\n"}
,{"stream_name":"stdout","time":8756.804277223,"data":"        \"lr\": 0.0002,\n"}
,{"stream_name":"stdout","time":8756.804280845,"data":"        \"tokens_per_second\": 9688\n"}
,{"stream_name":"stdout","time":8756.8042843,"data":"      },\n"}
,{"stream_name":"stdout","time":8756.804287512,"data":"      {\n"}
,{"stream_name":"stdout","time":8756.804290664,"data":"        \"step\": 6170,\n"}
,{"stream_name":"stdout","time":8756.804293821,"data":"        \"loss\": 4.4077,\n"}
,{"stream_name":"stdout","time":8756.804298752,"data":"        \"lr\": 0.0002,\n"}
,{"stream_name":"stdout","time":8756.804306968,"data":"        \"tokens_per_second\": 9686\n"}
,{"stream_name":"stdout","time":8756.804310111,"data":"      },\n"}
,{"stream_name":"stdout","time":8756.804324579,"data":"      {\n"}
,{"stream_name":"stdout","time":8756.804328438,"data":"        \"step\": 6180,\n"}
,{"stream_name":"stdout","time":8756.804332385,"data":"        \"loss\": 4.4437,\n"}
,{"stream_name":"stdout","time":8756.804336424,"data":"        \"lr\": 0.0002,\n"}
,{"stream_name":"stdout","time":8756.804340229,"data":"        \"tokens_per_second\": 9689\n"}
,{"stream_name":"stdout","time":8756.8043436,"data":"      },\n"}
,{"stream_name":"stdout","time":8756.804346773,"data":"      {\n"}
,{"stream_name":"stdout","time":8756.804349904,"data":"        \"step\": 6190,\n"}
,{"stream_name":"stdout","time":8756.8043532,"data":"        \"loss\": 4.4356,\n"}
,{"stream_name":"stdout","time":8756.804356462,"data":"        \"lr\": 0.0002,\n"}
,{"stream_name":"stdout","time":8756.804359736,"data":"        \"tokens_per_second\": 9685\n"}
,{"stream_name":"stdout","time":8756.804363042,"data":"      },\n"}
,{"stream_name":"stdout","time":8756.804366262,"data":"      {\n"}
,{"stream_name":"stdout","time":8756.804377777,"data":"        \"step\": 6200,\n"}
,{"stream_name":"stdout","time":8756.804381416,"data":"        \"loss\": 4.4696,\n"}
,{"stream_name":"stdout","time":8756.80438472,"data":"        \"lr\": 0.0002,\n"}
,{"stream_name":"stdout","time":8756.804388039,"data":"        \"tokens_per_second\": 9681\n"}
,{"stream_name":"stdout","time":8756.804391437,"data":"      },\n"}
,{"stream_name":"stdout","time":8756.804400376,"data":"      {\n"}
,{"stream_name":"stdout","time":8756.804402847,"data":"        \"step\": 6210,\n"}
,{"stream_name":"stdout","time":8756.804417237,"data":"        \"loss\": 4.4353,\n"}
,{"stream_name":"stdout","time":8756.804421221,"data":"        \"lr\": 0.0002,\n"}
,{"stream_name":"stdout","time":8756.804425131,"data":"        \"tokens_per_second\": 9681\n"}
,{"stream_name":"stdout","time":8756.804428844,"data":"      },\n"}
,{"stream_name":"stdout","time":8756.804432737,"data":"      {\n"}
,{"stream_name":"stdout","time":8756.804436339,"data":"        \"step\": 6220,\n"}
,{"stream_name":"stdout","time":8756.804439649,"data":"        \"loss\": 4.4249,\n"}
,{"stream_name":"stdout","time":8756.804442941,"data":"        \"lr\": 0.0002,\n"}
,{"stream_name":"stdout","time":8756.804446246,"data":"        \"tokens_per_second\": 9684\n"}
,{"stream_name":"stdout","time":8756.804449572,"data":"      },\n"}
,{"stream_name":"stdout","time":8756.804452874,"data":"      {\n"}
,{"stream_name":"stdout","time":8756.804456115,"data":"        \"step\": 6230,\n"}
,{"stream_name":"stdout","time":8756.804459384,"data":"        \"loss\": 4.4167,\n"}
,{"stream_name":"stdout","time":8756.804462834,"data":"        \"lr\": 0.0002,\n"}
,{"stream_name":"stdout","time":8756.804466153,"data":"        \"tokens_per_second\": 9686\n"}
,{"stream_name":"stdout","time":8756.804469502,"data":"      },\n"}
,{"stream_name":"stdout","time":8756.804472714,"data":"      {\n"}
,{"stream_name":"stdout","time":8756.804475909,"data":"        \"step\": 6240,\n"}
,{"stream_name":"stdout","time":8756.804479184,"data":"        \"loss\": 4.4424,\n"}
,{"stream_name":"stdout","time":8756.804482442,"data":"        \"lr\": 0.0002,\n"}
,{"stream_name":"stdout","time":8756.804485702,"data":"        \"tokens_per_second\": 9678\n"}
,{"stream_name":"stdout","time":8756.804488815,"data":"      },\n"}
,{"stream_name":"stdout","time":8756.804497468,"data":"      {\n"}
,{"stream_name":"stdout","time":8756.804500329,"data":"        \"step\": 6250,\n"}
,{"stream_name":"stdout","time":8756.804514249,"data":"        \"loss\": 4.4457,\n"}
,{"stream_name":"stdout","time":8756.804518501,"data":"        \"lr\": 0.0002,\n"}
,{"stream_name":"stdout","time":8756.804522203,"data":"        \"tokens_per_second\": 9682\n"}
,{"stream_name":"stdout","time":8756.804526212,"data":"      },\n"}
,{"stream_name":"stdout","time":8756.804529923,"data":"      {\n"}
,{"stream_name":"stdout","time":8756.804533129,"data":"        \"step\": 6260,\n"}
,{"stream_name":"stdout","time":8756.804536386,"data":"        \"loss\": 4.4506,\n"}
,{"stream_name":"stdout","time":8756.804539642,"data":"        \"lr\": 0.0002,\n"}
,{"stream_name":"stdout","time":8756.804542996,"data":"        \"tokens_per_second\": 9684\n"}
,{"stream_name":"stdout","time":8756.804546274,"data":"      },\n"}
,{"stream_name":"stdout","time":8756.804549437,"data":"      {\n"}
,{"stream_name":"stdout","time":8756.804552597,"data":"        \"step\": 6270,\n"}
,{"stream_name":"stdout","time":8756.804555831,"data":"        \"loss\": 4.4172,\n"}
,{"stream_name":"stdout","time":8756.804559066,"data":"        \"lr\": 0.0002,\n"}
,{"stream_name":"stdout","time":8756.804566016,"data":"        \"tokens_per_second\": 9689\n"}
,{"stream_name":"stdout","time":8756.804569444,"data":"      },\n"}
,{"stream_name":"stdout","time":8756.804572656,"data":"      {\n"}
,{"stream_name":"stdout","time":8756.804575906,"data":"        \"step\": 6280,\n"}
,{"stream_name":"stdout","time":8756.804579251,"data":"        \"loss\": 4.427,\n"}
,{"stream_name":"stdout","time":8756.804582721,"data":"        \"lr\": 0.0002,\n"}
,{"stream_name":"stdout","time":8756.804592628,"data":"        \"tokens_per_second\": 9691\n"}
,{"stream_name":"stdout","time":8756.804595635,"data":"      },\n"}
,{"stream_name":"stdout","time":8756.804610056,"data":"      {\n"}
,{"stream_name":"stdout","time":8756.804614076,"data":"        \"step\": 6290,\n"}
,{"stream_name":"stdout","time":8756.80461791,"data":"        \"loss\": 4.4408,\n"}
,{"stream_name":"stdout","time":8756.804621932,"data":"        \"lr\": 0.0002,\n"}
,{"stream_name":"stdout","time":8756.804625885,"data":"        \"tokens_per_second\": 9688\n"}
,{"stream_name":"stdout","time":8756.804629262,"data":"      },\n"}
,{"stream_name":"stdout","time":8756.80463245,"data":"      {\n"}
,{"stream_name":"stdout","time":8756.804635586,"data":"        \"step\": 6300,\n"}
,{"stream_name":"stdout","time":8756.804638847,"data":"        \"loss\": 4.4542,\n"}
,{"stream_name":"stdout","time":8756.804642114,"data":"        \"lr\": 0.0002,\n"}
,{"stream_name":"stdout","time":8756.804645502,"data":"        \"tokens_per_second\": 9682\n"}
,{"stream_name":"stdout","time":8756.804648838,"data":"      },\n"}
,{"stream_name":"stdout","time":8756.804652195,"data":"      {\n"}
,{"stream_name":"stdout","time":8756.804655397,"data":"        \"step\": 6310,\n"}
,{"stream_name":"stdout","time":8756.80465875,"data":"        \"loss\": 4.4339,\n"}
,{"stream_name":"stdout","time":8756.804662017,"data":"        \"lr\": 0.0002,\n"}
,{"stream_name":"stdout","time":8756.80466529,"data":"        \"tokens_per_second\": 9686\n"}
,{"stream_name":"stdout","time":8756.804668641,"data":"      },\n"}
,{"stream_name":"stdout","time":8756.804671867,"data":"      {\n"}
,{"stream_name":"stdout","time":8756.804675104,"data":"        \"step\": 6320,\n"}
,{"stream_name":"stdout","time":8756.804695753,"data":"        \"loss\": 4.4258,\n"}
,{"stream_name":"stdout","time":8756.804700693,"data":"        \"lr\": 0.0002,\n"}
,{"stream_name":"stdout","time":8756.804706011,"data":"        \"tokens_per_second\": 9687\n"}
,{"stream_name":"stdout","time":8756.804711165,"data":"      },\n"}
,{"stream_name":"stdout","time":8756.804715015,"data":"      {\n"}
,{"stream_name":"stdout","time":8756.804718788,"data":"        \"step\": 6330,\n"}
,{"stream_name":"stdout","time":8756.804726754,"data":"        \"loss\": 4.4004,\n"}
,{"stream_name":"stdout","time":8756.804730717,"data":"        \"lr\": 0.0002,\n"}
,{"stream_name":"stdout","time":8756.804734617,"data":"        \"tokens_per_second\": 9689\n"}
,{"stream_name":"stdout","time":8756.804738685,"data":"      },\n"}
,{"stream_name":"stdout","time":8756.804742621,"data":"      {\n"}
,{"stream_name":"stdout","time":8756.804746475,"data":"        \"step\": 6340,\n"}
,{"stream_name":"stdout","time":8756.804750467,"data":"        \"loss\": 4.4651,\n"}
,{"stream_name":"stdout","time":8756.804754348,"data":"        \"lr\": 0.0002,\n"}
,{"stream_name":"stdout","time":8756.804758336,"data":"        \"tokens_per_second\": 9687\n"}
,{"stream_name":"stdout","time":8756.804762309,"data":"      },\n"}
,{"stream_name":"stdout","time":8756.80476607,"data":"      {\n"}
,{"stream_name":"stdout","time":8756.804793791,"data":"        \"step\": 6350,\n"}
,{"stream_name":"stdout","time":8756.804799031,"data":"        \"loss\": 4.3928,\n"}
,{"stream_name":"stdout","time":8756.804803353,"data":"        \"lr\": 0.0002,\n"}
,{"stream_name":"stdout","time":8756.804808405,"data":"        \"tokens_per_second\": 9684\n"}
,{"stream_name":"stdout","time":8756.804813122,"data":"      },\n"}
,{"stream_name":"stdout","time":8756.804817571,"data":"      {\n"}
,{"stream_name":"stdout","time":8756.804821385,"data":"        \"step\": 6360,\n"}
,{"stream_name":"stdout","time":8756.804825271,"data":"        \"loss\": 4.4141,\n"}
,{"stream_name":"stdout","time":8756.804829105,"data":"        \"lr\": 0.0002,\n"}
,{"stream_name":"stdout","time":8756.804833018,"data":"        \"tokens_per_second\": 9687\n"}
,{"stream_name":"stdout","time":8756.804836891,"data":"      },\n"}
,{"stream_name":"stdout","time":8756.804844873,"data":"      {\n"}
,{"stream_name":"stdout","time":8756.804848732,"data":"        \"step\": 6370,\n"}
,{"stream_name":"stdout","time":8756.804852681,"data":"        \"loss\": 4.4304,\n"}
,{"stream_name":"stdout","time":8756.804856678,"data":"        \"lr\": 0.0002,\n"}
,{"stream_name":"stdout","time":8756.804860712,"data":"        \"tokens_per_second\": 9689\n"}
,{"stream_name":"stdout","time":8756.804867657,"data":"      },\n"}
,{"stream_name":"stdout","time":8756.804871705,"data":"      {\n"}
,{"stream_name":"stdout","time":8756.804881674,"data":"        \"step\": 6380,\n"}
,{"stream_name":"stdout","time":8756.804899267,"data":"        \"loss\": 4.3974,\n"}
,{"stream_name":"stdout","time":8756.804904284,"data":"        \"lr\": 0.0002,\n"}
,{"stream_name":"stdout","time":8756.804909033,"data":"        \"tokens_per_second\": 9686\n"}
,{"stream_name":"stdout","time":8756.804913772,"data":"      },\n"}
,{"stream_name":"stdout","time":8756.80491839,"data":"      {\n"}
,{"stream_name":"stdout","time":8756.804922211,"data":"        \"step\": 6390,\n"}
,{"stream_name":"stdout","time":8756.804926053,"data":"        \"loss\": 4.4337,\n"}
,{"stream_name":"stdout","time":8756.804929945,"data":"        \"lr\": 0.0002,\n"}
,{"stream_name":"stdout","time":8756.804933994,"data":"        \"tokens_per_second\": 9685\n"}
,{"stream_name":"stdout","time":8756.804938025,"data":"      },\n"}
,{"stream_name":"stdout","time":8756.804942943,"data":"      {\n"}
,{"stream_name":"stdout","time":8756.804947224,"data":"        \"step\": 6400,\n"}
,{"stream_name":"stdout","time":8756.804951688,"data":"        \"loss\": 4.4102,\n"}
,{"stream_name":"stdout","time":8756.804955664,"data":"        \"lr\": 0.0002,\n"}
,{"stream_name":"stdout","time":8756.804959787,"data":"        \"tokens_per_second\": 9684\n"}
,{"stream_name":"stdout","time":8756.804963809,"data":"      },\n"}
,{"stream_name":"stdout","time":8756.804967865,"data":"      {\n"}
,{"stream_name":"stdout","time":8756.804971718,"data":"        \"step\": 6410,\n"}
,{"stream_name":"stdout","time":8756.804982047,"data":"        \"loss\": 4.3781,\n"}
,{"stream_name":"stdout","time":8756.804999615,"data":"        \"lr\": 0.0002,\n"}
,{"stream_name":"stdout","time":8756.805004419,"data":"        \"tokens_per_second\": 9688\n"}
,{"stream_name":"stdout","time":8756.805009104,"data":"      },\n"}
,{"stream_name":"stdout","time":8756.805013868,"data":"      {\n"}
,{"stream_name":"stdout","time":8756.80501827,"data":"        \"step\": 6420,\n"}
,{"stream_name":"stdout","time":8756.805022338,"data":"        \"loss\": 4.3879,\n"}
,{"stream_name":"stdout","time":8756.805026236,"data":"        \"lr\": 0.0002,\n"}
,{"stream_name":"stdout","time":8756.805040163,"data":"        \"tokens_per_second\": 9689\n"}
,{"stream_name":"stdout","time":8756.805044418,"data":"      },\n"}
,{"stream_name":"stdout","time":8756.805048227,"data":"      {\n"}
,{"stream_name":"stdout","time":8756.805051984,"data":"        \"step\": 6430,\n"}
,{"stream_name":"stdout","time":8756.805055853,"data":"        \"loss\": 4.3951,\n"}
,{"stream_name":"stdout","time":8756.805059738,"data":"        \"lr\": 0.0002,\n"}
,{"stream_name":"stdout","time":8756.805063589,"data":"        \"tokens_per_second\": 9686\n"}
,{"stream_name":"stdout","time":8756.805067732,"data":"      },\n"}
,{"stream_name":"stdout","time":8756.805071662,"data":"      {\n"}
,{"stream_name":"stdout","time":8756.805077527,"data":"        \"step\": 6440,\n"}
,{"stream_name":"stdout","time":8756.805084764,"data":"        \"loss\": 4.4229,\n"}
,{"stream_name":"stdout","time":8756.805102174,"data":"        \"lr\": 0.0002,\n"}
,{"stream_name":"stdout","time":8756.805107182,"data":"        \"tokens_per_second\": 9683\n"}
,{"stream_name":"stdout","time":8756.805112629,"data":"      },\n"}
,{"stream_name":"stdout","time":8756.805117178,"data":"      {\n"}
,{"stream_name":"stdout","time":8756.805121671,"data":"        \"step\": 6450,\n"}
,{"stream_name":"stdout","time":8756.805125738,"data":"        \"loss\": 4.3974,\n"}
,{"stream_name":"stdout","time":8756.805129606,"data":"        \"lr\": 0.0002,\n"}
,{"stream_name":"stdout","time":8756.80513352,"data":"        \"tokens_per_second\": 9694\n"}
,{"stream_name":"stdout","time":8756.805137421,"data":"      },\n"}
,{"stream_name":"stdout","time":8756.80514115,"data":"      {\n"}
,{"stream_name":"stdout","time":8756.805144927,"data":"        \"step\": 6460,\n"}
,{"stream_name":"stdout","time":8756.805148937,"data":"        \"loss\": 4.3905,\n"}
,{"stream_name":"stdout","time":8756.80515285,"data":"        \"lr\": 0.0002,\n"}
,{"stream_name":"stdout","time":8756.805156886,"data":"        \"tokens_per_second\": 9688\n"}
,{"stream_name":"stdout","time":8756.80516094,"data":"      },\n"}
,{"stream_name":"stdout","time":8756.805164853,"data":"      {\n"}
,{"stream_name":"stdout","time":8756.805168766,"data":"        \"step\": 6470,\n"}
,{"stream_name":"stdout","time":8756.80517268,"data":"        \"loss\": 4.3824,\n"}
,{"stream_name":"stdout","time":8756.805178655,"data":"        \"lr\": 0.0002,\n"}
,{"stream_name":"stdout","time":8756.805186507,"data":"        \"tokens_per_second\": 9688\n"}
,{"stream_name":"stdout","time":8756.805203905,"data":"      },\n"}
,{"stream_name":"stdout","time":8756.805208666,"data":"      {\n"}
,{"stream_name":"stdout","time":8756.805213252,"data":"        \"step\": 6480,\n"}
,{"stream_name":"stdout","time":8756.80521832,"data":"        \"loss\": 4.3902,\n"}
,{"stream_name":"stdout","time":8756.80523739,"data":"        \"lr\": 0.0002,\n"}
,{"stream_name":"stdout","time":8756.805242016,"data":"        \"tokens_per_second\": 9687\n"}
,{"stream_name":"stdout","time":8756.805245984,"data":"      },\n"}
,{"stream_name":"stdout","time":8756.805249897,"data":"      {\n"}
,{"stream_name":"stdout","time":8756.805253627,"data":"        \"step\": 6490,\n"}
,{"stream_name":"stdout","time":8756.805257671,"data":"        \"loss\": 4.3833,\n"}
,{"stream_name":"stdout","time":8756.805261587,"data":"        \"lr\": 0.0002,\n"}
,{"stream_name":"stdout","time":8756.805265467,"data":"        \"tokens_per_second\": 9686\n"}
,{"stream_name":"stdout","time":8756.805270222,"data":"      },\n"}
,{"stream_name":"stdout","time":8756.805274075,"data":"      {\n"}
,{"stream_name":"stdout","time":8756.805282158,"data":"        \"step\": 6500,\n"}
,{"stream_name":"stdout","time":8756.805288024,"data":"        \"loss\": 4.3806,\n"}
,{"stream_name":"stdout","time":8756.805294073,"data":"        \"lr\": 0.0002,\n"}
,{"stream_name":"stdout","time":8756.805298061,"data":"        \"tokens_per_second\": 9681\n"}
,{"stream_name":"stdout","time":8756.805302807,"data":"      },\n"}
,{"stream_name":"stdout","time":8756.805307411,"data":"      {\n"}
,{"stream_name":"stdout","time":8756.805312166,"data":"        \"step\": 6510,\n"}
,{"stream_name":"stdout","time":8756.805316692,"data":"        \"loss\": 4.3951,\n"}
,{"stream_name":"stdout","time":8756.805321061,"data":"        \"lr\": 0.0002,\n"}
,{"stream_name":"stdout","time":8756.805324971,"data":"        \"tokens_per_second\": 7842\n"}
,{"stream_name":"stdout","time":8756.805328866,"data":"      },\n"}
,{"stream_name":"stdout","time":8756.805332781,"data":"      {\n"}
,{"stream_name":"stdout","time":8756.805336535,"data":"        \"step\": 6520,\n"}
,{"stream_name":"stdout","time":8756.805340352,"data":"        \"loss\": 4.3887,\n"}
,{"stream_name":"stdout","time":8756.805344235,"data":"        \"lr\": 0.0002,\n"}
,{"stream_name":"stdout","time":8756.805348127,"data":"        \"tokens_per_second\": 9687\n"}
,{"stream_name":"stdout","time":8756.805352086,"data":"      },\n"}
,{"stream_name":"stdout","time":8756.805355841,"data":"      {\n"}
,{"stream_name":"stdout","time":8756.805359567,"data":"        \"step\": 6530,\n"}
,{"stream_name":"stdout","time":8756.805363475,"data":"        \"loss\": 4.4014,\n"}
,{"stream_name":"stdout","time":8756.805367379,"data":"        \"lr\": 0.0002,\n"}
,{"stream_name":"stdout","time":8756.805371328,"data":"        \"tokens_per_second\": 9685\n"}
,{"stream_name":"stdout","time":8756.805377221,"data":"      },\n"}
,{"stream_name":"stdout","time":8756.805384992,"data":"      {\n"}
,{"stream_name":"stdout","time":8756.805402018,"data":"        \"step\": 6540,\n"}
,{"stream_name":"stdout","time":8756.805407718,"data":"        \"loss\": 4.3755,\n"}
,{"stream_name":"stdout","time":8756.80541236,"data":"        \"lr\": 0.0002,\n"}
,{"stream_name":"stdout","time":8756.805417127,"data":"        \"tokens_per_second\": 9686\n"}
,{"stream_name":"stdout","time":8756.805421677,"data":"      },\n"}
,{"stream_name":"stdout","time":8756.805425498,"data":"      {\n"}
,{"stream_name":"stdout","time":8756.805429285,"data":"        \"step\": 6550,\n"}
,{"stream_name":"stdout","time":8756.805433178,"data":"        \"loss\": 4.3933,\n"}
,{"stream_name":"stdout","time":8756.805437096,"data":"        \"lr\": 0.0002,\n"}
,{"stream_name":"stdout","time":8756.805442663,"data":"        \"tokens_per_second\": 9688\n"}
,{"stream_name":"stdout","time":8756.805446598,"data":"      },\n"}
,{"stream_name":"stdout","time":8756.805450438,"data":"      {\n"}
,{"stream_name":"stdout","time":8756.805454181,"data":"        \"step\": 6560,\n"}
,{"stream_name":"stdout","time":8756.80545805,"data":"        \"loss\": 4.3891,\n"}
,{"stream_name":"stdout","time":8756.80546197,"data":"        \"lr\": 0.0002,\n"}
,{"stream_name":"stdout","time":8756.805465955,"data":"        \"tokens_per_second\": 9689\n"}
,{"stream_name":"stdout","time":8756.805469897,"data":"      },\n"}
,{"stream_name":"stdout","time":8756.805473698,"data":"      {\n"}
,{"stream_name":"stdout","time":8756.805483821,"data":"        \"step\": 6570,\n"}
,{"stream_name":"stdout","time":8756.80550144,"data":"        \"loss\": 4.3587,\n"}
,{"stream_name":"stdout","time":8756.805506435,"data":"        \"lr\": 0.0002,\n"}
,{"stream_name":"stdout","time":8756.805516224,"data":"        \"tokens_per_second\": 9696\n"}
,{"stream_name":"stdout","time":8756.80552115,"data":"      },\n"}
,{"stream_name":"stdout","time":8756.805525029,"data":"      {\n"}
,{"stream_name":"stdout","time":8756.805528792,"data":"        \"step\": 6580,\n"}
,{"stream_name":"stdout","time":8756.805532818,"data":"        \"loss\": 4.3988,\n"}
,{"stream_name":"stdout","time":8756.805536909,"data":"        \"lr\": 0.0002,\n"}
,{"stream_name":"stdout","time":8756.805540884,"data":"        \"tokens_per_second\": 9705\n"}
,{"stream_name":"stdout","time":8756.805544811,"data":"      },\n"}
,{"stream_name":"stdout","time":8756.805548578,"data":"      {\n"}
,{"stream_name":"stdout","time":8756.805552298,"data":"        \"step\": 6590,\n"}
,{"stream_name":"stdout","time":8756.805556191,"data":"        \"loss\": 4.376,\n"}
,{"stream_name":"stdout","time":8756.805560078,"data":"        \"lr\": 0.0002,\n"}
,{"stream_name":"stdout","time":8756.80556395,"data":"        \"tokens_per_second\": 9698\n"}
,{"stream_name":"stdout","time":8756.805567907,"data":"      },\n"}
,{"stream_name":"stdout","time":8756.805572043,"data":"      {\n"}
,{"stream_name":"stdout","time":8756.80557768,"data":"        \"step\": 6600,\n"}
,{"stream_name":"stdout","time":8756.80558473,"data":"        \"loss\": 4.3558,\n"}
,{"stream_name":"stdout","time":8756.805587361,"data":"        \"lr\": 0.0002,\n"}
,{"stream_name":"stdout","time":8756.805589939,"data":"        \"tokens_per_second\": 9690\n"}
,{"stream_name":"stdout","time":8756.805592548,"data":"      },\n"}
,{"stream_name":"stdout","time":8756.805595024,"data":"      {\n"}
,{"stream_name":"stdout","time":8756.805597512,"data":"        \"step\": 6610,\n"}
,{"stream_name":"stdout","time":8756.805600078,"data":"        \"loss\": 4.3247,\n"}
,{"stream_name":"stdout","time":8756.805602635,"data":"        \"lr\": 0.0002,\n"}
,{"stream_name":"stdout","time":8756.805606111,"data":"        \"tokens_per_second\": 9690\n"}
,{"stream_name":"stdout","time":8756.805622727,"data":"      },\n"}
,{"stream_name":"stdout","time":8756.805627427,"data":"      {\n"}
,{"stream_name":"stdout","time":8756.805631852,"data":"        \"step\": 6620,\n"}
,{"stream_name":"stdout","time":8756.805636539,"data":"        \"loss\": 4.3552,\n"}
,{"stream_name":"stdout","time":8756.80564099,"data":"        \"lr\": 0.0002,\n"}
,{"stream_name":"stdout","time":8756.805645035,"data":"        \"tokens_per_second\": 9680\n"}
,{"stream_name":"stdout","time":8756.805649041,"data":"      },\n"}
,{"stream_name":"stdout","time":8756.805652878,"data":"      {\n"}
,{"stream_name":"stdout","time":8756.805656646,"data":"        \"step\": 6630,\n"}
,{"stream_name":"stdout","time":8756.805660538,"data":"        \"loss\": 4.3632,\n"}
,{"stream_name":"stdout","time":8756.805664392,"data":"        \"lr\": 0.0002,\n"}
,{"stream_name":"stdout","time":8756.805668721,"data":"        \"tokens_per_second\": 9682\n"}
,{"stream_name":"stdout","time":8756.805672798,"data":"      },\n"}
,{"stream_name":"stdout","time":8756.805676704,"data":"      {\n"}
,{"stream_name":"stdout","time":8756.805680551,"data":"        \"step\": 6640,\n"}
,{"stream_name":"stdout","time":8756.805685003,"data":"        \"loss\": 4.3718,\n"}
,{"stream_name":"stdout","time":8756.805689411,"data":"        \"lr\": 0.0002,\n"}
,{"stream_name":"stdout","time":8756.805693394,"data":"        \"tokens_per_second\": 9683\n"}
,{"stream_name":"stdout","time":8756.805702765,"data":"      },\n"}
,{"stream_name":"stdout","time":8756.805705579,"data":"      {\n"}
,{"stream_name":"stdout","time":8756.805711444,"data":"        \"step\": 6650,\n"}
,{"stream_name":"stdout","time":8756.805714257,"data":"        \"loss\": 4.309,\n"}
,{"stream_name":"stdout","time":8756.805716834,"data":"        \"lr\": 0.0002,\n"}
,{"stream_name":"stdout","time":8756.805719513,"data":"        \"tokens_per_second\": 9678\n"}
,{"stream_name":"stdout","time":8756.805722079,"data":"      },\n"}
,{"stream_name":"stdout","time":8756.805724567,"data":"      {\n"}
,{"stream_name":"stdout","time":8756.805727138,"data":"        \"step\": 6660,\n"}
,{"stream_name":"stdout","time":8756.805729783,"data":"        \"loss\": 4.3392,\n"}
,{"stream_name":"stdout","time":8756.80573235,"data":"        \"lr\": 0.0002,\n"}
,{"stream_name":"stdout","time":8756.805734946,"data":"        \"tokens_per_second\": 9673\n"}
,{"stream_name":"stdout","time":8756.805737512,"data":"      },\n"}
,{"stream_name":"stdout","time":8756.805740144,"data":"      {\n"}
,{"stream_name":"stdout","time":8756.805743891,"data":"        \"step\": 6670,\n"}
,{"stream_name":"stdout","time":8756.805746566,"data":"        \"loss\": 4.3712,\n"}
,{"stream_name":"stdout","time":8756.805749372,"data":"        \"lr\": 0.0002,\n"}
,{"stream_name":"stdout","time":8756.805752468,"data":"        \"tokens_per_second\": 9674\n"}
,{"stream_name":"stdout","time":8756.805755126,"data":"      },\n"}
,{"stream_name":"stdout","time":8756.805757625,"data":"      {\n"}
,{"stream_name":"stdout","time":8756.805760108,"data":"        \"step\": 6680,\n"}
,{"stream_name":"stdout","time":8756.805763208,"data":"        \"loss\": 4.3695,\n"}
,{"stream_name":"stdout","time":8756.805780976,"data":"        \"lr\": 0.0002,\n"}
,{"stream_name":"stdout","time":8756.805785328,"data":"        \"tokens_per_second\": 9672\n"}
,{"stream_name":"stdout","time":8756.80578969,"data":"      },\n"}
,{"stream_name":"stdout","time":8756.80579388,"data":"      {\n"}
,{"stream_name":"stdout","time":8756.805798323,"data":"        \"step\": 6690,\n"}
,{"stream_name":"stdout","time":8756.805803092,"data":"        \"loss\": 4.344,\n"}
,{"stream_name":"stdout","time":8756.805807718,"data":"        \"lr\": 0.0002,\n"}
,{"stream_name":"stdout","time":8756.805812046,"data":"        \"tokens_per_second\": 9679\n"}
,{"stream_name":"stdout","time":8756.80581602,"data":"      },\n"}
,{"stream_name":"stdout","time":8756.805819817,"data":"      {\n"}
,{"stream_name":"stdout","time":8756.805823507,"data":"        \"step\": 6700,\n"}
,{"stream_name":"stdout","time":8756.805827406,"data":"        \"loss\": 4.3353,\n"}
,{"stream_name":"stdout","time":8756.805831395,"data":"        \"lr\": 0.0002,\n"}
,{"stream_name":"stdout","time":8756.805835459,"data":"        \"tokens_per_second\": 9669\n"}
,{"stream_name":"stdout","time":8756.805839414,"data":"      },\n"}
,{"stream_name":"stdout","time":8756.805843224,"data":"      {\n"}
,{"stream_name":"stdout","time":8756.805846992,"data":"        \"step\": 6710,\n"}
,{"stream_name":"stdout","time":8756.805850896,"data":"        \"loss\": 4.3457,\n"}
,{"stream_name":"stdout","time":8756.805854768,"data":"        \"lr\": 0.0002,\n"}
,{"stream_name":"stdout","time":8756.805858699,"data":"        \"tokens_per_second\": 9677\n"}
,{"stream_name":"stdout","time":8756.805862808,"data":"      },\n"}
,{"stream_name":"stdout","time":8756.805868523,"data":"      {\n"}
,{"stream_name":"stdout","time":8756.805875568,"data":"        \"step\": 6720,\n"}
,{"stream_name":"stdout","time":8756.805878267,"data":"        \"loss\": 4.3481,\n"}
,{"stream_name":"stdout","time":8756.805880831,"data":"        \"lr\": 0.0002,\n"}
,{"stream_name":"stdout","time":8756.805886552,"data":"        \"tokens_per_second\": 9678\n"}
,{"stream_name":"stdout","time":8756.805889392,"data":"      },\n"}
,{"stream_name":"stdout","time":8756.805891867,"data":"      {\n"}
,{"stream_name":"stdout","time":8756.805894346,"data":"        \"step\": 6730,\n"}
,{"stream_name":"stdout","time":8756.805896926,"data":"        \"loss\": 4.3259,\n"}
,{"stream_name":"stdout","time":8756.805899467,"data":"        \"lr\": 0.0002,\n"}
,{"stream_name":"stdout","time":8756.805902033,"data":"        \"tokens_per_second\": 9673\n"}
,{"stream_name":"stdout","time":8756.805904607,"data":"      },\n"}
,{"stream_name":"stdout","time":8756.805907075,"data":"      {\n"}
,{"stream_name":"stdout","time":8756.805909548,"data":"        \"step\": 6740,\n"}
,{"stream_name":"stdout","time":8756.805912113,"data":"        \"loss\": 4.3251,\n"}
,{"stream_name":"stdout","time":8756.805914671,"data":"        \"lr\": 0.0002,\n"}
,{"stream_name":"stdout","time":8756.80591727,"data":"        \"tokens_per_second\": 9676\n"}
,{"stream_name":"stdout","time":8756.805919875,"data":"      },\n"}
,{"stream_name":"stdout","time":8756.805922351,"data":"      {\n"}
,{"stream_name":"stdout","time":8756.805924953,"data":"        \"step\": 6750,\n"}
,{"stream_name":"stdout","time":8756.80592759,"data":"        \"loss\": 4.3713,\n"}
,{"stream_name":"stdout","time":8756.805930141,"data":"        \"lr\": 0.0002,\n"}
,{"stream_name":"stdout","time":8756.80593272,"data":"        \"tokens_per_second\": 9675\n"}
,{"stream_name":"stdout","time":8756.805935292,"data":"      },\n"}
,{"stream_name":"stdout","time":8756.805937917,"data":"      {\n"}
,{"stream_name":"stdout","time":8756.805940539,"data":"        \"step\": 6760,\n"}
,{"stream_name":"stdout","time":8756.80594309,"data":"        \"loss\": 4.3459,\n"}
,{"stream_name":"stdout","time":8756.80594564,"data":"        \"lr\": 0.0002,\n"}
,{"stream_name":"stdout","time":8756.805948202,"data":"        \"tokens_per_second\": 9674\n"}
,{"stream_name":"stdout","time":8756.805950861,"data":"      },\n"}
,{"stream_name":"stdout","time":8756.805958144,"data":"      {\n"}
,{"stream_name":"stdout","time":8756.805960695,"data":"        \"step\": 6770,\n"}
,{"stream_name":"stdout","time":8756.805963275,"data":"        \"loss\": 4.3722,\n"}
,{"stream_name":"stdout","time":8756.805965828,"data":"        \"lr\": 0.0002,\n"}
,{"stream_name":"stdout","time":8756.805968393,"data":"        \"tokens_per_second\": 9681\n"}
,{"stream_name":"stdout","time":8756.805970947,"data":"      },\n"}
,{"stream_name":"stdout","time":8756.805973413,"data":"      {\n"}
,{"stream_name":"stdout","time":8756.80597589,"data":"        \"step\": 6780,\n"}
,{"stream_name":"stdout","time":8756.805978438,"data":"        \"loss\": 4.3697,\n"}
,{"stream_name":"stdout","time":8756.805980981,"data":"        \"lr\": 0.0002,\n"}
,{"stream_name":"stdout","time":8756.805983565,"data":"        \"tokens_per_second\": 9689\n"}
,{"stream_name":"stdout","time":8756.805986287,"data":"      },\n"}
,{"stream_name":"stdout","time":8756.805988904,"data":"      {\n"}
,{"stream_name":"stdout","time":8756.805991381,"data":"        \"step\": 6790,\n"}
,{"stream_name":"stdout","time":8756.805993921,"data":"        \"loss\": 4.3335,\n"}
,{"stream_name":"stdout","time":8756.805996469,"data":"        \"lr\": 0.0002,\n"}
,{"stream_name":"stdout","time":8756.805999054,"data":"        \"tokens_per_second\": 9689\n"}
,{"stream_name":"stdout","time":8756.806001621,"data":"      },\n"}
,{"stream_name":"stdout","time":8756.806004106,"data":"      {\n"}
,{"stream_name":"stdout","time":8756.806009739,"data":"        \"step\": 6800,\n"}
,{"stream_name":"stdout","time":8756.806012461,"data":"        \"loss\": 4.3393,\n"}
,{"stream_name":"stdout","time":8756.806015909,"data":"        \"lr\": 0.0002,\n"}
,{"stream_name":"stdout","time":8756.806038769,"data":"        \"tokens_per_second\": 9685\n"}
,{"stream_name":"stdout","time":8756.806043658,"data":"      },\n"}
,{"stream_name":"stdout","time":8756.80606076,"data":"      {\n"}
,{"stream_name":"stdout","time":8756.80606408,"data":"        \"step\": 6810,\n"}
,{"stream_name":"stdout","time":8756.806072098,"data":"        \"loss\": 4.3331,\n"}
,{"stream_name":"stdout","time":8756.806074561,"data":"        \"lr\": 0.0002,\n"}
,{"stream_name":"stdout","time":8756.806076758,"data":"        \"tokens_per_second\": 9691\n"}
,{"stream_name":"stdout","time":8756.80607896,"data":"      },\n"}
,{"stream_name":"stdout","time":8756.806081056,"data":"      {\n"}
,{"stream_name":"stdout","time":8756.806083155,"data":"        \"step\": 6820,\n"}
,{"stream_name":"stdout","time":8756.806085372,"data":"        \"loss\": 4.3416,\n"}
,{"stream_name":"stdout","time":8756.806087635,"data":"        \"lr\": 0.0002,\n"}
,{"stream_name":"stdout","time":8756.80608985,"data":"        \"tokens_per_second\": 9692\n"}
,{"stream_name":"stdout","time":8756.806092056,"data":"      },\n"}
,{"stream_name":"stdout","time":8756.80609416,"data":"      {\n"}
,{"stream_name":"stdout","time":8756.806096247,"data":"        \"step\": 6830,\n"}
,{"stream_name":"stdout","time":8756.806098412,"data":"        \"loss\": 4.3432,\n"}
,{"stream_name":"stdout","time":8756.806100578,"data":"        \"lr\": 0.0002,\n"}
,{"stream_name":"stdout","time":8756.806102751,"data":"        \"tokens_per_second\": 9694\n"}
,{"stream_name":"stdout","time":8756.806104916,"data":"      },\n"}
,{"stream_name":"stdout","time":8756.806107033,"data":"      {\n"}
,{"stream_name":"stdout","time":8756.80610912,"data":"        \"step\": 6840,\n"}
,{"stream_name":"stdout","time":8756.806111583,"data":"        \"loss\": 4.3439,\n"}
,{"stream_name":"stdout","time":8756.806131006,"data":"        \"lr\": 0.0002,\n"}
,{"stream_name":"stdout","time":8756.806133352,"data":"        \"tokens_per_second\": 9693\n"}
,{"stream_name":"stdout","time":8756.806135693,"data":"      },\n"}
,{"stream_name":"stdout","time":8756.806137919,"data":"      {\n"}
,{"stream_name":"stdout","time":8756.80614013,"data":"        \"step\": 6850,\n"}
,{"stream_name":"stdout","time":8756.806142442,"data":"        \"loss\": 4.3397,\n"}
,{"stream_name":"stdout","time":8756.806144879,"data":"        \"lr\": 0.0002,\n"}
,{"stream_name":"stdout","time":8756.806147204,"data":"        \"tokens_per_second\": 9692\n"}
,{"stream_name":"stdout","time":8756.80614955,"data":"      },\n"}
,{"stream_name":"stdout","time":8756.806151782,"data":"      {\n"}
,{"stream_name":"stdout","time":8756.806154004,"data":"        \"step\": 6860,\n"}
,{"stream_name":"stdout","time":8756.806156318,"data":"        \"loss\": 4.3354,\n"}
,{"stream_name":"stdout","time":8756.80615862,"data":"        \"lr\": 0.0002,\n"}
,{"stream_name":"stdout","time":8756.806160933,"data":"        \"tokens_per_second\": 9692\n"}
,{"stream_name":"stdout","time":8756.806163247,"data":"      },\n"}
,{"stream_name":"stdout","time":8756.806165472,"data":"      {\n"}
,{"stream_name":"stdout","time":8756.8061677,"data":"        \"step\": 6870,\n"}
,{"stream_name":"stdout","time":8756.806169996,"data":"        \"loss\": 4.3514,\n"}
,{"stream_name":"stdout","time":8756.806172426,"data":"        \"lr\": 0.0002,\n"}
,{"stream_name":"stdout","time":8756.806177813,"data":"        \"tokens_per_second\": 9691\n"}
,{"stream_name":"stdout","time":8756.806180262,"data":"      },\n"}
,{"stream_name":"stdout","time":8756.806182508,"data":"      {\n"}
,{"stream_name":"stdout","time":8756.806184732,"data":"        \"step\": 6880,\n"}
,{"stream_name":"stdout","time":8756.806187133,"data":"        \"loss\": 4.3374,\n"}
,{"stream_name":"stdout","time":8756.806189439,"data":"        \"lr\": 0.0002,\n"}
,{"stream_name":"stdout","time":8756.806191751,"data":"        \"tokens_per_second\": 9697\n"}
,{"stream_name":"stdout","time":8756.806194141,"data":"      },\n"}
,{"stream_name":"stdout","time":8756.806196366,"data":"      {\n"}
,{"stream_name":"stdout","time":8756.806198592,"data":"        \"step\": 6890,\n"}
,{"stream_name":"stdout","time":8756.80620091,"data":"        \"loss\": 4.2917,\n"}
,{"stream_name":"stdout","time":8756.806203306,"data":"        \"lr\": 0.0002,\n"}
,{"stream_name":"stdout","time":8756.806205621,"data":"        \"tokens_per_second\": 9687\n"}
,{"stream_name":"stdout","time":8756.806207967,"data":"      },\n"}
,{"stream_name":"stdout","time":8756.806210192,"data":"      {\n"}
,{"stream_name":"stdout","time":8756.806212493,"data":"        \"step\": 6900,\n"}
,{"stream_name":"stdout","time":8756.806214779,"data":"        \"loss\": 4.3185,\n"}
,{"stream_name":"stdout","time":8756.806217645,"data":"        \"lr\": 0.0002,\n"}
,{"stream_name":"stdout","time":8756.806251382,"data":"        \"tokens_per_second\": 9685\n"}
,{"stream_name":"stdout","time":8756.806260531,"data":"      },\n"}
,{"stream_name":"stdout","time":8756.806263448,"data":"      {\n"}
,{"stream_name":"stdout","time":8756.806265711,"data":"        \"step\": 6910,\n"}
,{"stream_name":"stdout","time":8756.806268093,"data":"        \"loss\": 4.3216,\n"}
,{"stream_name":"stdout","time":8756.806270389,"data":"        \"lr\": 0.0002,\n"}
,{"stream_name":"stdout","time":8756.8062727,"data":"        \"tokens_per_second\": 9692\n"}
,{"stream_name":"stdout","time":8756.806275056,"data":"      },\n"}
,{"stream_name":"stdout","time":8756.80627739,"data":"      {\n"}
,{"stream_name":"stdout","time":8756.80627962,"data":"        \"step\": 6920,\n"}
,{"stream_name":"stdout","time":8756.806281896,"data":"        \"loss\": 4.3133,\n"}
,{"stream_name":"stdout","time":8756.806284182,"data":"        \"lr\": 0.0002,\n"}
,{"stream_name":"stdout","time":8756.806286495,"data":"        \"tokens_per_second\": 9692\n"}
,{"stream_name":"stdout","time":8756.806288815,"data":"      },\n"}
,{"stream_name":"stdout","time":8756.806291039,"data":"      {\n"}
,{"stream_name":"stdout","time":8756.806293441,"data":"        \"step\": 6930,\n"}
,{"stream_name":"stdout","time":8756.806295732,"data":"        \"loss\": 4.2873,\n"}
,{"stream_name":"stdout","time":8756.806298021,"data":"        \"lr\": 0.0002,\n"}
,{"stream_name":"stdout","time":8756.806300332,"data":"        \"tokens_per_second\": 9692\n"}
,{"stream_name":"stdout","time":8756.806302726,"data":"      },\n"}
,{"stream_name":"stdout","time":8756.80630496,"data":"      {\n"}
,{"stream_name":"stdout","time":8756.806307191,"data":"        \"step\": 6940,\n"}
,{"stream_name":"stdout","time":8756.806309485,"data":"        \"loss\": 4.3153,\n"}
,{"stream_name":"stdout","time":8756.806311884,"data":"        \"lr\": 0.0002,\n"}
,{"stream_name":"stdout","time":8756.806314227,"data":"        \"tokens_per_second\": 9692\n"}
,{"stream_name":"stdout","time":8756.80631655,"data":"      },\n"}
,{"stream_name":"stdout","time":8756.806318779,"data":"      {\n"}
,{"stream_name":"stdout","time":8756.806323842,"data":"        \"step\": 6950,\n"}
,{"stream_name":"stdout","time":8756.806326289,"data":"        \"loss\": 4.2779,\n"}
,{"stream_name":"stdout","time":8756.806328596,"data":"        \"lr\": 0.0002,\n"}
,{"stream_name":"stdout","time":8756.806330915,"data":"        \"tokens_per_second\": 9692\n"}
,{"stream_name":"stdout","time":8756.806333228,"data":"      },\n"}
,{"stream_name":"stdout","time":8756.806335489,"data":"      {\n"}
,{"stream_name":"stdout","time":8756.806337815,"data":"        \"step\": 6960,\n"}
,{"stream_name":"stdout","time":8756.806340122,"data":"        \"loss\": 4.285,\n"}
,{"stream_name":"stdout","time":8756.806342431,"data":"        \"lr\": 0.0002,\n"}
,{"stream_name":"stdout","time":8756.80634476,"data":"        \"tokens_per_second\": 9690\n"}
,{"stream_name":"stdout","time":8756.806347101,"data":"      },\n"}
,{"stream_name":"stdout","time":8756.806349328,"data":"      {\n"}
,{"stream_name":"stdout","time":8756.806351558,"data":"        \"step\": 6970,\n"}
,{"stream_name":"stdout","time":8756.806353877,"data":"        \"loss\": 4.328,\n"}
,{"stream_name":"stdout","time":8756.806356188,"data":"        \"lr\": 0.0002,\n"}
,{"stream_name":"stdout","time":8756.806358494,"data":"        \"tokens_per_second\": 9689\n"}
,{"stream_name":"stdout","time":8756.806360802,"data":"      },\n"}
,{"stream_name":"stdout","time":8756.806363064,"data":"      {\n"}
,{"stream_name":"stdout","time":8756.806366837,"data":"        \"step\": 6980,\n"}
,{"stream_name":"stdout","time":8756.8063692,"data":"        \"loss\": 4.343,\n"}
,{"stream_name":"stdout","time":8756.806371535,"data":"        \"lr\": 0.0002,\n"}
,{"stream_name":"stdout","time":8756.806373876,"data":"        \"tokens_per_second\": 9692\n"}
,{"stream_name":"stdout","time":8756.806376284,"data":"      },\n"}
,{"stream_name":"stdout","time":8756.806378552,"data":"      {\n"}
,{"stream_name":"stdout","time":8756.806380782,"data":"        \"step\": 6990,\n"}
,{"stream_name":"stdout","time":8756.806383072,"data":"        \"loss\": 4.3162,\n"}
,{"stream_name":"stdout","time":8756.806385462,"data":"        \"lr\": 0.0002,\n"}
,{"stream_name":"stdout","time":8756.806387773,"data":"        \"tokens_per_second\": 9689\n"}
,{"stream_name":"stdout","time":8756.806390137,"data":"      },\n"}
,{"stream_name":"stdout","time":8756.806392455,"data":"      {\n"}
,{"stream_name":"stdout","time":8756.806394796,"data":"        \"step\": 7000,\n"}
,{"stream_name":"stdout","time":8756.806397126,"data":"        \"loss\": 4.3189,\n"}
,{"stream_name":"stdout","time":8756.806399401,"data":"        \"lr\": 0.0002,\n"}
,{"stream_name":"stdout","time":8756.806401713,"data":"        \"tokens_per_second\": 9681\n"}
,{"stream_name":"stdout","time":8756.806404092,"data":"      },\n"}
,{"stream_name":"stdout","time":8756.80640632,"data":"      {\n"}
,{"stream_name":"stdout","time":8756.806408544,"data":"        \"step\": 7010,\n"}
,{"stream_name":"stdout","time":8756.806410971,"data":"        \"loss\": 4.3283,\n"}
,{"stream_name":"stdout","time":8756.8064133,"data":"        \"lr\": 0.0002,\n"}
,{"stream_name":"stdout","time":8756.806416822,"data":"        \"tokens_per_second\": 7838\n"}
,{"stream_name":"stdout","time":8756.806432196,"data":"      },\n"}
,{"stream_name":"stdout","time":8756.806436466,"data":"      {\n"}
,{"stream_name":"stdout","time":8756.806440147,"data":"        \"step\": 7020,\n"}
,{"stream_name":"stdout","time":8756.806443951,"data":"        \"loss\": 4.2863,\n"}
,{"stream_name":"stdout","time":8756.806448415,"data":"        \"lr\": 0.0002,\n"}
,{"stream_name":"stdout","time":8756.80645567,"data":"        \"tokens_per_second\": 9690\n"}
,{"stream_name":"stdout","time":8756.80645938,"data":"      },\n"}
,{"stream_name":"stdout","time":8756.806462763,"data":"      {\n"}
,{"stream_name":"stdout","time":8756.806466193,"data":"        \"step\": 7030,\n"}
,{"stream_name":"stdout","time":8756.806469667,"data":"        \"loss\": 4.284,\n"}
,{"stream_name":"stdout","time":8756.806473278,"data":"        \"lr\": 0.0002,\n"}
,{"stream_name":"stdout","time":8756.80648145,"data":"        \"tokens_per_second\": 9690\n"}
,{"stream_name":"stdout","time":8756.806483962,"data":"      },\n"}
,{"stream_name":"stdout","time":8756.806486223,"data":"      {\n"}
,{"stream_name":"stdout","time":8756.806488457,"data":"        \"step\": 7040,\n"}
,{"stream_name":"stdout","time":8756.806490746,"data":"        \"loss\": 4.2963,\n"}
,{"stream_name":"stdout","time":8756.806493082,"data":"        \"lr\": 0.0002,\n"}
,{"stream_name":"stdout","time":8756.80649551,"data":"        \"tokens_per_second\": 9688\n"}
,{"stream_name":"stdout","time":8756.806497816,"data":"      },\n"}
,{"stream_name":"stdout","time":8756.806500042,"data":"      {\n"}
,{"stream_name":"stdout","time":8756.806502266,"data":"        \"step\": 7050,\n"}
,{"stream_name":"stdout","time":8756.806504581,"data":"        \"loss\": 4.3289,\n"}
,{"stream_name":"stdout","time":8756.806506878,"data":"        \"lr\": 0.0002,\n"}
,{"stream_name":"stdout","time":8756.806509184,"data":"        \"tokens_per_second\": 9685\n"}
,{"stream_name":"stdout","time":8756.806511506,"data":"      },\n"}
,{"stream_name":"stdout","time":8756.806513729,"data":"      {\n"}
,{"stream_name":"stdout","time":8756.806515965,"data":"        \"step\": 7060,\n"}
,{"stream_name":"stdout","time":8756.806518247,"data":"        \"loss\": 4.282,\n"}
,{"stream_name":"stdout","time":8756.806520538,"data":"        \"lr\": 0.0002,\n"}
,{"stream_name":"stdout","time":8756.80652287,"data":"        \"tokens_per_second\": 9689\n"}
,{"stream_name":"stdout","time":8756.80652521,"data":"      },\n"}
,{"stream_name":"stdout","time":8756.806527428,"data":"      {\n"}
,{"stream_name":"stdout","time":8756.806529647,"data":"        \"step\": 7070,\n"}
,{"stream_name":"stdout","time":8756.806531938,"data":"        \"loss\": 4.3105,\n"}
,{"stream_name":"stdout","time":8756.806534232,"data":"        \"lr\": 0.0002,\n"}
,{"stream_name":"stdout","time":8756.806536539,"data":"        \"tokens_per_second\": 9688\n"}
,{"stream_name":"stdout","time":8756.806538844,"data":"      },\n"}
,{"stream_name":"stdout","time":8756.806541094,"data":"      {\n"}
,{"stream_name":"stdout","time":8756.806543407,"data":"        \"step\": 7080,\n"}
,{"stream_name":"stdout","time":8756.8065457,"data":"        \"loss\": 4.2982,\n"}
,{"stream_name":"stdout","time":8756.806548006,"data":"        \"lr\": 0.0002,\n"}
,{"stream_name":"stdout","time":8756.80655046,"data":"        \"tokens_per_second\": 9687\n"}
,{"stream_name":"stdout","time":8756.80655284,"data":"      },\n"}
,{"stream_name":"stdout","time":8756.806555065,"data":"      {\n"}
,{"stream_name":"stdout","time":8756.806557278,"data":"        \"step\": 7090,\n"}
,{"stream_name":"stdout","time":8756.806559598,"data":"        \"loss\": 4.2924,\n"}
,{"stream_name":"stdout","time":8756.806562203,"data":"        \"lr\": 0.0002,\n"}
,{"stream_name":"stdout","time":8756.806564585,"data":"        \"tokens_per_second\": 9675\n"}
,{"stream_name":"stdout","time":8756.806566971,"data":"      },\n"}
,{"stream_name":"stdout","time":8756.806569194,"data":"      {\n"}
,{"stream_name":"stdout","time":8756.806574934,"data":"        \"step\": 7100,\n"}
,{"stream_name":"stdout","time":8756.806577494,"data":"        \"loss\": 4.3612,\n"}
,{"stream_name":"stdout","time":8756.806579881,"data":"        \"lr\": 0.0002,\n"}
,{"stream_name":"stdout","time":8756.806582276,"data":"        \"tokens_per_second\": 9672\n"}
,{"stream_name":"stdout","time":8756.8065847,"data":"      },\n"}
,{"stream_name":"stdout","time":8756.806586937,"data":"      {\n"}
,{"stream_name":"stdout","time":8756.806589166,"data":"        \"step\": 7110,\n"}
,{"stream_name":"stdout","time":8756.806591463,"data":"        \"loss\": 4.2814,\n"}
,{"stream_name":"stdout","time":8756.806593866,"data":"        \"lr\": 0.0002,\n"}
,{"stream_name":"stdout","time":8756.8065962,"data":"        \"tokens_per_second\": 9680\n"}
,{"stream_name":"stdout","time":8756.80659851,"data":"      },\n"}
,{"stream_name":"stdout","time":8756.806600766,"data":"      {\n"}
,{"stream_name":"stdout","time":8756.806602997,"data":"        \"step\": 7120,\n"}
,{"stream_name":"stdout","time":8756.806605294,"data":"        \"loss\": 4.2909,\n"}
,{"stream_name":"stdout","time":8756.806607593,"data":"        \"lr\": 0.0002,\n"}
,{"stream_name":"stdout","time":8756.806609898,"data":"        \"tokens_per_second\": 9680\n"}
,{"stream_name":"stdout","time":8756.806612206,"data":"      },\n"}
,{"stream_name":"stdout","time":8756.806614441,"data":"      {\n"}
,{"stream_name":"stdout","time":8756.806616667,"data":"        \"step\": 7130,\n"}
,{"stream_name":"stdout","time":8756.806618989,"data":"        \"loss\": 4.2999,\n"}
,{"stream_name":"stdout","time":8756.806621288,"data":"        \"lr\": 0.0002,\n"}
,{"stream_name":"stdout","time":8756.806623599,"data":"        \"tokens_per_second\": 9679\n"}
,{"stream_name":"stdout","time":8756.806625921,"data":"      },\n"}
,{"stream_name":"stdout","time":8756.806628157,"data":"      {\n"}
,{"stream_name":"stdout","time":8756.806630382,"data":"        \"step\": 7140,\n"}
,{"stream_name":"stdout","time":8756.806632676,"data":"        \"loss\": 4.2868,\n"}
,{"stream_name":"stdout","time":8756.806634968,"data":"        \"lr\": 0.0002,\n"}
,{"stream_name":"stdout","time":8756.806637293,"data":"        \"tokens_per_second\": 9678\n"}
,{"stream_name":"stdout","time":8756.806639647,"data":"      },\n"}
,{"stream_name":"stdout","time":8756.806641874,"data":"      {\n"}
,{"stream_name":"stdout","time":8756.806644126,"data":"        \"step\": 7150,\n"}
,{"stream_name":"stdout","time":8756.806646424,"data":"        \"loss\": 4.2948,\n"}
,{"stream_name":"stdout","time":8756.806648728,"data":"        \"lr\": 0.0002,\n"}
,{"stream_name":"stdout","time":8756.806651029,"data":"        \"tokens_per_second\": 9682\n"}
,{"stream_name":"stdout","time":8756.806653346,"data":"      },\n"}
,{"stream_name":"stdout","time":8756.806655726,"data":"      {\n"}
,{"stream_name":"stdout","time":8756.806658116,"data":"        \"step\": 7160,\n"}
,{"stream_name":"stdout","time":8756.806660408,"data":"        \"loss\": 4.2729,\n"}
,{"stream_name":"stdout","time":8756.8066627,"data":"        \"lr\": 0.0002,\n"}
,{"stream_name":"stdout","time":8756.806665016,"data":"        \"tokens_per_second\": 9687\n"}
,{"stream_name":"stdout","time":8756.806667364,"data":"      },\n"}
,{"stream_name":"stdout","time":8756.806669601,"data":"      {\n"}
,{"stream_name":"stdout","time":8756.806671822,"data":"        \"step\": 7170,\n"}
,{"stream_name":"stdout","time":8756.80667414,"data":"        \"loss\": 4.2608,\n"}
,{"stream_name":"stdout","time":8756.806676444,"data":"        \"lr\": 0.0002,\n"}
,{"stream_name":"stdout","time":8756.806689866,"data":"        \"tokens_per_second\": 9689\n"}
,{"stream_name":"stdout","time":8756.806692436,"data":"      },\n"}
,{"stream_name":"stdout","time":8756.806694694,"data":"      {\n"}
,{"stream_name":"stdout","time":8756.806696946,"data":"        \"step\": 7180,\n"}
,{"stream_name":"stdout","time":8756.806699253,"data":"        \"loss\": 4.3261,\n"}
,{"stream_name":"stdout","time":8756.806701569,"data":"        \"lr\": 0.0002,\n"}
,{"stream_name":"stdout","time":8756.80670443,"data":"        \"tokens_per_second\": 9686\n"}
,{"stream_name":"stdout","time":8756.806706834,"data":"      },\n"}
,{"stream_name":"stdout","time":8756.806709091,"data":"      {\n"}
,{"stream_name":"stdout","time":8756.806711342,"data":"        \"step\": 7190,\n"}
,{"stream_name":"stdout","time":8756.806713711,"data":"        \"loss\": 4.2969,\n"}
,{"stream_name":"stdout","time":8756.806716386,"data":"        \"lr\": 0.0002,\n"}
,{"stream_name":"stdout","time":8756.806718731,"data":"        \"tokens_per_second\": 9675\n"}
,{"stream_name":"stdout","time":8756.806721058,"data":"      },\n"}
,{"stream_name":"stdout","time":8756.806723325,"data":"      {\n"}
,{"stream_name":"stdout","time":8756.806725583,"data":"        \"step\": 7200,\n"}
,{"stream_name":"stdout","time":8756.806727888,"data":"        \"loss\": 4.3129,\n"}
,{"stream_name":"stdout","time":8756.806730197,"data":"        \"lr\": 0.0002,\n"}
,{"stream_name":"stdout","time":8756.806732538,"data":"        \"tokens_per_second\": 9677\n"}
,{"stream_name":"stdout","time":8756.806734891,"data":"      },\n"}
,{"stream_name":"stdout","time":8756.806737132,"data":"      {\n"}
,{"stream_name":"stdout","time":8756.806739362,"data":"        \"step\": 7210,\n"}
,{"stream_name":"stdout","time":8756.806741709,"data":"        \"loss\": 4.2839,\n"}
,{"stream_name":"stdout","time":8756.806744028,"data":"        \"lr\": 0.0002,\n"}
,{"stream_name":"stdout","time":8756.806746368,"data":"        \"tokens_per_second\": 9681\n"}
,{"stream_name":"stdout","time":8756.806748684,"data":"      },\n"}
,{"stream_name":"stdout","time":8756.806750929,"data":"      {\n"}
,{"stream_name":"stdout","time":8756.806753168,"data":"        \"step\": 7220,\n"}
,{"stream_name":"stdout","time":8756.806755462,"data":"        \"loss\": 4.2779,\n"}
,{"stream_name":"stdout","time":8756.806757755,"data":"        \"lr\": 0.0002,\n"}
,{"stream_name":"stdout","time":8756.806760088,"data":"        \"tokens_per_second\": 9678\n"}
,{"stream_name":"stdout","time":8756.806762419,"data":"      },\n"}
,{"stream_name":"stdout","time":8756.806764656,"data":"      {\n"}
,{"stream_name":"stdout","time":8756.806766891,"data":"        \"step\": 7230,\n"}
,{"stream_name":"stdout","time":8756.8067692,"data":"        \"loss\": 4.2709,\n"}
,{"stream_name":"stdout","time":8756.806771494,"data":"        \"lr\": 0.0002,\n"}
,{"stream_name":"stdout","time":8756.806773815,"data":"        \"tokens_per_second\": 9680\n"}
,{"stream_name":"stdout","time":8756.806776136,"data":"      },\n"}
,{"stream_name":"stdout","time":8756.806778798,"data":"      {\n"}
,{"stream_name":"stdout","time":8756.806782112,"data":"        \"step\": 7240,\n"}
,{"stream_name":"stdout","time":8756.806785077,"data":"        \"loss\": 4.2538,\n"}
,{"stream_name":"stdout","time":8756.806787396,"data":"        \"lr\": 0.0002,\n"}
,{"stream_name":"stdout","time":8756.806789823,"data":"        \"tokens_per_second\": 9676\n"}
,{"stream_name":"stdout","time":8756.806792181,"data":"      },\n"}
,{"stream_name":"stdout","time":8756.806794397,"data":"      {\n"}
,{"stream_name":"stdout","time":8756.806806495,"data":"        \"step\": 7250,\n"}
,{"stream_name":"stdout","time":8756.806809062,"data":"        \"loss\": 4.2656,\n"}
,{"stream_name":"stdout","time":8756.80681138,"data":"        \"lr\": 0.0002,\n"}
,{"stream_name":"stdout","time":8756.806813708,"data":"        \"tokens_per_second\": 9678\n"}
,{"stream_name":"stdout","time":8756.806816076,"data":"      },\n"}
,{"stream_name":"stdout","time":8756.806818317,"data":"      {\n"}
,{"stream_name":"stdout","time":8756.806820558,"data":"        \"step\": 7260,\n"}
,{"stream_name":"stdout","time":8756.806822867,"data":"        \"loss\": 4.2813,\n"}
,{"stream_name":"stdout","time":8756.806825204,"data":"        \"lr\": 0.0002,\n"}
,{"stream_name":"stdout","time":8756.806827594,"data":"        \"tokens_per_second\": 9675\n"}
,{"stream_name":"stdout","time":8756.806829958,"data":"      },\n"}
,{"stream_name":"stdout","time":8756.806832199,"data":"      {\n"}
,{"stream_name":"stdout","time":8756.806834436,"data":"        \"step\": 7270,\n"}
,{"stream_name":"stdout","time":8756.806836738,"data":"        \"loss\": 4.2388,\n"}
,{"stream_name":"stdout","time":8756.806839052,"data":"        \"lr\": 0.0002,\n"}
,{"stream_name":"stdout","time":8756.80684137,"data":"        \"tokens_per_second\": 9675\n"}
,{"stream_name":"stdout","time":8756.806843727,"data":"      },\n"}
,{"stream_name":"stdout","time":8756.806845994,"data":"      {\n"}
,{"stream_name":"stdout","time":8756.806848248,"data":"        \"step\": 7280,\n"}
,{"stream_name":"stdout","time":8756.806850537,"data":"        \"loss\": 4.2786,\n"}
,{"stream_name":"stdout","time":8756.806852842,"data":"        \"lr\": 0.0002,\n"}
,{"stream_name":"stdout","time":8756.806855163,"data":"        \"tokens_per_second\": 9681\n"}
,{"stream_name":"stdout","time":8756.806857482,"data":"      },\n"}
,{"stream_name":"stdout","time":8756.806859714,"data":"      {\n"}
,{"stream_name":"stdout","time":8756.806862046,"data":"        \"step\": 7290,\n"}
,{"stream_name":"stdout","time":8756.806864371,"data":"        \"loss\": 4.2375,\n"}
,{"stream_name":"stdout","time":8756.806866685,"data":"        \"lr\": 0.0002,\n"}
,{"stream_name":"stdout","time":8756.806869004,"data":"        \"tokens_per_second\": 9687\n"}
,{"stream_name":"stdout","time":8756.806871333,"data":"      },\n"}
,{"stream_name":"stdout","time":8756.806873638,"data":"      {\n"}
,{"stream_name":"stdout","time":8756.806875884,"data":"        \"step\": 7300,\n"}
,{"stream_name":"stdout","time":8756.806878198,"data":"        \"loss\": 4.2824,\n"}
,{"stream_name":"stdout","time":8756.806880507,"data":"        \"lr\": 0.0002,\n"}
,{"stream_name":"stdout","time":8756.806882849,"data":"        \"tokens_per_second\": 9673\n"}
,{"stream_name":"stdout","time":8756.8068852,"data":"      },\n"}
,{"stream_name":"stdout","time":8756.806887592,"data":"      {\n"}
,{"stream_name":"stdout","time":8756.806889891,"data":"        \"step\": 7310,\n"}
,{"stream_name":"stdout","time":8756.8068922,"data":"        \"loss\": 4.2795,\n"}
,{"stream_name":"stdout","time":8756.806894515,"data":"        \"lr\": 0.0002,\n"}
,{"stream_name":"stdout","time":8756.806896832,"data":"        \"tokens_per_second\": 9676\n"}
,{"stream_name":"stdout","time":8756.806899176,"data":"      },\n"}
,{"stream_name":"stdout","time":8756.806901439,"data":"      {\n"}
,{"stream_name":"stdout","time":8756.806903683,"data":"        \"step\": 7320,\n"}
,{"stream_name":"stdout","time":8756.806905994,"data":"        \"loss\": 4.2459,\n"}
,{"stream_name":"stdout","time":8756.806908313,"data":"        \"lr\": 0.0002,\n"}
,{"stream_name":"stdout","time":8756.806919845,"data":"        \"tokens_per_second\": 9677\n"}
,{"stream_name":"stdout","time":8756.806922434,"data":"      },\n"}
,{"stream_name":"stdout","time":8756.80692482,"data":"      {\n"}
,{"stream_name":"stdout","time":8756.806927061,"data":"        \"step\": 7330,\n"}
,{"stream_name":"stdout","time":8756.80692938,"data":"        \"loss\": 4.2673,\n"}
,{"stream_name":"stdout","time":8756.806931785,"data":"        \"lr\": 0.0002,\n"}
,{"stream_name":"stdout","time":8756.8069341,"data":"        \"tokens_per_second\": 9674\n"}
,{"stream_name":"stdout","time":8756.806936414,"data":"      },\n"}
,{"stream_name":"stdout","time":8756.806938646,"data":"      {\n"}
,{"stream_name":"stdout","time":8756.806940998,"data":"        \"step\": 7340,\n"}
,{"stream_name":"stdout","time":8756.806943293,"data":"        \"loss\": 4.1903,\n"}
,{"stream_name":"stdout","time":8756.806945594,"data":"        \"lr\": 0.0002,\n"}
,{"stream_name":"stdout","time":8756.806947951,"data":"        \"tokens_per_second\": 9678\n"}
,{"stream_name":"stdout","time":8756.806950354,"data":"      },\n"}
,{"stream_name":"stdout","time":8756.806952596,"data":"      {\n"}
,{"stream_name":"stdout","time":8756.806954824,"data":"        \"step\": 7350,\n"}
,{"stream_name":"stdout","time":8756.806957122,"data":"        \"loss\": 4.2653,\n"}
,{"stream_name":"stdout","time":8756.806959517,"data":"        \"lr\": 0.0002,\n"}
,{"stream_name":"stdout","time":8756.806972733,"data":"        \"tokens_per_second\": 9676\n"}
,{"stream_name":"stdout","time":8756.806975165,"data":"      },\n"}
,{"stream_name":"stdout","time":8756.80697738,"data":"      {\n"}
,{"stream_name":"stdout","time":8756.806980515,"data":"        \"step\": 7360,\n"}
,{"stream_name":"stdout","time":8756.806982702,"data":"        \"loss\": 4.2589,\n"}
,{"stream_name":"stdout","time":8756.806984879,"data":"        \"lr\": 0.0002,\n"}
,{"stream_name":"stdout","time":8756.806987074,"data":"        \"tokens_per_second\": 9678\n"}
,{"stream_name":"stdout","time":8756.806989362,"data":"      },\n"}
,{"stream_name":"stdout","time":8756.806991454,"data":"      {\n"}
,{"stream_name":"stdout","time":8756.806993559,"data":"        \"step\": 7370,\n"}
,{"stream_name":"stdout","time":8756.806997356,"data":"        \"loss\": 4.2458,\n"}
,{"stream_name":"stdout","time":8756.806999548,"data":"        \"lr\": 0.0002,\n"}
,{"stream_name":"stdout","time":8756.807001751,"data":"        \"tokens_per_second\": 9678\n"}
,{"stream_name":"stdout","time":8756.807003982,"data":"      },\n"}
,{"stream_name":"stdout","time":8756.807006098,"data":"      {\n"}
,{"stream_name":"stdout","time":8756.807008223,"data":"        \"step\": 7380,\n"}
,{"stream_name":"stdout","time":8756.807010398,"data":"        \"loss\": 4.3035,\n"}
,{"stream_name":"stdout","time":8756.807012593,"data":"        \"lr\": 0.0002,\n"}
,{"stream_name":"stdout","time":8756.807014811,"data":"        \"tokens_per_second\": 9675\n"}
,{"stream_name":"stdout","time":8756.807016996,"data":"      },\n"}
,{"stream_name":"stdout","time":8756.807019103,"data":"      {\n"}
,{"stream_name":"stdout","time":8756.807021215,"data":"        \"step\": 7390,\n"}
,{"stream_name":"stdout","time":8756.807023396,"data":"        \"loss\": 4.2597,\n"}
,{"stream_name":"stdout","time":8756.807025675,"data":"        \"lr\": 0.0002,\n"}
,{"stream_name":"stdout","time":8756.807031756,"data":"        \"tokens_per_second\": 9680\n"}
,{"stream_name":"stdout","time":8756.807034099,"data":"      },\n"}
,{"stream_name":"stdout","time":8756.80703625,"data":"      {\n"}
,{"stream_name":"stdout","time":8756.807043137,"data":"        \"step\": 7400,\n"}
,{"stream_name":"stdout","time":8756.807045502,"data":"        \"loss\": 4.2303,\n"}
,{"stream_name":"stdout","time":8756.807047706,"data":"        \"lr\": 0.0002,\n"}
,{"stream_name":"stdout","time":8756.807049914,"data":"        \"tokens_per_second\": 9671\n"}
,{"stream_name":"stdout","time":8756.807052133,"data":"      },\n"}
,{"stream_name":"stdout","time":8756.80705426,"data":"      {\n"}
,{"stream_name":"stdout","time":8756.807056364,"data":"        \"step\": 7410,\n"}
,{"stream_name":"stdout","time":8756.807058575,"data":"        \"loss\": 4.2433,\n"}
,{"stream_name":"stdout","time":8756.807060755,"data":"        \"lr\": 0.0002,\n"}
,{"stream_name":"stdout","time":8756.807062943,"data":"        \"tokens_per_second\": 9676\n"}
,{"stream_name":"stdout","time":8756.807065255,"data":"      },\n"}
,{"stream_name":"stdout","time":8756.807067381,"data":"      {\n"}
,{"stream_name":"stdout","time":8756.807069497,"data":"        \"step\": 7420,\n"}
,{"stream_name":"stdout","time":8756.807071661,"data":"        \"loss\": 4.2624,\n"}
,{"stream_name":"stdout","time":8756.807073833,"data":"        \"lr\": 0.0002,\n"}
,{"stream_name":"stdout","time":8756.80707606,"data":"        \"tokens_per_second\": 9676\n"}
,{"stream_name":"stdout","time":8756.807078253,"data":"      },\n"}
,{"stream_name":"stdout","time":8756.807080369,"data":"      {\n"}
,{"stream_name":"stdout","time":8756.807082481,"data":"        \"step\": 7430,\n"}
,{"stream_name":"stdout","time":8756.807084657,"data":"        \"loss\": 4.2571,\n"}
,{"stream_name":"stdout","time":8756.80708695,"data":"        \"lr\": 0.0002,\n"}
,{"stream_name":"stdout","time":8756.807089143,"data":"        \"tokens_per_second\": 9678\n"}
,{"stream_name":"stdout","time":8756.807091361,"data":"      },\n"}
,{"stream_name":"stdout","time":8756.807093493,"data":"      {\n"}
,{"stream_name":"stdout","time":8756.807095682,"data":"        \"step\": 7440,\n"}
,{"stream_name":"stdout","time":8756.807097969,"data":"        \"loss\": 4.2379,\n"}
,{"stream_name":"stdout","time":8756.807100154,"data":"        \"lr\": 0.0002,\n"}
,{"stream_name":"stdout","time":8756.807102345,"data":"        \"tokens_per_second\": 9678\n"}
,{"stream_name":"stdout","time":8756.807104533,"data":"      },\n"}
,{"stream_name":"stdout","time":8756.807106658,"data":"      {\n"}
,{"stream_name":"stdout","time":8756.807108769,"data":"        \"step\": 7450,\n"}
,{"stream_name":"stdout","time":8756.80711096,"data":"        \"loss\": 4.2505,\n"}
,{"stream_name":"stdout","time":8756.807113149,"data":"        \"lr\": 0.0002,\n"}
,{"stream_name":"stdout","time":8756.807115355,"data":"        \"tokens_per_second\": 9676\n"}
,{"stream_name":"stdout","time":8756.807117965,"data":"      },\n"}
,{"stream_name":"stdout","time":8756.807120071,"data":"      {\n"}
,{"stream_name":"stdout","time":8756.807122189,"data":"        \"step\": 7460,\n"}
,{"stream_name":"stdout","time":8756.807124353,"data":"        \"loss\": 4.2556,\n"}
,{"stream_name":"stdout","time":8756.807126543,"data":"        \"lr\": 0.0002,\n"}
,{"stream_name":"stdout","time":8756.807128756,"data":"        \"tokens_per_second\": 9679\n"}
,{"stream_name":"stdout","time":8756.807130941,"data":"      },\n"}
,{"stream_name":"stdout","time":8756.807133048,"data":"      {\n"}
,{"stream_name":"stdout","time":8756.807136098,"data":"        \"step\": 7470,\n"}
,{"stream_name":"stdout","time":8756.807152133,"data":"        \"loss\": 4.2043,\n"}
,{"stream_name":"stdout","time":8756.80715622,"data":"        \"lr\": 0.0002,\n"}
,{"stream_name":"stdout","time":8756.807163545,"data":"        \"tokens_per_second\": 9680\n"}
,{"stream_name":"stdout","time":8756.807167423,"data":"      },\n"}
,{"stream_name":"stdout","time":8756.807172293,"data":"      {\n"}
,{"stream_name":"stdout","time":8756.807178513,"data":"        \"step\": 7480,\n"}
,{"stream_name":"stdout","time":8756.807180815,"data":"        \"loss\": 4.2688,\n"}
,{"stream_name":"stdout","time":8756.807183118,"data":"        \"lr\": 0.0002,\n"}
,{"stream_name":"stdout","time":8756.80718529,"data":"        \"tokens_per_second\": 9674\n"}
,{"stream_name":"stdout","time":8756.807187464,"data":"      },\n"}
,{"stream_name":"stdout","time":8756.807189565,"data":"      {\n"}
,{"stream_name":"stdout","time":8756.807191872,"data":"        \"step\": 7490,\n"}
,{"stream_name":"stdout","time":8756.807194044,"data":"        \"loss\": 4.2284,\n"}
,{"stream_name":"stdout","time":8756.807196222,"data":"        \"lr\": 0.0002,\n"}
,{"stream_name":"stdout","time":8756.8071984,"data":"        \"tokens_per_second\": 9674\n"}
,{"stream_name":"stdout","time":8756.807200565,"data":"      },\n"}
,{"stream_name":"stdout","time":8756.807202653,"data":"      {\n"}
,{"stream_name":"stdout","time":8756.807204751,"data":"        \"step\": 7500,\n"}
,{"stream_name":"stdout","time":8756.807206963,"data":"        \"loss\": 4.2611,\n"}
,{"stream_name":"stdout","time":8756.807209111,"data":"        \"lr\": 0.0002,\n"}
,{"stream_name":"stdout","time":8756.807211303,"data":"        \"tokens_per_second\": 9674\n"}
,{"stream_name":"stdout","time":8756.807213471,"data":"      },\n"}
,{"stream_name":"stdout","time":8756.807240883,"data":"      {\n"}
,{"stream_name":"stdout","time":8756.807247453,"data":"        \"step\": 7510,\n"}
,{"stream_name":"stdout","time":8756.807251152,"data":"        \"loss\": 4.2303,\n"}
,{"stream_name":"stdout","time":8756.807254604,"data":"        \"lr\": 0.0002,\n"}
,{"stream_name":"stdout","time":8756.807258385,"data":"        \"tokens_per_second\": 6998\n"}
,{"stream_name":"stdout","time":8756.80726224,"data":"      },\n"}
,{"stream_name":"stdout","time":8756.807265923,"data":"      {\n"}
,{"stream_name":"stdout","time":8756.807269421,"data":"        \"step\": 7520,\n"}
,{"stream_name":"stdout","time":8756.807273231,"data":"        \"loss\": 4.2363,\n"}
,{"stream_name":"stdout","time":8756.807276638,"data":"        \"lr\": 0.0002,\n"}
,{"stream_name":"stdout","time":8756.807280018,"data":"        \"tokens_per_second\": 9674\n"}
,{"stream_name":"stdout","time":8756.807283391,"data":"      },\n"}
,{"stream_name":"stdout","time":8756.807286623,"data":"      {\n"}
,{"stream_name":"stdout","time":8756.807294356,"data":"        \"step\": 7530,\n"}
,{"stream_name":"stdout","time":8756.807297806,"data":"        \"loss\": 4.2613,\n"}
,{"stream_name":"stdout","time":8756.807300101,"data":"        \"lr\": 0.0002,\n"}
,{"stream_name":"stdout","time":8756.807302306,"data":"        \"tokens_per_second\": 9667\n"}
,{"stream_name":"stdout","time":8756.807304644,"data":"      },\n"}
,{"stream_name":"stdout","time":8756.807306826,"data":"      {\n"}
,{"stream_name":"stdout","time":8756.807308936,"data":"        \"step\": 7540,\n"}
,{"stream_name":"stdout","time":8756.807311085,"data":"        \"loss\": 4.2699,\n"}
,{"stream_name":"stdout","time":8756.807313338,"data":"        \"lr\": 0.0002,\n"}
,{"stream_name":"stdout","time":8756.807315598,"data":"        \"tokens_per_second\": 9665\n"}
,{"stream_name":"stdout","time":8756.807317863,"data":"      },\n"}
,{"stream_name":"stdout","time":8756.807319946,"data":"      {\n"}
,{"stream_name":"stdout","time":8756.807328485,"data":"        \"step\": 7550,\n"}
,{"stream_name":"stdout","time":8756.80733096,"data":"        \"loss\": 4.2438,\n"}
,{"stream_name":"stdout","time":8756.807333141,"data":"        \"lr\": 0.0002,\n"}
,{"stream_name":"stdout","time":8756.807335344,"data":"        \"tokens_per_second\": 9667\n"}
,{"stream_name":"stdout","time":8756.807337596,"data":"      },\n"}
,{"stream_name":"stdout","time":8756.807339743,"data":"      {\n"}
,{"stream_name":"stdout","time":8756.807341855,"data":"        \"step\": 7560,\n"}
,{"stream_name":"stdout","time":8756.807344031,"data":"        \"loss\": 4.2396,\n"}
,{"stream_name":"stdout","time":8756.807346222,"data":"        \"lr\": 0.0002,\n"}
,{"stream_name":"stdout","time":8756.807348485,"data":"        \"tokens_per_second\": 9665\n"}
,{"stream_name":"stdout","time":8756.807350668,"data":"      },\n"}
,{"stream_name":"stdout","time":8756.807352775,"data":"      {\n"}
,{"stream_name":"stdout","time":8756.807354882,"data":"        \"step\": 7570,\n"}
,{"stream_name":"stdout","time":8756.807357085,"data":"        \"loss\": 4.2465,\n"}
,{"stream_name":"stdout","time":8756.807359268,"data":"        \"lr\": 0.0002,\n"}
,{"stream_name":"stdout","time":8756.807361461,"data":"        \"tokens_per_second\": 9666\n"}
,{"stream_name":"stdout","time":8756.807363656,"data":"      },\n"}
,{"stream_name":"stdout","time":8756.80736604,"data":"      {\n"}
,{"stream_name":"stdout","time":8756.807368532,"data":"        \"step\": 7580,\n"}
,{"stream_name":"stdout","time":8756.807370703,"data":"        \"loss\": 4.2676,\n"}
,{"stream_name":"stdout","time":8756.807372882,"data":"        \"lr\": 0.0002,\n"}
,{"stream_name":"stdout","time":8756.807375173,"data":"        \"tokens_per_second\": 9664\n"}
,{"stream_name":"stdout","time":8756.807377354,"data":"      },\n"}
,{"stream_name":"stdout","time":8756.807379458,"data":"      {\n"}
,{"stream_name":"stdout","time":8756.807381629,"data":"        \"step\": 7590,\n"}
,{"stream_name":"stdout","time":8756.807383793,"data":"        \"loss\": 4.2424,\n"}
,{"stream_name":"stdout","time":8756.807386025,"data":"        \"lr\": 0.0002,\n"}
,{"stream_name":"stdout","time":8756.807388206,"data":"        \"tokens_per_second\": 9673\n"}
,{"stream_name":"stdout","time":8756.807390413,"data":"      },\n"}
,{"stream_name":"stdout","time":8756.807392538,"data":"      {\n"}
,{"stream_name":"stdout","time":8756.807394731,"data":"        \"step\": 7600,\n"}
,{"stream_name":"stdout","time":8756.807396874,"data":"        \"loss\": 4.204,\n"}
,{"stream_name":"stdout","time":8756.807399052,"data":"        \"lr\": 0.0002,\n"}
,{"stream_name":"stdout","time":8756.807401235,"data":"        \"tokens_per_second\": 9669\n"}
,{"stream_name":"stdout","time":8756.807403483,"data":"      },\n"}
,{"stream_name":"stdout","time":8756.807405582,"data":"      {\n"}
,{"stream_name":"stdout","time":8756.80740769,"data":"        \"step\": 7610,\n"}
,{"stream_name":"stdout","time":8756.807409878,"data":"        \"loss\": 4.2258,\n"}
,{"stream_name":"stdout","time":8756.80741205,"data":"        \"lr\": 0.0002,\n"}
,{"stream_name":"stdout","time":8756.807414233,"data":"        \"tokens_per_second\": 9677\n"}
,{"stream_name":"stdout","time":8756.807416439,"data":"      },\n"}
,{"stream_name":"stdout","time":8756.807418543,"data":"      {\n"}
,{"stream_name":"stdout","time":8756.807420659,"data":"        \"step\": 7620,\n"}
,{"stream_name":"stdout","time":8756.807422821,"data":"        \"loss\": 4.232,\n"}
,{"stream_name":"stdout","time":8756.807425086,"data":"        \"lr\": 0.0002,\n"}
,{"stream_name":"stdout","time":8756.80742919,"data":"        \"tokens_per_second\": 9675\n"}
,{"stream_name":"stdout","time":8756.80743148,"data":"      },\n"}
,{"stream_name":"stdout","time":8756.807433574,"data":"      {\n"}
,{"stream_name":"stdout","time":8756.80743568,"data":"        \"step\": 7630,\n"}
,{"stream_name":"stdout","time":8756.807437831,"data":"        \"loss\": 4.2601,\n"}
,{"stream_name":"stdout","time":8756.807439993,"data":"        \"lr\": 0.0002,\n"}
,{"stream_name":"stdout","time":8756.807442168,"data":"        \"tokens_per_second\": 9672\n"}
,{"stream_name":"stdout","time":8756.807444339,"data":"      },\n"}
,{"stream_name":"stdout","time":8756.807446458,"data":"      {\n"}
,{"stream_name":"stdout","time":8756.807448553,"data":"        \"step\": 7640,\n"}
,{"stream_name":"stdout","time":8756.807450695,"data":"        \"loss\": 4.2198,\n"}
,{"stream_name":"stdout","time":8756.807452846,"data":"        \"lr\": 0.0002,\n"}
,{"stream_name":"stdout","time":8756.807455017,"data":"        \"tokens_per_second\": 9672\n"}
,{"stream_name":"stdout","time":8756.807457186,"data":"      },\n"}
,{"stream_name":"stdout","time":8756.807459279,"data":"      {\n"}
,{"stream_name":"stdout","time":8756.807461373,"data":"        \"step\": 7650,\n"}
,{"stream_name":"stdout","time":8756.807463551,"data":"        \"loss\": 4.2361,\n"}
,{"stream_name":"stdout","time":8756.807465698,"data":"        \"lr\": 0.0002,\n"}
,{"stream_name":"stdout","time":8756.807467866,"data":"        \"tokens_per_second\": 9677\n"}
,{"stream_name":"stdout","time":8756.807470036,"data":"      },\n"}
,{"stream_name":"stdout","time":8756.807472129,"data":"      {\n"}
,{"stream_name":"stdout","time":8756.807474225,"data":"        \"step\": 7660,\n"}
,{"stream_name":"stdout","time":8756.807476366,"data":"        \"loss\": 4.2529,\n"}
,{"stream_name":"stdout","time":8756.807478513,"data":"        \"lr\": 0.0002,\n"}
,{"stream_name":"stdout","time":8756.807480716,"data":"        \"tokens_per_second\": 9677\n"}
,{"stream_name":"stdout","time":8756.807482922,"data":"      },\n"}
,{"stream_name":"stdout","time":8756.807485016,"data":"      {\n"}
,{"stream_name":"stdout","time":8756.80748711,"data":"        \"step\": 7670,\n"}
,{"stream_name":"stdout","time":8756.807489238,"data":"        \"loss\": 4.2686,\n"}
,{"stream_name":"stdout","time":8756.807491395,"data":"        \"lr\": 0.0002,\n"}
,{"stream_name":"stdout","time":8756.807493566,"data":"        \"tokens_per_second\": 9674\n"}
,{"stream_name":"stdout","time":8756.807495765,"data":"      },\n"}
,{"stream_name":"stdout","time":8756.807497875,"data":"      {\n"}
,{"stream_name":"stdout","time":8756.807499957,"data":"        \"step\": 7680,\n"}
,{"stream_name":"stdout","time":8756.807502105,"data":"        \"loss\": 4.21,\n"}
,{"stream_name":"stdout","time":8756.807504253,"data":"        \"lr\": 0.0002,\n"}
,{"stream_name":"stdout","time":8756.807506545,"data":"        \"tokens_per_second\": 9679\n"}
,{"stream_name":"stdout","time":8756.807508743,"data":"      },\n"}
,{"stream_name":"stdout","time":8756.807510837,"data":"      {\n"}
,{"stream_name":"stdout","time":8756.807512926,"data":"        \"step\": 7690,\n"}
,{"stream_name":"stdout","time":8756.807515102,"data":"        \"loss\": 4.2409,\n"}
,{"stream_name":"stdout","time":8756.807517256,"data":"        \"lr\": 0.0002,\n"}
,{"stream_name":"stdout","time":8756.807519426,"data":"        \"tokens_per_second\": 9673\n"}
,{"stream_name":"stdout","time":8756.80752174,"data":"      },\n"}
,{"stream_name":"stdout","time":8756.807523828,"data":"      {\n"}
,{"stream_name":"stdout","time":8756.807531039,"data":"        \"step\": 7700,\n"}
,{"stream_name":"stdout","time":8756.80753337,"data":"        \"loss\": 4.2445,\n"}
,{"stream_name":"stdout","time":8756.807535816,"data":"        \"lr\": 0.0002,\n"}
,{"stream_name":"stdout","time":8756.807538095,"data":"        \"tokens_per_second\": 9669\n"}
,{"stream_name":"stdout","time":8756.807540292,"data":"      },\n"}
,{"stream_name":"stdout","time":8756.807542385,"data":"      {\n"}
,{"stream_name":"stdout","time":8756.807544497,"data":"        \"step\": 7710,\n"}
,{"stream_name":"stdout","time":8756.80754669,"data":"        \"loss\": 4.2312,\n"}
,{"stream_name":"stdout","time":8756.807548868,"data":"        \"lr\": 0.0002,\n"}
,{"stream_name":"stdout","time":8756.807551044,"data":"        \"tokens_per_second\": 9680\n"}
,{"stream_name":"stdout","time":8756.807553277,"data":"      },\n"}
,{"stream_name":"stdout","time":8756.807555394,"data":"      {\n"}
,{"stream_name":"stdout","time":8756.807557508,"data":"        \"step\": 7720,\n"}
,{"stream_name":"stdout","time":8756.807559658,"data":"        \"loss\": 4.2211,\n"}
,{"stream_name":"stdout","time":8756.807561909,"data":"        \"lr\": 0.0002,\n"}
,{"stream_name":"stdout","time":8756.807564089,"data":"        \"tokens_per_second\": 9677\n"}
,{"stream_name":"stdout","time":8756.807566299,"data":"      },\n"}
,{"stream_name":"stdout","time":8756.807568395,"data":"      {\n"}
,{"stream_name":"stdout","time":8756.807570485,"data":"        \"step\": 7730,\n"}
,{"stream_name":"stdout","time":8756.807572673,"data":"        \"loss\": 4.2143,\n"}
,{"stream_name":"stdout","time":8756.807574837,"data":"        \"lr\": 0.0002,\n"}
,{"stream_name":"stdout","time":8756.807577027,"data":"        \"tokens_per_second\": 9676\n"}
,{"stream_name":"stdout","time":8756.807579229,"data":"      },\n"}
,{"stream_name":"stdout","time":8756.807581321,"data":"      {\n"}
,{"stream_name":"stdout","time":8756.807583414,"data":"        \"step\": 7740,\n"}
,{"stream_name":"stdout","time":8756.807585588,"data":"        \"loss\": 4.22,\n"}
,{"stream_name":"stdout","time":8756.807587733,"data":"        \"lr\": 0.0002,\n"}
,{"stream_name":"stdout","time":8756.807589938,"data":"        \"tokens_per_second\": 9674\n"}
,{"stream_name":"stdout","time":8756.807592115,"data":"      },\n"}
,{"stream_name":"stdout","time":8756.807594204,"data":"      {\n"}
,{"stream_name":"stdout","time":8756.807596306,"data":"        \"step\": 7750,\n"}
,{"stream_name":"stdout","time":8756.807598455,"data":"        \"loss\": 4.2238,\n"}
,{"stream_name":"stdout","time":8756.807600625,"data":"        \"lr\": 0.0002,\n"}
,{"stream_name":"stdout","time":8756.807602788,"data":"        \"tokens_per_second\": 9678\n"}
,{"stream_name":"stdout","time":8756.807604984,"data":"      },\n"}
,{"stream_name":"stdout","time":8756.807607112,"data":"      {\n"}
,{"stream_name":"stdout","time":8756.80760921,"data":"        \"step\": 7760,\n"}
,{"stream_name":"stdout","time":8756.807611365,"data":"        \"loss\": 4.1947,\n"}
,{"stream_name":"stdout","time":8756.807613521,"data":"        \"lr\": 0.0002,\n"}
,{"stream_name":"stdout","time":8756.807615681,"data":"        \"tokens_per_second\": 9676\n"}
,{"stream_name":"stdout","time":8756.807617876,"data":"      },\n"}
,{"stream_name":"stdout","time":8756.80761998,"data":"      {\n"}
,{"stream_name":"stdout","time":8756.807622105,"data":"        \"step\": 7770,\n"}
,{"stream_name":"stdout","time":8756.807628115,"data":"        \"loss\": 4.2137,\n"}
,{"stream_name":"stdout","time":8756.807630443,"data":"        \"lr\": 0.0002,\n"}
,{"stream_name":"stdout","time":8756.80763834,"data":"        \"tokens_per_second\": 9676\n"}
,{"stream_name":"stdout","time":8756.807640683,"data":"      },\n"}
,{"stream_name":"stdout","time":8756.807642789,"data":"      {\n"}
,{"stream_name":"stdout","time":8756.80764489,"data":"        \"step\": 7780,\n"}
,{"stream_name":"stdout","time":8756.807647297,"data":"        \"loss\": 4.2421,\n"}
,{"stream_name":"stdout","time":8756.807649457,"data":"        \"lr\": 0.0002,\n"}
,{"stream_name":"stdout","time":8756.807651643,"data":"        \"tokens_per_second\": 9676\n"}
,{"stream_name":"stdout","time":8756.807653825,"data":"      },\n"}
,{"stream_name":"stdout","time":8756.807656006,"data":"      {\n"}
,{"stream_name":"stdout","time":8756.807658108,"data":"        \"step\": 7790,\n"}
,{"stream_name":"stdout","time":8756.807660264,"data":"        \"loss\": 4.2047,\n"}
,{"stream_name":"stdout","time":8756.807662444,"data":"        \"lr\": 0.0002,\n"}
,{"stream_name":"stdout","time":8756.80766463,"data":"        \"tokens_per_second\": 9677\n"}
,{"stream_name":"stdout","time":8756.807666812,"data":"      },\n"}
,{"stream_name":"stdout","time":8756.807669045,"data":"      {\n"}
,{"stream_name":"stdout","time":8756.807671139,"data":"        \"step\": 7800,\n"}
,{"stream_name":"stdout","time":8756.80767328,"data":"        \"loss\": 4.1914,\n"}
,{"stream_name":"stdout","time":8756.807675449,"data":"        \"lr\": 0.0002,\n"}
,{"stream_name":"stdout","time":8756.80767763,"data":"        \"tokens_per_second\": 9667\n"}
,{"stream_name":"stdout","time":8756.807679813,"data":"      },\n"}
,{"stream_name":"stdout","time":8756.807681909,"data":"      {\n"}
,{"stream_name":"stdout","time":8756.807684003,"data":"        \"step\": 7810,\n"}
,{"stream_name":"stdout","time":8756.807686166,"data":"        \"loss\": 4.2087,\n"}
,{"stream_name":"stdout","time":8756.807688332,"data":"        \"lr\": 0.0002,\n"}
,{"stream_name":"stdout","time":8756.807690506,"data":"        \"tokens_per_second\": 9673\n"}
,{"stream_name":"stdout","time":8756.807692678,"data":"      },\n"}
,{"stream_name":"stdout","time":8756.807694772,"data":"      {\n"}
,{"stream_name":"stdout","time":8756.807696875,"data":"        \"step\": 7820,\n"}
,{"stream_name":"stdout","time":8756.80769902,"data":"        \"loss\": 4.2067,\n"}
,{"stream_name":"stdout","time":8756.807701172,"data":"        \"lr\": 0.0002,\n"}
,{"stream_name":"stdout","time":8756.807703372,"data":"        \"tokens_per_second\": 9674\n"}
,{"stream_name":"stdout","time":8756.807705571,"data":"      },\n"}
,{"stream_name":"stdout","time":8756.807707665,"data":"      {\n"}
,{"stream_name":"stdout","time":8756.807709892,"data":"        \"step\": 7830,\n"}
,{"stream_name":"stdout","time":8756.80771204,"data":"        \"loss\": 4.1857,\n"}
,{"stream_name":"stdout","time":8756.807714205,"data":"        \"lr\": 0.0002,\n"}
,{"stream_name":"stdout","time":8756.80771657,"data":"        \"tokens_per_second\": 9674\n"}
,{"stream_name":"stdout","time":8756.807718803,"data":"      },\n"}
,{"stream_name":"stdout","time":8756.807720917,"data":"      {\n"}
,{"stream_name":"stdout","time":8756.807723163,"data":"        \"step\": 7840,\n"}
,{"stream_name":"stdout","time":8756.807725299,"data":"        \"loss\": 4.1837,\n"}
,{"stream_name":"stdout","time":8756.807727464,"data":"        \"lr\": 0.0002,\n"}
,{"stream_name":"stdout","time":8756.807729655,"data":"        \"tokens_per_second\": 9673\n"}
,{"stream_name":"stdout","time":8756.807731842,"data":"      },\n"}
,{"stream_name":"stdout","time":8756.807733935,"data":"      {\n"}
,{"stream_name":"stdout","time":8756.807738149,"data":"        \"step\": 7850,\n"}
,{"stream_name":"stdout","time":8756.807740424,"data":"        \"loss\": 4.1984,\n"}
,{"stream_name":"stdout","time":8756.807742611,"data":"        \"lr\": 0.0002,\n"}
,{"stream_name":"stdout","time":8756.807744795,"data":"        \"tokens_per_second\": 9676\n"}
,{"stream_name":"stdout","time":8756.807747008,"data":"      },\n"}
,{"stream_name":"stdout","time":8756.807749107,"data":"      {\n"}
,{"stream_name":"stdout","time":8756.807751217,"data":"        \"step\": 7860,\n"}
,{"stream_name":"stdout","time":8756.807753385,"data":"        \"loss\": 4.1758,\n"}
,{"stream_name":"stdout","time":8756.807755569,"data":"        \"lr\": 0.0002,\n"}
,{"stream_name":"stdout","time":8756.807757903,"data":"        \"tokens_per_second\": 9675\n"}
,{"stream_name":"stdout","time":8756.80776013,"data":"      },\n"}
,{"stream_name":"stdout","time":8756.807762472,"data":"      {\n"}
,{"stream_name":"stdout","time":8756.807764579,"data":"        \"step\": 7870,\n"}
,{"stream_name":"stdout","time":8756.807766747,"data":"        \"loss\": 4.2267,\n"}
,{"stream_name":"stdout","time":8756.807768923,"data":"        \"lr\": 0.0002,\n"}
,{"stream_name":"stdout","time":8756.807771474,"data":"        \"tokens_per_second\": 9674\n"}
,{"stream_name":"stdout","time":8756.807773769,"data":"      },\n"}
,{"stream_name":"stdout","time":8756.807775975,"data":"      {\n"}
,{"stream_name":"stdout","time":8756.807778278,"data":"        \"step\": 7880,\n"}
,{"stream_name":"stdout","time":8756.80778165,"data":"        \"loss\": 4.2283,\n"}
,{"stream_name":"stdout","time":8756.807784434,"data":"        \"lr\": 0.0002,\n"}
,{"stream_name":"stdout","time":8756.807786764,"data":"        \"tokens_per_second\": 9677\n"}
,{"stream_name":"stdout","time":8756.807788967,"data":"      },\n"}
,{"stream_name":"stdout","time":8756.80779124,"data":"      {\n"}
,{"stream_name":"stdout","time":8756.80779333,"data":"        \"step\": 7890,\n"}
,{"stream_name":"stdout","time":8756.807795502,"data":"        \"loss\": 4.2174,\n"}
,{"stream_name":"stdout","time":8756.80779766,"data":"        \"lr\": 0.0002,\n"}
,{"stream_name":"stdout","time":8756.807799915,"data":"        \"tokens_per_second\": 9676\n"}
,{"stream_name":"stdout","time":8756.807802084,"data":"      },\n"}
,{"stream_name":"stdout","time":8756.807804192,"data":"      {\n"}
,{"stream_name":"stdout","time":8756.807806284,"data":"        \"step\": 7900,\n"}
,{"stream_name":"stdout","time":8756.807808435,"data":"        \"loss\": 4.1905,\n"}
,{"stream_name":"stdout","time":8756.807810586,"data":"        \"lr\": 0.0002,\n"}
,{"stream_name":"stdout","time":8756.807812777,"data":"        \"tokens_per_second\": 9664\n"}
,{"stream_name":"stdout","time":8756.807814947,"data":"      },\n"}
,{"stream_name":"stdout","time":8756.807817042,"data":"      {\n"}
,{"stream_name":"stdout","time":8756.807819135,"data":"        \"step\": 7910,\n"}
,{"stream_name":"stdout","time":8756.807821357,"data":"        \"loss\": 4.1923,\n"}
,{"stream_name":"stdout","time":8756.807823529,"data":"        \"lr\": 0.0002,\n"}
,{"stream_name":"stdout","time":8756.80782576,"data":"        \"tokens_per_second\": 9668\n"}
,{"stream_name":"stdout","time":8756.807828021,"data":"      },\n"}
,{"stream_name":"stdout","time":8756.807830137,"data":"      {\n"}
,{"stream_name":"stdout","time":8756.807832227,"data":"        \"step\": 7920,\n"}
,{"stream_name":"stdout","time":8756.807834429,"data":"        \"loss\": 4.1806,\n"}
,{"stream_name":"stdout","time":8756.807836724,"data":"        \"lr\": 0.0002,\n"}
,{"stream_name":"stdout","time":8756.807841,"data":"        \"tokens_per_second\": 9671\n"}
,{"stream_name":"stdout","time":8756.807843295,"data":"      },\n"}
,{"stream_name":"stdout","time":8756.807845392,"data":"      {\n"}
,{"stream_name":"stdout","time":8756.807847494,"data":"        \"step\": 7930,\n"}
,{"stream_name":"stdout","time":8756.807849671,"data":"        \"loss\": 4.1922,\n"}
,{"stream_name":"stdout","time":8756.807851858,"data":"        \"lr\": 0.0002,\n"}
,{"stream_name":"stdout","time":8756.80785403,"data":"        \"tokens_per_second\": 9676\n"}
,{"stream_name":"stdout","time":8756.807856235,"data":"      },\n"}
,{"stream_name":"stdout","time":8756.807858326,"data":"      {\n"}
,{"stream_name":"stdout","time":8756.807860409,"data":"        \"step\": 7940,\n"}
,{"stream_name":"stdout","time":8756.807862565,"data":"        \"loss\": 4.1566,\n"}
,{"stream_name":"stdout","time":8756.807864726,"data":"        \"lr\": 0.0002,\n"}
,{"stream_name":"stdout","time":8756.807866914,"data":"        \"tokens_per_second\": 9669\n"}
,{"stream_name":"stdout","time":8756.807869093,"data":"      },\n"}
,{"stream_name":"stdout","time":8756.807871185,"data":"      {\n"}
,{"stream_name":"stdout","time":8756.80787327,"data":"        \"step\": 7950,\n"}
,{"stream_name":"stdout","time":8756.807875423,"data":"        \"loss\": 4.1966,\n"}
,{"stream_name":"stdout","time":8756.807877584,"data":"        \"lr\": 0.0002,\n"}
,{"stream_name":"stdout","time":8756.807879773,"data":"        \"tokens_per_second\": 9672\n"}
,{"stream_name":"stdout","time":8756.807881945,"data":"      },\n"}
,{"stream_name":"stdout","time":8756.807884074,"data":"      {\n"}
,{"stream_name":"stdout","time":8756.80788619,"data":"        \"step\": 7960,\n"}
,{"stream_name":"stdout","time":8756.807888344,"data":"        \"loss\": 4.1814,\n"}
,{"stream_name":"stdout","time":8756.80789052,"data":"        \"lr\": 0.0002,\n"}
,{"stream_name":"stdout","time":8756.807892695,"data":"        \"tokens_per_second\": 9672\n"}
,{"stream_name":"stdout","time":8756.807894865,"data":"      },\n"}
,{"stream_name":"stdout","time":8756.807896961,"data":"      {\n"}
,{"stream_name":"stdout","time":8756.807899125,"data":"        \"step\": 7970,\n"}
,{"stream_name":"stdout","time":8756.807901297,"data":"        \"loss\": 4.209,\n"}
,{"stream_name":"stdout","time":8756.807903471,"data":"        \"lr\": 0.0002,\n"}
,{"stream_name":"stdout","time":8756.807905657,"data":"        \"tokens_per_second\": 9667\n"}
,{"stream_name":"stdout","time":8756.807907837,"data":"      },\n"}
,{"stream_name":"stdout","time":8756.807909919,"data":"      {\n"}
,{"stream_name":"stdout","time":8756.807912062,"data":"        \"step\": 7980,\n"}
,{"stream_name":"stdout","time":8756.807914583,"data":"        \"loss\": 4.1941,\n"}
,{"stream_name":"stdout","time":8756.807916747,"data":"        \"lr\": 0.0002,\n"}
,{"stream_name":"stdout","time":8756.807918945,"data":"        \"tokens_per_second\": 9666\n"}
,{"stream_name":"stdout","time":8756.807921148,"data":"      },\n"}
,{"stream_name":"stdout","time":8756.807923325,"data":"      {\n"}
,{"stream_name":"stdout","time":8756.807925407,"data":"        \"step\": 7990,\n"}
,{"stream_name":"stdout","time":8756.807927563,"data":"        \"loss\": 4.1454,\n"}
,{"stream_name":"stdout","time":8756.807929717,"data":"        \"lr\": 0.0002,\n"}
,{"stream_name":"stdout","time":8756.807931975,"data":"        \"tokens_per_second\": 9667\n"}
,{"stream_name":"stdout","time":8756.80793416,"data":"      },\n"}
,{"stream_name":"stdout","time":8756.807936272,"data":"      {\n"}
,{"stream_name":"stdout","time":8756.807940608,"data":"        \"step\": 8000,\n"}
,{"stream_name":"stdout","time":8756.807942934,"data":"        \"loss\": 4.1846,\n"}
,{"stream_name":"stdout","time":8756.807945105,"data":"        \"lr\": 0.0002,\n"}
,{"stream_name":"stdout","time":8756.807947286,"data":"        \"tokens_per_second\": 9658\n"}
,{"stream_name":"stdout","time":8756.807949474,"data":"      },\n"}
,{"stream_name":"stdout","time":8756.8079517,"data":"      {\n"}
,{"stream_name":"stdout","time":8756.807953792,"data":"        \"step\": 8010,\n"}
,{"stream_name":"stdout","time":8756.807955949,"data":"        \"loss\": 4.1684,\n"}
,{"stream_name":"stdout","time":8756.807958102,"data":"        \"lr\": 0.0002,\n"}
,{"stream_name":"stdout","time":8756.807960267,"data":"        \"tokens_per_second\": 7820\n"}
,{"stream_name":"stdout","time":8756.807962469,"data":"      },\n"}
,{"stream_name":"stdout","time":8756.807964558,"data":"      {\n"}
,{"stream_name":"stdout","time":8756.807966645,"data":"        \"step\": 8020,\n"}
,{"stream_name":"stdout","time":8756.807968802,"data":"        \"loss\": 4.1891,\n"}
,{"stream_name":"stdout","time":8756.807970965,"data":"        \"lr\": 0.0002,\n"}
,{"stream_name":"stdout","time":8756.807973154,"data":"        \"tokens_per_second\": 9668\n"}
,{"stream_name":"stdout","time":8756.807975347,"data":"      },\n"}
,{"stream_name":"stdout","time":8756.807977437,"data":"      {\n"}
,{"stream_name":"stdout","time":8756.807979525,"data":"        \"step\": 8030,\n"}
,{"stream_name":"stdout","time":8756.807981675,"data":"        \"loss\": 4.181,\n"}
,{"stream_name":"stdout","time":8756.807983832,"data":"        \"lr\": 0.0002,\n"}
,{"stream_name":"stdout","time":8756.80798601,"data":"        \"tokens_per_second\": 9670\n"}
,{"stream_name":"stdout","time":8756.807988191,"data":"      },\n"}
,{"stream_name":"stdout","time":8756.80799029,"data":"      {\n"}
,{"stream_name":"stdout","time":8756.807992443,"data":"        \"step\": 8040,\n"}
,{"stream_name":"stdout","time":8756.80799459,"data":"        \"loss\": 4.2134,\n"}
,{"stream_name":"stdout","time":8756.807996744,"data":"        \"lr\": 0.0002,\n"}
,{"stream_name":"stdout","time":8756.80799895,"data":"        \"tokens_per_second\": 9671\n"}
,{"stream_name":"stdout","time":8756.808001164,"data":"      },\n"}
,{"stream_name":"stdout","time":8756.808003512,"data":"      {\n"}
,{"stream_name":"stdout","time":8756.808005642,"data":"        \"step\": 8050,\n"}
,{"stream_name":"stdout","time":8756.808007817,"data":"        \"loss\": 4.1701,\n"}
,{"stream_name":"stdout","time":8756.808009974,"data":"        \"lr\": 0.0002,\n"}
,{"stream_name":"stdout","time":8756.808012184,"data":"        \"tokens_per_second\": 9671\n"}
,{"stream_name":"stdout","time":8756.808014362,"data":"      },\n"}
,{"stream_name":"stdout","time":8756.808016454,"data":"      {\n"}
,{"stream_name":"stdout","time":8756.80801855,"data":"        \"step\": 8060,\n"}
,{"stream_name":"stdout","time":8756.808020712,"data":"        \"loss\": 4.1756,\n"}
,{"stream_name":"stdout","time":8756.808022862,"data":"        \"lr\": 0.0002,\n"}
,{"stream_name":"stdout","time":8756.808025155,"data":"        \"tokens_per_second\": 9671\n"}
,{"stream_name":"stdout","time":8756.808027408,"data":"      },\n"}
,{"stream_name":"stdout","time":8756.808033167,"data":"      {\n"}
,{"stream_name":"stdout","time":8756.808035334,"data":"        \"step\": 8070,\n"}
,{"stream_name":"stdout","time":8756.808037496,"data":"        \"loss\": 4.1738,\n"}
,{"stream_name":"stdout","time":8756.808039657,"data":"        \"lr\": 0.0002,\n"}
,{"stream_name":"stdout","time":8756.80804378,"data":"        \"tokens_per_second\": 9668\n"}
,{"stream_name":"stdout","time":8756.808046035,"data":"      },\n"}
,{"stream_name":"stdout","time":8756.808048185,"data":"      {\n"}
,{"stream_name":"stdout","time":8756.808050277,"data":"        \"step\": 8080,\n"}
,{"stream_name":"stdout","time":8756.808052434,"data":"        \"loss\": 4.1651,\n"}
,{"stream_name":"stdout","time":8756.808054623,"data":"        \"lr\": 0.0002,\n"}
,{"stream_name":"stdout","time":8756.808056812,"data":"        \"tokens_per_second\": 9669\n"}
,{"stream_name":"stdout","time":8756.808059069,"data":"      },\n"}
,{"stream_name":"stdout","time":8756.808061165,"data":"      {\n"}
,{"stream_name":"stdout","time":8756.808063259,"data":"        \"step\": 8090,\n"}
,{"stream_name":"stdout","time":8756.808065434,"data":"        \"loss\": 4.1947,\n"}
,{"stream_name":"stdout","time":8756.808067598,"data":"        \"lr\": 0.0002,\n"}
,{"stream_name":"stdout","time":8756.808069782,"data":"        \"tokens_per_second\": 9672\n"}
,{"stream_name":"stdout","time":8756.808071984,"data":"      },\n"}
,{"stream_name":"stdout","time":8756.808074091,"data":"      {\n"}
,{"stream_name":"stdout","time":8756.808076183,"data":"        \"step\": 8100,\n"}
,{"stream_name":"stdout","time":8756.808078332,"data":"        \"loss\": 4.1915,\n"}
,{"stream_name":"stdout","time":8756.808080494,"data":"        \"lr\": 0.0002,\n"}
,{"stream_name":"stdout","time":8756.80808269,"data":"        \"tokens_per_second\": 9664\n"}
,{"stream_name":"stdout","time":8756.808084896,"data":"      },\n"}
,{"stream_name":"stdout","time":8756.808086989,"data":"      {\n"}
,{"stream_name":"stdout","time":8756.808089077,"data":"        \"step\": 8110,\n"}
,{"stream_name":"stdout","time":8756.808091231,"data":"        \"loss\": 4.1649,\n"}
,{"stream_name":"stdout","time":8756.808093512,"data":"        \"lr\": 0.0002,\n"}
,{"stream_name":"stdout","time":8756.808095682,"data":"        \"tokens_per_second\": 9676\n"}
,{"stream_name":"stdout","time":8756.80809789,"data":"      },\n"}
,{"stream_name":"stdout","time":8756.808099994,"data":"      {\n"}
,{"stream_name":"stdout","time":8756.808102099,"data":"        \"step\": 8120,\n"}
,{"stream_name":"stdout","time":8756.808104257,"data":"        \"loss\": 4.1562,\n"}
,{"stream_name":"stdout","time":8756.808106409,"data":"        \"lr\": 0.0002,\n"}
,{"stream_name":"stdout","time":8756.808108579,"data":"        \"tokens_per_second\": 9677\n"}
,{"stream_name":"stdout","time":8756.808110779,"data":"      },\n"}
,{"stream_name":"stdout","time":8756.808112867,"data":"      {\n"}
,{"stream_name":"stdout","time":8756.808114946,"data":"        \"step\": 8130,\n"}
,{"stream_name":"stdout","time":8756.808117122,"data":"        \"loss\": 4.2182,\n"}
,{"stream_name":"stdout","time":8756.808119292,"data":"        \"lr\": 0.0002,\n"}
,{"stream_name":"stdout","time":8756.808121462,"data":"        \"tokens_per_second\": 9673\n"}
,{"stream_name":"stdout","time":8756.808123672,"data":"      },\n"}
,{"stream_name":"stdout","time":8756.808125765,"data":"      {\n"}
,{"stream_name":"stdout","time":8756.808127852,"data":"        \"step\": 8140,\n"}
,{"stream_name":"stdout","time":8756.808130008,"data":"        \"loss\": 4.1639,\n"}
,{"stream_name":"stdout","time":8756.808132164,"data":"        \"lr\": 0.0002,\n"}
,{"stream_name":"stdout","time":8756.80813437,"data":"        \"tokens_per_second\": 9671\n"}
,{"stream_name":"stdout","time":8756.808136574,"data":"      },\n"}
,{"stream_name":"stdout","time":8756.808138682,"data":"      {\n"}
,{"stream_name":"stdout","time":8756.80814317,"data":"        \"step\": 8150,\n"}
,{"stream_name":"stdout","time":8756.808145427,"data":"        \"loss\": 4.1832,\n"}
,{"stream_name":"stdout","time":8756.808147589,"data":"        \"lr\": 0.0002,\n"}
,{"stream_name":"stdout","time":8756.808149755,"data":"        \"tokens_per_second\": 9675\n"}
,{"stream_name":"stdout","time":8756.808151954,"data":"      },\n"}
,{"stream_name":"stdout","time":8756.808154077,"data":"      {\n"}
,{"stream_name":"stdout","time":8756.808156157,"data":"        \"step\": 8160,\n"}
,{"stream_name":"stdout","time":8756.808158311,"data":"        \"loss\": 4.1865,\n"}
,{"stream_name":"stdout","time":8756.808160474,"data":"        \"lr\": 0.0002,\n"}
,{"stream_name":"stdout","time":8756.80816268,"data":"        \"tokens_per_second\": 9675\n"}
,{"stream_name":"stdout","time":8756.808164856,"data":"      },\n"}
,{"stream_name":"stdout","time":8756.808166945,"data":"      {\n"}
,{"stream_name":"stdout","time":8756.808169039,"data":"        \"step\": 8170,\n"}
,{"stream_name":"stdout","time":8756.808171198,"data":"        \"loss\": 4.1772,\n"}
,{"stream_name":"stdout","time":8756.808173352,"data":"        \"lr\": 0.0002,\n"}
,{"stream_name":"stdout","time":8756.808175517,"data":"        \"tokens_per_second\": 9673\n"}
,{"stream_name":"stdout","time":8756.808177695,"data":"      },\n"}
,{"stream_name":"stdout","time":8756.808179787,"data":"      {\n"}
,{"stream_name":"stdout","time":8756.808181895,"data":"        \"step\": 8180,\n"}
,{"stream_name":"stdout","time":8756.80818404,"data":"        \"loss\": 4.1977,\n"}
,{"stream_name":"stdout","time":8756.808186189,"data":"        \"lr\": 0.0002,\n"}
,{"stream_name":"stdout","time":8756.808188392,"data":"        \"tokens_per_second\": 9672\n"}
,{"stream_name":"stdout","time":8756.808190602,"data":"      },\n"}
,{"stream_name":"stdout","time":8756.808192697,"data":"      {\n"}
,{"stream_name":"stdout","time":8756.80819479,"data":"        \"step\": 8190,\n"}
,{"stream_name":"stdout","time":8756.808196935,"data":"        \"loss\": 4.1766,\n"}
,{"stream_name":"stdout","time":8756.808199137,"data":"        \"lr\": 0.0002,\n"}
,{"stream_name":"stdout","time":8756.808202181,"data":"        \"tokens_per_second\": 9673\n"}
,{"stream_name":"stdout","time":8756.80820436,"data":"      },\n"}
,{"stream_name":"stdout","time":8756.808206545,"data":"      {\n"}
,{"stream_name":"stdout","time":8756.808208649,"data":"        \"step\": 8200,\n"}
,{"stream_name":"stdout","time":8756.808210792,"data":"        \"loss\": 4.1945,\n"}
,{"stream_name":"stdout","time":8756.808212949,"data":"        \"lr\": 0.0002,\n"}
,{"stream_name":"stdout","time":8756.808244318,"data":"        \"tokens_per_second\": 9667\n"}
,{"stream_name":"stdout","time":8756.808248563,"data":"      },\n"}
,{"stream_name":"stdout","time":8756.808252304,"data":"      {\n"}
,{"stream_name":"stdout","time":8756.808257119,"data":"        \"step\": 8210,\n"}
,{"stream_name":"stdout","time":8756.808263515,"data":"        \"loss\": 4.1561,\n"}
,{"stream_name":"stdout","time":8756.808265793,"data":"        \"lr\": 0.0002,\n"}
,{"stream_name":"stdout","time":8756.808267989,"data":"        \"tokens_per_second\": 9673\n"}
,{"stream_name":"stdout","time":8756.808270164,"data":"      },\n"}
,{"stream_name":"stdout","time":8756.808272414,"data":"      {\n"}
,{"stream_name":"stdout","time":8756.808274939,"data":"        \"step\": 8220,\n"}
,{"stream_name":"stdout","time":8756.808277139,"data":"        \"loss\": 4.1915,\n"}
,{"stream_name":"stdout","time":8756.80827938,"data":"        \"lr\": 0.0002,\n"}
,{"stream_name":"stdout","time":8756.808284794,"data":"        \"tokens_per_second\": 9676\n"}
,{"stream_name":"stdout","time":8756.808287092,"data":"      },\n"}
,{"stream_name":"stdout","time":8756.808289186,"data":"      {\n"}
,{"stream_name":"stdout","time":8756.80829137,"data":"        \"step\": 8230,\n"}
,{"stream_name":"stdout","time":8756.808293515,"data":"        \"loss\": 4.1857,\n"}
,{"stream_name":"stdout","time":8756.808295665,"data":"        \"lr\": 0.0002,\n"}
,{"stream_name":"stdout","time":8756.808297851,"data":"        \"tokens_per_second\": 9674\n"}
,{"stream_name":"stdout","time":8756.808300097,"data":"      },\n"}
,{"stream_name":"stdout","time":8756.808302205,"data":"      {\n"}
,{"stream_name":"stdout","time":8756.808304299,"data":"        \"step\": 8240,\n"}
,{"stream_name":"stdout","time":8756.808306475,"data":"        \"loss\": 4.174,\n"}
,{"stream_name":"stdout","time":8756.808308625,"data":"        \"lr\": 0.0002,\n"}
,{"stream_name":"stdout","time":8756.808310807,"data":"        \"tokens_per_second\": 9677\n"}
,{"stream_name":"stdout","time":8756.808313007,"data":"      },\n"}
,{"stream_name":"stdout","time":8756.808315099,"data":"      {\n"}
,{"stream_name":"stdout","time":8756.80831719,"data":"        \"step\": 8250,\n"}
,{"stream_name":"stdout","time":8756.808319356,"data":"        \"loss\": 4.1525,\n"}
,{"stream_name":"stdout","time":8756.808321517,"data":"        \"lr\": 0.0002,\n"}
,{"stream_name":"stdout","time":8756.808323682,"data":"        \"tokens_per_second\": 9675\n"}
,{"stream_name":"stdout","time":8756.808325887,"data":"      },\n"}
,{"stream_name":"stdout","time":8756.808327977,"data":"      {\n"}
,{"stream_name":"stdout","time":8756.808330064,"data":"        \"step\": 8260,\n"}
,{"stream_name":"stdout","time":8756.808332235,"data":"        \"loss\": 4.1618,\n"}
,{"stream_name":"stdout","time":8756.808334395,"data":"        \"lr\": 0.0002,\n"}
,{"stream_name":"stdout","time":8756.808336594,"data":"        \"tokens_per_second\": 9674\n"}
,{"stream_name":"stdout","time":8756.808338815,"data":"      },\n"}
,{"stream_name":"stdout","time":8756.808340912,"data":"      {\n"}
,{"stream_name":"stdout","time":8756.808343012,"data":"        \"step\": 8270,\n"}
,{"stream_name":"stdout","time":8756.808345168,"data":"        \"loss\": 4.1744,\n"}
,{"stream_name":"stdout","time":8756.808347403,"data":"        \"lr\": 0.0002,\n"}
,{"stream_name":"stdout","time":8756.808349568,"data":"        \"tokens_per_second\": 9672\n"}
,{"stream_name":"stdout","time":8756.808351774,"data":"      },\n"}
,{"stream_name":"stdout","time":8756.808353977,"data":"      {\n"}
,{"stream_name":"stdout","time":8756.808356059,"data":"        \"step\": 8280,\n"}
,{"stream_name":"stdout","time":8756.808358249,"data":"        \"loss\": 4.1542,\n"}
,{"stream_name":"stdout","time":8756.808360479,"data":"        \"lr\": 0.0002,\n"}
,{"stream_name":"stdout","time":8756.808362637,"data":"        \"tokens_per_second\": 9674\n"}
,{"stream_name":"stdout","time":8756.80836484,"data":"      },\n"}
,{"stream_name":"stdout","time":8756.808366939,"data":"      {\n"}
,{"stream_name":"stdout","time":8756.808369022,"data":"        \"step\": 8290,\n"}
,{"stream_name":"stdout","time":8756.808371195,"data":"        \"loss\": 4.1629,\n"}
,{"stream_name":"stdout","time":8756.808373352,"data":"        \"lr\": 0.0002,\n"}
,{"stream_name":"stdout","time":8756.808375597,"data":"        \"tokens_per_second\": 9672\n"}
,{"stream_name":"stdout","time":8756.808377764,"data":"      },\n"}
,{"stream_name":"stdout","time":8756.808379982,"data":"      {\n"}
,{"stream_name":"stdout","time":8756.808383942,"data":"        \"step\": 8300,\n"}
,{"stream_name":"stdout","time":8756.808386197,"data":"        \"loss\": 4.1596,\n"}
,{"stream_name":"stdout","time":8756.808388356,"data":"        \"lr\": 0.0002,\n"}
,{"stream_name":"stdout","time":8756.808390602,"data":"        \"tokens_per_second\": 9667\n"}
,{"stream_name":"stdout","time":8756.808392879,"data":"      },\n"}
,{"stream_name":"stdout","time":8756.808395035,"data":"      {\n"}
,{"stream_name":"stdout","time":8756.808397131,"data":"        \"step\": 8310,\n"}
,{"stream_name":"stdout","time":8756.808399279,"data":"        \"loss\": 4.1542,\n"}
,{"stream_name":"stdout","time":8756.808401449,"data":"        \"lr\": 0.0002,\n"}
,{"stream_name":"stdout","time":8756.80840363,"data":"        \"tokens_per_second\": 9678\n"}
,{"stream_name":"stdout","time":8756.80840579,"data":"      },\n"}
,{"stream_name":"stdout","time":8756.808407896,"data":"      {\n"}
,{"stream_name":"stdout","time":8756.808410046,"data":"        \"step\": 8320,\n"}
,{"stream_name":"stdout","time":8756.808412197,"data":"        \"loss\": 4.1971,\n"}
,{"stream_name":"stdout","time":8756.808414364,"data":"        \"lr\": 0.0002,\n"}
,{"stream_name":"stdout","time":8756.808416582,"data":"        \"tokens_per_second\": 9671\n"}
,{"stream_name":"stdout","time":8756.80841878,"data":"      },\n"}
,{"stream_name":"stdout","time":8756.808420869,"data":"      {\n"}
,{"stream_name":"stdout","time":8756.80842296,"data":"        \"step\": 8330,\n"}
,{"stream_name":"stdout","time":8756.808425138,"data":"        \"loss\": 4.1861,\n"}
,{"stream_name":"stdout","time":8756.808427285,"data":"        \"lr\": 0.0002,\n"}
,{"stream_name":"stdout","time":8756.808429452,"data":"        \"tokens_per_second\": 9673\n"}
,{"stream_name":"stdout","time":8756.80843163,"data":"      },\n"}
,{"stream_name":"stdout","time":8756.808433732,"data":"      {\n"}
,{"stream_name":"stdout","time":8756.80843582,"data":"        \"step\": 8340,\n"}
,{"stream_name":"stdout","time":8756.808437975,"data":"        \"loss\": 4.1778,\n"}
,{"stream_name":"stdout","time":8756.808440132,"data":"        \"lr\": 0.0002,\n"}
,{"stream_name":"stdout","time":8756.808442324,"data":"        \"tokens_per_second\": 9675\n"}
,{"stream_name":"stdout","time":8756.808444524,"data":"      },\n"}
,{"stream_name":"stdout","time":8756.808446634,"data":"      {\n"}
,{"stream_name":"stdout","time":8756.80844873,"data":"        \"step\": 8350,\n"}
,{"stream_name":"stdout","time":8756.808450885,"data":"        \"loss\": 4.1767,\n"}
,{"stream_name":"stdout","time":8756.80845305,"data":"        \"lr\": 0.0002,\n"}
,{"stream_name":"stdout","time":8756.80845522,"data":"        \"tokens_per_second\": 9674\n"}
,{"stream_name":"stdout","time":8756.808457424,"data":"      },\n"}
,{"stream_name":"stdout","time":8756.808459539,"data":"      {\n"}
,{"stream_name":"stdout","time":8756.808461624,"data":"        \"step\": 8360,\n"}
,{"stream_name":"stdout","time":8756.8084638,"data":"        \"loss\": 4.1633,\n"}
,{"stream_name":"stdout","time":8756.808465961,"data":"        \"lr\": 0.0002,\n"}
,{"stream_name":"stdout","time":8756.808468139,"data":"        \"tokens_per_second\": 9670\n"}
,{"stream_name":"stdout","time":8756.808470319,"data":"      },\n"}
,{"stream_name":"stdout","time":8756.808472415,"data":"      {\n"}
,{"stream_name":"stdout","time":8756.808474507,"data":"        \"step\": 8370,\n"}
,{"stream_name":"stdout","time":8756.808476685,"data":"        \"loss\": 4.1533,\n"}
,{"stream_name":"stdout","time":8756.808478855,"data":"        \"lr\": 0.0002,\n"}
,{"stream_name":"stdout","time":8756.808483098,"data":"        \"tokens_per_second\": 9674\n"}
,{"stream_name":"stdout","time":8756.808485369,"data":"      },\n"}
,{"stream_name":"stdout","time":8756.808487473,"data":"      {\n"}
,{"stream_name":"stdout","time":8756.808489565,"data":"        \"step\": 8380,\n"}
,{"stream_name":"stdout","time":8756.808491725,"data":"        \"loss\": 4.1608,\n"}
,{"stream_name":"stdout","time":8756.80849448,"data":"        \"lr\": 0.0002,\n"}
,{"stream_name":"stdout","time":8756.808509944,"data":"        \"tokens_per_second\": 9678\n"}
,{"stream_name":"stdout","time":8756.808513891,"data":"      },\n"}
,{"stream_name":"stdout","time":8756.808517617,"data":"      {\n"}
,{"stream_name":"stdout","time":8756.80852134,"data":"        \"step\": 8390,\n"}
,{"stream_name":"stdout","time":8756.808525329,"data":"        \"loss\": 4.1511,\n"}
,{"stream_name":"stdout","time":8756.808529227,"data":"        \"lr\": 0.0002,\n"}
,{"stream_name":"stdout","time":8756.808534318,"data":"        \"tokens_per_second\": 9675\n"}
,{"stream_name":"stdout","time":8756.808540574,"data":"      },\n"}
,{"stream_name":"stdout","time":8756.808542875,"data":"      {\n"}
,{"stream_name":"stdout","time":8756.80854507,"data":"        \"step\": 8400,\n"}
,{"stream_name":"stdout","time":8756.808547288,"data":"        \"loss\": 4.1773,\n"}
,{"stream_name":"stdout","time":8756.808549442,"data":"        \"lr\": 0.0002,\n"}
,{"stream_name":"stdout","time":8756.808551715,"data":"        \"tokens_per_second\": 9671\n"}
,{"stream_name":"stdout","time":8756.808554258,"data":"      },\n"}
,{"stream_name":"stdout","time":8756.808556431,"data":"      {\n"}
,{"stream_name":"stdout","time":8756.80855853,"data":"        \"step\": 8410,\n"}
,{"stream_name":"stdout","time":8756.808560707,"data":"        \"loss\": 4.1508,\n"}
,{"stream_name":"stdout","time":8756.808562864,"data":"        \"lr\": 0.0002,\n"}
,{"stream_name":"stdout","time":8756.808565042,"data":"        \"tokens_per_second\": 9667\n"}
,{"stream_name":"stdout","time":8756.808567229,"data":"      },\n"}
,{"stream_name":"stdout","time":8756.808569317,"data":"      {\n"}
,{"stream_name":"stdout","time":8756.808571407,"data":"        \"step\": 8420,\n"}
,{"stream_name":"stdout","time":8756.808573572,"data":"        \"loss\": 4.1429,\n"}
,{"stream_name":"stdout","time":8756.80857577,"data":"        \"lr\": 0.0002,\n"}
,{"stream_name":"stdout","time":8756.808577967,"data":"        \"tokens_per_second\": 9666\n"}
,{"stream_name":"stdout","time":8756.808580157,"data":"      },\n"}
,{"stream_name":"stdout","time":8756.808582239,"data":"      {\n"}
,{"stream_name":"stdout","time":8756.808584317,"data":"        \"step\": 8430,\n"}
,{"stream_name":"stdout","time":8756.808586472,"data":"        \"loss\": 4.1592,\n"}
,{"stream_name":"stdout","time":8756.808588633,"data":"        \"lr\": 0.0002,\n"}
,{"stream_name":"stdout","time":8756.808590921,"data":"        \"tokens_per_second\": 9668\n"}
,{"stream_name":"stdout","time":8756.808593109,"data":"      },\n"}
,{"stream_name":"stdout","time":8756.808595224,"data":"      {\n"}
,{"stream_name":"stdout","time":8756.80859732,"data":"        \"step\": 8440,\n"}
,{"stream_name":"stdout","time":8756.80859947,"data":"        \"loss\": 4.1912,\n"}
,{"stream_name":"stdout","time":8756.808601614,"data":"        \"lr\": 0.0002,\n"}
,{"stream_name":"stdout","time":8756.808603786,"data":"        \"tokens_per_second\": 9665\n"}
,{"stream_name":"stdout","time":8756.808606099,"data":"      },\n"}
,{"stream_name":"stdout","time":8756.808608245,"data":"      {\n"}
,{"stream_name":"stdout","time":8756.808613839,"data":"        \"step\": 8450,\n"}
,{"stream_name":"stdout","time":8756.808616209,"data":"        \"loss\": 4.1488,\n"}
,{"stream_name":"stdout","time":8756.808618379,"data":"        \"lr\": 0.0002,\n"}
,{"stream_name":"stdout","time":8756.808620545,"data":"        \"tokens_per_second\": 9665\n"}
,{"stream_name":"stdout","time":8756.80862272,"data":"      },\n"}
,{"stream_name":"stdout","time":8756.808624809,"data":"      {\n"}
,{"stream_name":"stdout","time":8756.808626908,"data":"        \"step\": 8460,\n"}
,{"stream_name":"stdout","time":8756.808629078,"data":"        \"loss\": 4.1462,\n"}
,{"stream_name":"stdout","time":8756.808631239,"data":"        \"lr\": 0.0002,\n"}
,{"stream_name":"stdout","time":8756.808633436,"data":"        \"tokens_per_second\": 9668\n"}
,{"stream_name":"stdout","time":8756.808635605,"data":"      },\n"}
,{"stream_name":"stdout","time":8756.808637702,"data":"      {\n"}
,{"stream_name":"stdout","time":8756.808639801,"data":"        \"step\": 8470,\n"}
,{"stream_name":"stdout","time":8756.808641964,"data":"        \"loss\": 4.1411,\n"}
,{"stream_name":"stdout","time":8756.808644131,"data":"        \"lr\": 0.0002,\n"}
,{"stream_name":"stdout","time":8756.808646314,"data":"        \"tokens_per_second\": 9667\n"}
,{"stream_name":"stdout","time":8756.808648493,"data":"      },\n"}
,{"stream_name":"stdout","time":8756.808650605,"data":"      {\n"}
,{"stream_name":"stdout","time":8756.808652692,"data":"        \"step\": 8480,\n"}
,{"stream_name":"stdout","time":8756.80865486,"data":"        \"loss\": 4.1202,\n"}
,{"stream_name":"stdout","time":8756.808657101,"data":"        \"lr\": 0.0002,\n"}
,{"stream_name":"stdout","time":8756.808659271,"data":"        \"tokens_per_second\": 9673\n"}
,{"stream_name":"stdout","time":8756.808661477,"data":"      },\n"}
,{"stream_name":"stdout","time":8756.808663569,"data":"      {\n"}
,{"stream_name":"stdout","time":8756.808665667,"data":"        \"step\": 8490,\n"}
,{"stream_name":"stdout","time":8756.808667845,"data":"        \"loss\": 4.1576,\n"}
,{"stream_name":"stdout","time":8756.808669997,"data":"        \"lr\": 0.0002,\n"}
,{"stream_name":"stdout","time":8756.808672184,"data":"        \"tokens_per_second\": 9675\n"}
,{"stream_name":"stdout","time":8756.808674362,"data":"      },\n"}
,{"stream_name":"stdout","time":8756.808676457,"data":"      {\n"}
,{"stream_name":"stdout","time":8756.808678544,"data":"        \"step\": 8500,\n"}
,{"stream_name":"stdout","time":8756.808680712,"data":"        \"loss\": 4.1395,\n"}
,{"stream_name":"stdout","time":8756.808682879,"data":"        \"lr\": 0.0002,\n"}
,{"stream_name":"stdout","time":8756.80868507,"data":"        \"tokens_per_second\": 9672\n"}
,{"stream_name":"stdout","time":8756.808687269,"data":"      },\n"}
,{"stream_name":"stdout","time":8756.808689362,"data":"      {\n"}
,{"stream_name":"stdout","time":8756.808691455,"data":"        \"step\": 8510,\n"}
,{"stream_name":"stdout","time":8756.808694408,"data":"        \"loss\": 4.1644,\n"}
,{"stream_name":"stdout","time":8756.808696574,"data":"        \"lr\": 0.0002,\n"}
,{"stream_name":"stdout","time":8756.808698767,"data":"        \"tokens_per_second\": 7826\n"}
,{"stream_name":"stdout","time":8756.808700965,"data":"      },\n"}
,{"stream_name":"stdout","time":8756.808703087,"data":"      {\n"}
,{"stream_name":"stdout","time":8756.808705177,"data":"        \"step\": 8520,\n"}
,{"stream_name":"stdout","time":8756.80870741,"data":"        \"loss\": 4.1095,\n"}
,{"stream_name":"stdout","time":8756.808709565,"data":"        \"lr\": 0.0002,\n"}
,{"stream_name":"stdout","time":8756.808713504,"data":"        \"tokens_per_second\": 9671\n"}
,{"stream_name":"stdout","time":8756.808715782,"data":"      },\n"}
,{"stream_name":"stdout","time":8756.808717879,"data":"      {\n"}
,{"stream_name":"stdout","time":8756.808719967,"data":"        \"step\": 8530,\n"}
,{"stream_name":"stdout","time":8756.808722157,"data":"        \"loss\": 4.1444,\n"}
,{"stream_name":"stdout","time":8756.808724309,"data":"        \"lr\": 0.0002,\n"}
,{"stream_name":"stdout","time":8756.8087265,"data":"        \"tokens_per_second\": 9674\n"}
,{"stream_name":"stdout","time":8756.808728669,"data":"      },\n"}
,{"stream_name":"stdout","time":8756.808730759,"data":"      {\n"}
,{"stream_name":"stdout","time":8756.808732847,"data":"        \"step\": 8540,\n"}
,{"stream_name":"stdout","time":8756.808735019,"data":"        \"loss\": 4.164,\n"}
,{"stream_name":"stdout","time":8756.808737181,"data":"        \"lr\": 0.0002,\n"}
,{"stream_name":"stdout","time":8756.808739382,"data":"        \"tokens_per_second\": 9671\n"}
,{"stream_name":"stdout","time":8756.80874158,"data":"      },\n"}
,{"stream_name":"stdout","time":8756.808743675,"data":"      {\n"}
,{"stream_name":"stdout","time":8756.808745755,"data":"        \"step\": 8550,\n"}
,{"stream_name":"stdout","time":8756.808747922,"data":"        \"loss\": 4.1379,\n"}
,{"stream_name":"stdout","time":8756.808750104,"data":"        \"lr\": 0.0002,\n"}
,{"stream_name":"stdout","time":8756.808752294,"data":"        \"tokens_per_second\": 9674\n"}
,{"stream_name":"stdout","time":8756.808754507,"data":"      },\n"}
,{"stream_name":"stdout","time":8756.808756612,"data":"      {\n"}
,{"stream_name":"stdout","time":8756.808758765,"data":"        \"step\": 8560,\n"}
,{"stream_name":"stdout","time":8756.808760922,"data":"        \"loss\": 4.1637,\n"}
,{"stream_name":"stdout","time":8756.80876311,"data":"        \"lr\": 0.0002,\n"}
,{"stream_name":"stdout","time":8756.808765574,"data":"        \"tokens_per_second\": 9679\n"}
,{"stream_name":"stdout","time":8756.808767819,"data":"      },\n"}
,{"stream_name":"stdout","time":8756.808769929,"data":"      {\n"}
,{"stream_name":"stdout","time":8756.808772018,"data":"        \"step\": 8570,\n"}
,{"stream_name":"stdout","time":8756.808774212,"data":"        \"loss\": 4.1318,\n"}
,{"stream_name":"stdout","time":8756.808776368,"data":"        \"lr\": 0.0002,\n"}
,{"stream_name":"stdout","time":8756.808778881,"data":"        \"tokens_per_second\": 9671\n"}
,{"stream_name":"stdout","time":8756.808782602,"data":"      },\n"}
,{"stream_name":"stdout","time":8756.808784958,"data":"      {\n"}
,{"stream_name":"stdout","time":8756.808787052,"data":"        \"step\": 8580,\n"}
,{"stream_name":"stdout","time":8756.808789209,"data":"        \"loss\": 4.1446,\n"}
,{"stream_name":"stdout","time":8756.808791375,"data":"        \"lr\": 0.0002,\n"}
,{"stream_name":"stdout","time":8756.808793579,"data":"        \"tokens_per_second\": 9675\n"}
,{"stream_name":"stdout","time":8756.808795776,"data":"      },\n"}
,{"stream_name":"stdout","time":8756.808797872,"data":"      {\n"}
,{"stream_name":"stdout","time":8756.808799964,"data":"        \"step\": 8590,\n"}
,{"stream_name":"stdout","time":8756.808802191,"data":"        \"loss\": 4.1605,\n"}
,{"stream_name":"stdout","time":8756.80880436,"data":"        \"lr\": 0.0002,\n"}
,{"stream_name":"stdout","time":8756.808806549,"data":"        \"tokens_per_second\": 9673\n"}
,{"stream_name":"stdout","time":8756.808808743,"data":"      },\n"}
,{"stream_name":"stdout","time":8756.808810853,"data":"      {\n"}
,{"stream_name":"stdout","time":8756.808814797,"data":"        \"step\": 8600,\n"}
,{"stream_name":"stdout","time":8756.808817087,"data":"        \"loss\": 4.1236,\n"}
,{"stream_name":"stdout","time":8756.808819284,"data":"        \"lr\": 0.0002,\n"}
,{"stream_name":"stdout","time":8756.80882148,"data":"        \"tokens_per_second\": 9668\n"}
,{"stream_name":"stdout","time":8756.808823814,"data":"      },\n"}
,{"stream_name":"stdout","time":8756.808825933,"data":"      {\n"}
,{"stream_name":"stdout","time":8756.808828027,"data":"        \"step\": 8610,\n"}
,{"stream_name":"stdout","time":8756.808830204,"data":"        \"loss\": 4.1109,\n"}
,{"stream_name":"stdout","time":8756.808832384,"data":"        \"lr\": 0.0002,\n"}
,{"stream_name":"stdout","time":8756.808834577,"data":"        \"tokens_per_second\": 9674\n"}
,{"stream_name":"stdout","time":8756.808836797,"data":"      },\n"}
,{"stream_name":"stdout","time":8756.808838914,"data":"      {\n"}
,{"stream_name":"stdout","time":8756.80884193,"data":"        \"step\": 8620,\n"}
,{"stream_name":"stdout","time":8756.80884417,"data":"        \"loss\": 4.1653,\n"}
,{"stream_name":"stdout","time":8756.808846317,"data":"        \"lr\": 0.0002,\n"}
,{"stream_name":"stdout","time":8756.808848507,"data":"        \"tokens_per_second\": 9674\n"}
,{"stream_name":"stdout","time":8756.808850666,"data":"      },\n"}
,{"stream_name":"stdout","time":8756.808852753,"data":"      {\n"}
,{"stream_name":"stdout","time":8756.808854839,"data":"        \"step\": 8630,\n"}
,{"stream_name":"stdout","time":8756.80885699,"data":"        \"loss\": 4.1426,\n"}
,{"stream_name":"stdout","time":8756.808859152,"data":"        \"lr\": 0.0002,\n"}
,{"stream_name":"stdout","time":8756.808861325,"data":"        \"tokens_per_second\": 9672\n"}
,{"stream_name":"stdout","time":8756.808863531,"data":"      },\n"}
,{"stream_name":"stdout","time":8756.808865643,"data":"      {\n"}
,{"stream_name":"stdout","time":8756.80886773,"data":"        \"step\": 8640,\n"}
,{"stream_name":"stdout","time":8756.80886988,"data":"        \"loss\": 4.1242,\n"}
,{"stream_name":"stdout","time":8756.808872027,"data":"        \"lr\": 0.0002,\n"}
,{"stream_name":"stdout","time":8756.808874194,"data":"        \"tokens_per_second\": 9674\n"}
,{"stream_name":"stdout","time":8756.808876372,"data":"      },\n"}
,{"stream_name":"stdout","time":8756.808878464,"data":"      {\n"}
,{"stream_name":"stdout","time":8756.808880553,"data":"        \"step\": 8650,\n"}
,{"stream_name":"stdout","time":8756.808882711,"data":"        \"loss\": 4.1529,\n"}
,{"stream_name":"stdout","time":8756.808884871,"data":"        \"lr\": 0.000199,\n"}
,{"stream_name":"stdout","time":8756.808887187,"data":"        \"tokens_per_second\": 9677\n"}
,{"stream_name":"stdout","time":8756.80888935,"data":"      },\n"}
,{"stream_name":"stdout","time":8756.808891447,"data":"      {\n"}
,{"stream_name":"stdout","time":8756.808893543,"data":"        \"step\": 8660,\n"}
,{"stream_name":"stdout","time":8756.808895697,"data":"        \"loss\": 4.1414,\n"}
,{"stream_name":"stdout","time":8756.808897855,"data":"        \"lr\": 0.000199,\n"}
,{"stream_name":"stdout","time":8756.808900052,"data":"        \"tokens_per_second\": 9672\n"}
,{"stream_name":"stdout","time":8756.808902329,"data":"      },\n"}
,{"stream_name":"stdout","time":8756.808904657,"data":"      {\n"}
,{"stream_name":"stdout","time":8756.808906751,"data":"        \"step\": 8670,\n"}
,{"stream_name":"stdout","time":8756.80890891,"data":"        \"loss\": 4.1419,\n"}
,{"stream_name":"stdout","time":8756.808911069,"data":"        \"lr\": 0.000199,\n"}
,{"stream_name":"stdout","time":8756.808914976,"data":"        \"tokens_per_second\": 9676\n"}
,{"stream_name":"stdout","time":8756.808917227,"data":"      },\n"}
,{"stream_name":"stdout","time":8756.808919357,"data":"      {\n"}
,{"stream_name":"stdout","time":8756.808921444,"data":"        \"step\": 8680,\n"}
,{"stream_name":"stdout","time":8756.808923655,"data":"        \"loss\": 4.1203,\n"}
,{"stream_name":"stdout","time":8756.80892585,"data":"        \"lr\": 0.000199,\n"}
,{"stream_name":"stdout","time":8756.808928045,"data":"        \"tokens_per_second\": 9671\n"}
,{"stream_name":"stdout","time":8756.808930245,"data":"      },\n"}
,{"stream_name":"stdout","time":8756.808932345,"data":"      {\n"}
,{"stream_name":"stdout","time":8756.808934425,"data":"        \"step\": 8690,\n"}
,{"stream_name":"stdout","time":8756.808936588,"data":"        \"loss\": 4.1604,\n"}
,{"stream_name":"stdout","time":8756.808938742,"data":"        \"lr\": 0.000199,\n"}
,{"stream_name":"stdout","time":8756.808940941,"data":"        \"tokens_per_second\": 9672\n"}
,{"stream_name":"stdout","time":8756.808943111,"data":"      },\n"}
,{"stream_name":"stdout","time":8756.808945197,"data":"      {\n"}
,{"stream_name":"stdout","time":8756.808947317,"data":"        \"step\": 8700,\n"}
,{"stream_name":"stdout","time":8756.80894947,"data":"        \"loss\": 4.1451,\n"}
,{"stream_name":"stdout","time":8756.808951614,"data":"        \"lr\": 0.000199,\n"}
,{"stream_name":"stdout","time":8756.80895383,"data":"        \"tokens_per_second\": 9670\n"}
,{"stream_name":"stdout","time":8756.808956025,"data":"      },\n"}
,{"stream_name":"stdout","time":8756.808958115,"data":"      {\n"}
,{"stream_name":"stdout","time":8756.808960205,"data":"        \"step\": 8710,\n"}
,{"stream_name":"stdout","time":8756.808962352,"data":"        \"loss\": 4.1292,\n"}
,{"stream_name":"stdout","time":8756.808964575,"data":"        \"lr\": 0.000199,\n"}
,{"stream_name":"stdout","time":8756.808966747,"data":"        \"tokens_per_second\": 9677\n"}
,{"stream_name":"stdout","time":8756.808968929,"data":"      },\n"}
,{"stream_name":"stdout","time":8756.808971028,"data":"      {\n"}
,{"stream_name":"stdout","time":8756.808973117,"data":"        \"step\": 8720,\n"}
,{"stream_name":"stdout","time":8756.808975275,"data":"        \"loss\": 4.1174,\n"}
,{"stream_name":"stdout","time":8756.80897743,"data":"        \"lr\": 0.000199,\n"}
,{"stream_name":"stdout","time":8756.808979598,"data":"        \"tokens_per_second\": 9670\n"}
,{"stream_name":"stdout","time":8756.808981763,"data":"      },\n"}
,{"stream_name":"stdout","time":8756.808983849,"data":"      {\n"}
,{"stream_name":"stdout","time":8756.80898593,"data":"        \"step\": 8730,\n"}
,{"stream_name":"stdout","time":8756.808988101,"data":"        \"loss\": 4.0998,\n"}
,{"stream_name":"stdout","time":8756.808990265,"data":"        \"lr\": 0.000199,\n"}
,{"stream_name":"stdout","time":8756.808992686,"data":"        \"tokens_per_second\": 9673\n"}
,{"stream_name":"stdout","time":8756.808994906,"data":"      },\n"}
,{"stream_name":"stdout","time":8756.808997004,"data":"      {\n"}
,{"stream_name":"stdout","time":8756.808999113,"data":"        \"step\": 8740,\n"}
,{"stream_name":"stdout","time":8756.809001282,"data":"        \"loss\": 4.0964,\n"}
,{"stream_name":"stdout","time":8756.809003439,"data":"        \"lr\": 0.000199,\n"}
,{"stream_name":"stdout","time":8756.809005637,"data":"        \"tokens_per_second\": 9672\n"}
,{"stream_name":"stdout","time":8756.809007844,"data":"      },\n"}
,{"stream_name":"stdout","time":8756.809009943,"data":"      {\n"}
,{"stream_name":"stdout","time":8756.809013999,"data":"        \"step\": 8750,\n"}
,{"stream_name":"stdout","time":8756.809016236,"data":"        \"loss\": 4.1158,\n"}
,{"stream_name":"stdout","time":8756.809018387,"data":"        \"lr\": 0.000199,\n"}
,{"stream_name":"stdout","time":8756.809020572,"data":"        \"tokens_per_second\": 9675\n"}
,{"stream_name":"stdout","time":8756.809022746,"data":"      },\n"}
,{"stream_name":"stdout","time":8756.809024854,"data":"      {\n"}
,{"stream_name":"stdout","time":8756.809026945,"data":"        \"step\": 8760,\n"}
,{"stream_name":"stdout","time":8756.809033592,"data":"        \"loss\": 4.127,\n"}
,{"stream_name":"stdout","time":8756.809035813,"data":"        \"lr\": 0.000199,\n"}
,{"stream_name":"stdout","time":8756.809037981,"data":"        \"tokens_per_second\": 9671\n"}
,{"stream_name":"stdout","time":8756.80904015,"data":"      },\n"}
,{"stream_name":"stdout","time":8756.809042244,"data":"      {\n"}
,{"stream_name":"stdout","time":8756.809044348,"data":"        \"step\": 8770,\n"}
,{"stream_name":"stdout","time":8756.809046521,"data":"        \"loss\": 4.1556,\n"}
,{"stream_name":"stdout","time":8756.809048695,"data":"        \"lr\": 0.000199,\n"}
,{"stream_name":"stdout","time":8756.809050872,"data":"        \"tokens_per_second\": 9672\n"}
,{"stream_name":"stdout","time":8756.809053038,"data":"      },\n"}
,{"stream_name":"stdout","time":8756.809055125,"data":"      {\n"}
,{"stream_name":"stdout","time":8756.809057298,"data":"        \"step\": 8780,\n"}
,{"stream_name":"stdout","time":8756.809059441,"data":"        \"loss\": 4.1337,\n"}
,{"stream_name":"stdout","time":8756.809061589,"data":"        \"lr\": 0.000199,\n"}
,{"stream_name":"stdout","time":8756.809063795,"data":"        \"tokens_per_second\": 9670\n"}
,{"stream_name":"stdout","time":8756.809065965,"data":"      },\n"}
,{"stream_name":"stdout","time":8756.809068054,"data":"      {\n"}
,{"stream_name":"stdout","time":8756.809070157,"data":"        \"step\": 8790,\n"}
,{"stream_name":"stdout","time":8756.809072318,"data":"        \"loss\": 4.1112,\n"}
,{"stream_name":"stdout","time":8756.809074472,"data":"        \"lr\": 0.000199,\n"}
,{"stream_name":"stdout","time":8756.809076637,"data":"        \"tokens_per_second\": 9672\n"}
,{"stream_name":"stdout","time":8756.809078805,"data":"      },\n"}
,{"stream_name":"stdout","time":8756.80908093,"data":"      {\n"}
,{"stream_name":"stdout","time":8756.809083018,"data":"        \"step\": 8800,\n"}
,{"stream_name":"stdout","time":8756.80908516,"data":"        \"loss\": 4.1513,\n"}
,{"stream_name":"stdout","time":8756.809087321,"data":"        \"lr\": 0.000199,\n"}
,{"stream_name":"stdout","time":8756.80908949,"data":"        \"tokens_per_second\": 9669\n"}
,{"stream_name":"stdout","time":8756.809091731,"data":"      },\n"}
,{"stream_name":"stdout","time":8756.809093967,"data":"      {\n"}
,{"stream_name":"stdout","time":8756.809096047,"data":"        \"step\": 8810,\n"}
,{"stream_name":"stdout","time":8756.809098229,"data":"        \"loss\": 4.1344,\n"}
,{"stream_name":"stdout","time":8756.809100389,"data":"        \"lr\": 0.000199,\n"}
,{"stream_name":"stdout","time":8756.809102575,"data":"        \"tokens_per_second\": 9678\n"}
,{"stream_name":"stdout","time":8756.809104764,"data":"      },\n"}
,{"stream_name":"stdout","time":8756.809106867,"data":"      {\n"}
,{"stream_name":"stdout","time":8756.809108963,"data":"        \"step\": 8820,\n"}
,{"stream_name":"stdout","time":8756.809111121,"data":"        \"loss\": 4.1284,\n"}
,{"stream_name":"stdout","time":8756.809115049,"data":"        \"lr\": 0.000199,\n"}
,{"stream_name":"stdout","time":8756.809117348,"data":"        \"tokens_per_second\": 9676\n"}
,{"stream_name":"stdout","time":8756.809119535,"data":"      },\n"}
,{"stream_name":"stdout","time":8756.809121633,"data":"      {\n"}
,{"stream_name":"stdout","time":8756.809123731,"data":"        \"step\": 8830,\n"}
,{"stream_name":"stdout","time":8756.809125912,"data":"        \"loss\": 4.1541,\n"}
,{"stream_name":"stdout","time":8756.809128085,"data":"        \"lr\": 0.000199,\n"}
,{"stream_name":"stdout","time":8756.809130292,"data":"        \"tokens_per_second\": 9676\n"}
,{"stream_name":"stdout","time":8756.809132514,"data":"      },\n"}
,{"stream_name":"stdout","time":8756.809134715,"data":"      {\n"}
,{"stream_name":"stdout","time":8756.809136816,"data":"        \"step\": 8840,\n"}
,{"stream_name":"stdout","time":8756.809138991,"data":"        \"loss\": 4.1025,\n"}
,{"stream_name":"stdout","time":8756.80914117,"data":"        \"lr\": 0.000199,\n"}
,{"stream_name":"stdout","time":8756.809143374,"data":"        \"tokens_per_second\": 9676\n"}
,{"stream_name":"stdout","time":8756.809145568,"data":"      },\n"}
,{"stream_name":"stdout","time":8756.809147665,"data":"      {\n"}
,{"stream_name":"stdout","time":8756.809149762,"data":"        \"step\": 8850,\n"}
,{"stream_name":"stdout","time":8756.809151955,"data":"        \"loss\": 4.1058,\n"}
,{"stream_name":"stdout","time":8756.809154129,"data":"        \"lr\": 0.000199,\n"}
,{"stream_name":"stdout","time":8756.809156319,"data":"        \"tokens_per_second\": 9666\n"}
,{"stream_name":"stdout","time":8756.809158526,"data":"      },\n"}
,{"stream_name":"stdout","time":8756.809160617,"data":"      {\n"}
,{"stream_name":"stdout","time":8756.809162728,"data":"        \"step\": 8860,\n"}
,{"stream_name":"stdout","time":8756.809164902,"data":"        \"loss\": 4.0962,\n"}
,{"stream_name":"stdout","time":8756.809167079,"data":"        \"lr\": 0.000199,\n"}
,{"stream_name":"stdout","time":8756.8091693,"data":"        \"tokens_per_second\": 9671\n"}
,{"stream_name":"stdout","time":8756.809171506,"data":"      },\n"}
,{"stream_name":"stdout","time":8756.809173599,"data":"      {\n"}
,{"stream_name":"stdout","time":8756.809175695,"data":"        \"step\": 8870,\n"}
,{"stream_name":"stdout","time":8756.809177856,"data":"        \"loss\": 4.082,\n"}
,{"stream_name":"stdout","time":8756.809180018,"data":"        \"lr\": 0.000199,\n"}
,{"stream_name":"stdout","time":8756.809182199,"data":"        \"tokens_per_second\": 9670\n"}
,{"stream_name":"stdout","time":8756.809184404,"data":"      },\n"}
,{"stream_name":"stdout","time":8756.809186533,"data":"      {\n"}
,{"stream_name":"stdout","time":8756.809188617,"data":"        \"step\": 8880,\n"}
,{"stream_name":"stdout","time":8756.809190765,"data":"        \"loss\": 4.1104,\n"}
,{"stream_name":"stdout","time":8756.809192924,"data":"        \"lr\": 0.000199,\n"}
,{"stream_name":"stdout","time":8756.809195114,"data":"        \"tokens_per_second\": 9667\n"}
,{"stream_name":"stdout","time":8756.809197329,"data":"      },\n"}
,{"stream_name":"stdout","time":8756.809199427,"data":"      {\n"}
,{"stream_name":"stdout","time":8756.809201518,"data":"        \"step\": 8890,\n"}
,{"stream_name":"stdout","time":8756.809203701,"data":"        \"loss\": 4.1049,\n"}
,{"stream_name":"stdout","time":8756.809205869,"data":"        \"lr\": 0.000199,\n"}
,{"stream_name":"stdout","time":8756.809208059,"data":"        \"tokens_per_second\": 9666\n"}
,{"stream_name":"stdout","time":8756.809210235,"data":"      },\n"}
,{"stream_name":"stdout","time":8756.80924042,"data":"      {\n"}
,{"stream_name":"stdout","time":8756.809248027,"data":"        \"step\": 8900,\n"}
,{"stream_name":"stdout","time":8756.809253444,"data":"        \"loss\": 4.1196,\n"}
,{"stream_name":"stdout","time":8756.809260008,"data":"        \"lr\": 0.000199,\n"}
,{"stream_name":"stdout","time":8756.809262634,"data":"        \"tokens_per_second\": 9663\n"}
,{"stream_name":"stdout","time":8756.809264887,"data":"      },\n"}
,{"stream_name":"stdout","time":8756.809267002,"data":"      {\n"}
,{"stream_name":"stdout","time":8756.809269109,"data":"        \"step\": 8910,\n"}
,{"stream_name":"stdout","time":8756.809271266,"data":"        \"loss\": 4.1083,\n"}
,{"stream_name":"stdout","time":8756.809273555,"data":"        \"lr\": 0.000199,\n"}
,{"stream_name":"stdout","time":8756.809275755,"data":"        \"tokens_per_second\": 9666\n"}
,{"stream_name":"stdout","time":8756.809277935,"data":"      },\n"}
,{"stream_name":"stdout","time":8756.809280069,"data":"      {\n"}
,{"stream_name":"stdout","time":8756.809282165,"data":"        \"step\": 8920,\n"}
,{"stream_name":"stdout","time":8756.809284336,"data":"        \"loss\": 4.1119,\n"}
,{"stream_name":"stdout","time":8756.809286494,"data":"        \"lr\": 0.000199,\n"}
,{"stream_name":"stdout","time":8756.809288686,"data":"        \"tokens_per_second\": 9675\n"}
,{"stream_name":"stdout","time":8756.809290865,"data":"      },\n"}
,{"stream_name":"stdout","time":8756.80929297,"data":"      {\n"}
,{"stream_name":"stdout","time":8756.809295082,"data":"        \"step\": 8930,\n"}
,{"stream_name":"stdout","time":8756.809297357,"data":"        \"loss\": 4.0919,\n"}
,{"stream_name":"stdout","time":8756.80929952,"data":"        \"lr\": 0.000199,\n"}
,{"stream_name":"stdout","time":8756.809301715,"data":"        \"tokens_per_second\": 9673\n"}
,{"stream_name":"stdout","time":8756.809303901,"data":"      },\n"}
,{"stream_name":"stdout","time":8756.809306094,"data":"      {\n"}
,{"stream_name":"stdout","time":8756.809308195,"data":"        \"step\": 8940,\n"}
,{"stream_name":"stdout","time":8756.80931035,"data":"        \"loss\": 4.1371,\n"}
,{"stream_name":"stdout","time":8756.809312516,"data":"        \"lr\": 0.000199,\n"}
,{"stream_name":"stdout","time":8756.809314805,"data":"        \"tokens_per_second\": 9679\n"}
,{"stream_name":"stdout","time":8756.809317028,"data":"      },\n"}
,{"stream_name":"stdout","time":8756.809319118,"data":"      {\n"}
,{"stream_name":"stdout","time":8756.809321211,"data":"        \"step\": 8950,\n"}
,{"stream_name":"stdout","time":8756.80932339,"data":"        \"loss\": 4.1295,\n"}
,{"stream_name":"stdout","time":8756.809325541,"data":"        \"lr\": 0.000199,\n"}
,{"stream_name":"stdout","time":8756.809327712,"data":"        \"tokens_per_second\": 9678\n"}
,{"stream_name":"stdout","time":8756.809329884,"data":"      },\n"}
,{"stream_name":"stdout","time":8756.809332012,"data":"      {\n"}
,{"stream_name":"stdout","time":8756.809334102,"data":"        \"step\": 8960,\n"}
,{"stream_name":"stdout","time":8756.809336265,"data":"        \"loss\": 4.1184,\n"}
,{"stream_name":"stdout","time":8756.809338418,"data":"        \"lr\": 0.000199,\n"}
,{"stream_name":"stdout","time":8756.80934059,"data":"        \"tokens_per_second\": 9675\n"}
,{"stream_name":"stdout","time":8756.809342769,"data":"      },\n"}
,{"stream_name":"stdout","time":8756.809344865,"data":"      {\n"}
,{"stream_name":"stdout","time":8756.809346961,"data":"        \"step\": 8970,\n"}
,{"stream_name":"stdout","time":8756.809349131,"data":"        \"loss\": 4.0922,\n"}
,{"stream_name":"stdout","time":8756.809354088,"data":"        \"lr\": 0.000199,\n"}
,{"stream_name":"stdout","time":8756.809356411,"data":"        \"tokens_per_second\": 9673\n"}
,{"stream_name":"stdout","time":8756.809358585,"data":"      },\n"}
,{"stream_name":"stdout","time":8756.809360687,"data":"      {\n"}
,{"stream_name":"stdout","time":8756.809362805,"data":"        \"step\": 8980,\n"}
,{"stream_name":"stdout","time":8756.809364969,"data":"        \"loss\": 4.1069,\n"}
,{"stream_name":"stdout","time":8756.809367142,"data":"        \"lr\": 0.000199,\n"}
,{"stream_name":"stdout","time":8756.809369364,"data":"        \"tokens_per_second\": 9676\n"}
,{"stream_name":"stdout","time":8756.80937155,"data":"      },\n"}
,{"stream_name":"stdout","time":8756.809373632,"data":"      {\n"}
,{"stream_name":"stdout","time":8756.809375732,"data":"        \"step\": 8990,\n"}
,{"stream_name":"stdout","time":8756.809377887,"data":"        \"loss\": 4.1416,\n"}
,{"stream_name":"stdout","time":8756.809380061,"data":"        \"lr\": 0.000199,\n"}
,{"stream_name":"stdout","time":8756.809382233,"data":"        \"tokens_per_second\": 9677\n"}
,{"stream_name":"stdout","time":8756.809384437,"data":"      },\n"}
,{"stream_name":"stdout","time":8756.809386552,"data":"      {\n"}
,{"stream_name":"stdout","time":8756.80938865,"data":"        \"step\": 9000,\n"}
,{"stream_name":"stdout","time":8756.809390811,"data":"        \"loss\": 4.0987,\n"}
,{"stream_name":"stdout","time":8756.809392965,"data":"        \"lr\": 0.000199,\n"}
,{"stream_name":"stdout","time":8756.809395155,"data":"        \"tokens_per_second\": 9672\n"}
,{"stream_name":"stdout","time":8756.809397332,"data":"      },\n"}
,{"stream_name":"stdout","time":8756.809399423,"data":"      {\n"}
,{"stream_name":"stdout","time":8756.809401524,"data":"        \"step\": 9010,\n"}
,{"stream_name":"stdout","time":8756.809403719,"data":"        \"loss\": 4.097,\n"}
,{"stream_name":"stdout","time":8756.809405887,"data":"        \"lr\": 0.000199,\n"}
,{"stream_name":"stdout","time":8756.80940808,"data":"        \"tokens_per_second\": 7826\n"}
,{"stream_name":"stdout","time":8756.809410277,"data":"      },\n"}
,{"stream_name":"stdout","time":8756.809412366,"data":"      {\n"}
,{"stream_name":"stdout","time":8756.809414477,"data":"        \"step\": 9020,\n"}
,{"stream_name":"stdout","time":8756.809420504,"data":"        \"loss\": 4.1361,\n"}
,{"stream_name":"stdout","time":8756.809422697,"data":"        \"lr\": 0.000199,\n"}
,{"stream_name":"stdout","time":8756.80942489,"data":"        \"tokens_per_second\": 9673\n"}
,{"stream_name":"stdout","time":8756.809427087,"data":"      },\n"}
,{"stream_name":"stdout","time":8756.809429259,"data":"      {\n"}
,{"stream_name":"stdout","time":8756.809431349,"data":"        \"step\": 9030,\n"}
,{"stream_name":"stdout","time":8756.809433512,"data":"        \"loss\": 4.1259,\n"}
,{"stream_name":"stdout","time":8756.809435662,"data":"        \"lr\": 0.000199,\n"}
,{"stream_name":"stdout","time":8756.809437929,"data":"        \"tokens_per_second\": 9673\n"}
,{"stream_name":"stdout","time":8756.809440103,"data":"      },\n"}
,{"stream_name":"stdout","time":8756.809442209,"data":"      {\n"}
,{"stream_name":"stdout","time":8756.809444299,"data":"        \"step\": 9040,\n"}
,{"stream_name":"stdout","time":8756.809446529,"data":"        \"loss\": 4.1289,\n"}
,{"stream_name":"stdout","time":8756.809448687,"data":"        \"lr\": 0.000199,\n"}
,{"stream_name":"stdout","time":8756.809450875,"data":"        \"tokens_per_second\": 9677\n"}
,{"stream_name":"stdout","time":8756.80945305,"data":"      },\n"}
,{"stream_name":"stdout","time":8756.809457408,"data":"      {\n"}
,{"stream_name":"stdout","time":8756.809459574,"data":"        \"step\": 9050,\n"}
,{"stream_name":"stdout","time":8756.809461774,"data":"        \"loss\": 4.1064,\n"}
,{"stream_name":"stdout","time":8756.809464014,"data":"        \"lr\": 0.000199,\n"}
,{"stream_name":"stdout","time":8756.809466265,"data":"        \"tokens_per_second\": 9676\n"}
,{"stream_name":"stdout","time":8756.809468439,"data":"      },\n"}
,{"stream_name":"stdout","time":8756.809470532,"data":"      {\n"}
,{"stream_name":"stdout","time":8756.809472612,"data":"        \"step\": 9060,\n"}
,{"stream_name":"stdout","time":8756.809474762,"data":"        \"loss\": 4.0778,\n"}
,{"stream_name":"stdout","time":8756.809476966,"data":"        \"lr\": 0.000199,\n"}
,{"stream_name":"stdout","time":8756.809479161,"data":"        \"tokens_per_second\": 9677\n"}
,{"stream_name":"stdout","time":8756.809481352,"data":"      },\n"}
,{"stream_name":"stdout","time":8756.809483439,"data":"      {\n"}
,{"stream_name":"stdout","time":8756.809485525,"data":"        \"step\": 9070,\n"}
,{"stream_name":"stdout","time":8756.809487736,"data":"        \"loss\": 4.1036,\n"}
,{"stream_name":"stdout","time":8756.809490234,"data":"        \"lr\": 0.000199,\n"}
,{"stream_name":"stdout","time":8756.809492472,"data":"        \"tokens_per_second\": 9676\n"}
,{"stream_name":"stdout","time":8756.80949465,"data":"      },\n"}
,{"stream_name":"stdout","time":8756.809496766,"data":"      {\n"}
,{"stream_name":"stdout","time":8756.809498856,"data":"        \"step\": 9080,\n"}
,{"stream_name":"stdout","time":8756.809501165,"data":"        \"loss\": 4.1054,\n"}
,{"stream_name":"stdout","time":8756.80950333,"data":"        \"lr\": 0.000199,\n"}
,{"stream_name":"stdout","time":8756.809505494,"data":"        \"tokens_per_second\": 9679\n"}
,{"stream_name":"stdout","time":8756.809507696,"data":"      },\n"}
,{"stream_name":"stdout","time":8756.809509793,"data":"      {\n"}
,{"stream_name":"stdout","time":8756.809511882,"data":"        \"step\": 9090,\n"}
,{"stream_name":"stdout","time":8756.809514063,"data":"        \"loss\": 4.1086,\n"}
,{"stream_name":"stdout","time":8756.809516311,"data":"        \"lr\": 0.000199,\n"}
,{"stream_name":"stdout","time":8756.80951854,"data":"        \"tokens_per_second\": 9678\n"}
,{"stream_name":"stdout","time":8756.809520852,"data":"      },\n"}
,{"stream_name":"stdout","time":8756.809523097,"data":"      {\n"}
,{"stream_name":"stdout","time":8756.80952528,"data":"        \"step\": 9100,\n"}
,{"stream_name":"stdout","time":8756.809527595,"data":"        \"loss\": 4.0814,\n"}
,{"stream_name":"stdout","time":8756.809529759,"data":"        \"lr\": 0.000199,\n"}
,{"stream_name":"stdout","time":8756.809531956,"data":"        \"tokens_per_second\": 9673\n"}
,{"stream_name":"stdout","time":8756.809534121,"data":"      },\n"}
,{"stream_name":"stdout","time":8756.809536228,"data":"      {\n"}
,{"stream_name":"stdout","time":8756.809538319,"data":"        \"step\": 9110,\n"}
,{"stream_name":"stdout","time":8756.809540537,"data":"        \"loss\": 4.07,\n"}
,{"stream_name":"stdout","time":8756.809542692,"data":"        \"lr\": 0.000199,\n"}
,{"stream_name":"stdout","time":8756.809544859,"data":"        \"tokens_per_second\": 9680\n"}
,{"stream_name":"stdout","time":8756.809547042,"data":"      },\n"}
,{"stream_name":"stdout","time":8756.80954916,"data":"      {\n"}
,{"stream_name":"stdout","time":8756.809551472,"data":"        \"step\": 9120,\n"}
,{"stream_name":"stdout","time":8756.80955395,"data":"        \"loss\": 4.0912,\n"}
,{"stream_name":"stdout","time":8756.809558433,"data":"        \"lr\": 0.000199,\n"}
,{"stream_name":"stdout","time":8756.809560782,"data":"        \"tokens_per_second\": 9680\n"}
,{"stream_name":"stdout","time":8756.809563027,"data":"      },\n"}
,{"stream_name":"stdout","time":8756.809565129,"data":"      {\n"}
,{"stream_name":"stdout","time":8756.809567212,"data":"        \"step\": 9130,\n"}
,{"stream_name":"stdout","time":8756.809569388,"data":"        \"loss\": 4.1312,\n"}
,{"stream_name":"stdout","time":8756.809571539,"data":"        \"lr\": 0.000199,\n"}
,{"stream_name":"stdout","time":8756.809573704,"data":"        \"tokens_per_second\": 9678\n"}
,{"stream_name":"stdout","time":8756.809575905,"data":"      },\n"}
,{"stream_name":"stdout","time":8756.809578055,"data":"      {\n"}
,{"stream_name":"stdout","time":8756.809580284,"data":"        \"step\": 9140,\n"}
,{"stream_name":"stdout","time":8756.809582517,"data":"        \"loss\": 4.0746,\n"}
,{"stream_name":"stdout","time":8756.809584679,"data":"        \"lr\": 0.000199,\n"}
,{"stream_name":"stdout","time":8756.809586887,"data":"        \"tokens_per_second\": 9675\n"}
,{"stream_name":"stdout","time":8756.809589053,"data":"      },\n"}
,{"stream_name":"stdout","time":8756.809591132,"data":"      {\n"}
,{"stream_name":"stdout","time":8756.809593413,"data":"        \"step\": 9150,\n"}
,{"stream_name":"stdout","time":8756.809595562,"data":"        \"loss\": 4.1074,\n"}
,{"stream_name":"stdout","time":8756.809597714,"data":"        \"lr\": 0.000199,\n"}
,{"stream_name":"stdout","time":8756.809599904,"data":"        \"tokens_per_second\": 9676\n"}
,{"stream_name":"stdout","time":8756.809602212,"data":"      },\n"}
,{"stream_name":"stdout","time":8756.809604316,"data":"      {\n"}
,{"stream_name":"stdout","time":8756.809606405,"data":"        \"step\": 9160,\n"}
,{"stream_name":"stdout","time":8756.809608555,"data":"        \"loss\": 4.0821,\n"}
,{"stream_name":"stdout","time":8756.809610707,"data":"        \"lr\": 0.000199,\n"}
,{"stream_name":"stdout","time":8756.809612882,"data":"        \"tokens_per_second\": 9676\n"}
,{"stream_name":"stdout","time":8756.809615047,"data":"      },\n"}
,{"stream_name":"stdout","time":8756.809617138,"data":"      {\n"}
,{"stream_name":"stdout","time":8756.809619282,"data":"        \"step\": 9170,\n"}
,{"stream_name":"stdout","time":8756.809621447,"data":"        \"loss\": 4.1029,\n"}
,{"stream_name":"stdout","time":8756.809623602,"data":"        \"lr\": 0.000199,\n"}
,{"stream_name":"stdout","time":8756.809625775,"data":"        \"tokens_per_second\": 9676\n"}
,{"stream_name":"stdout","time":8756.809627958,"data":"      },\n"}
,{"stream_name":"stdout","time":8756.809630052,"data":"      {\n"}
,{"stream_name":"stdout","time":8756.809632137,"data":"        \"step\": 9180,\n"}
,{"stream_name":"stdout","time":8756.809634286,"data":"        \"loss\": 4.1129,\n"}
,{"stream_name":"stdout","time":8756.809636446,"data":"        \"lr\": 0.000199,\n"}
,{"stream_name":"stdout","time":8756.809638645,"data":"        \"tokens_per_second\": 9673\n"}
,{"stream_name":"stdout","time":8756.809640849,"data":"      },\n"}
,{"stream_name":"stdout","time":8756.809642942,"data":"      {\n"}
,{"stream_name":"stdout","time":8756.809645029,"data":"        \"step\": 9190,\n"}
,{"stream_name":"stdout","time":8756.809647179,"data":"        \"loss\": 4.0921,\n"}
,{"stream_name":"stdout","time":8756.80964933,"data":"        \"lr\": 0.000199,\n"}
,{"stream_name":"stdout","time":8756.809651497,"data":"        \"tokens_per_second\": 9677\n"}
,{"stream_name":"stdout","time":8756.809655849,"data":"      },\n"}
,{"stream_name":"stdout","time":8756.809658139,"data":"      {\n"}
,{"stream_name":"stdout","time":8756.809660292,"data":"        \"step\": 9200,\n"}
,{"stream_name":"stdout","time":8756.809662439,"data":"        \"loss\": 4.1042,\n"}
,{"stream_name":"stdout","time":8756.80966459,"data":"        \"lr\": 0.000199,\n"}
,{"stream_name":"stdout","time":8756.809666768,"data":"        \"tokens_per_second\": 9670\n"}
,{"stream_name":"stdout","time":8756.809668937,"data":"      },\n"}
,{"stream_name":"stdout","time":8756.809671065,"data":"      {\n"}
,{"stream_name":"stdout","time":8756.80967323,"data":"        \"step\": 9210,\n"}
,{"stream_name":"stdout","time":8756.8096754,"data":"        \"loss\": 4.1269,\n"}
,{"stream_name":"stdout","time":8756.809677557,"data":"        \"lr\": 0.000199,\n"}
,{"stream_name":"stdout","time":8756.809679742,"data":"        \"tokens_per_second\": 9679\n"}
,{"stream_name":"stdout","time":8756.80968195,"data":"      },\n"}
,{"stream_name":"stdout","time":8756.809684038,"data":"      {\n"}
,{"stream_name":"stdout","time":8756.809686132,"data":"        \"step\": 9220,\n"}
,{"stream_name":"stdout","time":8756.809688274,"data":"        \"loss\": 4.0776,\n"}
,{"stream_name":"stdout","time":8756.809690437,"data":"        \"lr\": 0.000199,\n"}
,{"stream_name":"stdout","time":8756.809692642,"data":"        \"tokens_per_second\": 9674\n"}
,{"stream_name":"stdout","time":8756.809694812,"data":"      },\n"}
,{"stream_name":"stdout","time":8756.809697033,"data":"      {\n"}
,{"stream_name":"stdout","time":8756.809699133,"data":"        \"step\": 9230,\n"}
,{"stream_name":"stdout","time":8756.809701274,"data":"        \"loss\": 4.117,\n"}
,{"stream_name":"stdout","time":8756.809703495,"data":"        \"lr\": 0.000199,\n"}
,{"stream_name":"stdout","time":8756.809706002,"data":"        \"tokens_per_second\": 9681\n"}
,{"stream_name":"stdout","time":8756.809708249,"data":"      },\n"}
,{"stream_name":"stdout","time":8756.809710368,"data":"      {\n"}
,{"stream_name":"stdout","time":8756.809712464,"data":"        \"step\": 9240,\n"}
,{"stream_name":"stdout","time":8756.809714623,"data":"        \"loss\": 4.0621,\n"}
,{"stream_name":"stdout","time":8756.809717092,"data":"        \"lr\": 0.000199,\n"}
,{"stream_name":"stdout","time":8756.809719707,"data":"        \"tokens_per_second\": 9680\n"}
,{"stream_name":"stdout","time":8756.809721922,"data":"      },\n"}
,{"stream_name":"stdout","time":8756.809724011,"data":"      {\n"}
,{"stream_name":"stdout","time":8756.809726106,"data":"        \"step\": 9250,\n"}
,{"stream_name":"stdout","time":8756.809728389,"data":"        \"loss\": 4.0791,\n"}
,{"stream_name":"stdout","time":8756.809730543,"data":"        \"lr\": 0.000199,\n"}
,{"stream_name":"stdout","time":8756.809732714,"data":"        \"tokens_per_second\": 9680\n"}
,{"stream_name":"stdout","time":8756.80973492,"data":"      },\n"}
,{"stream_name":"stdout","time":8756.809737019,"data":"      {\n"}
,{"stream_name":"stdout","time":8756.809739121,"data":"        \"step\": 9260,\n"}
,{"stream_name":"stdout","time":8756.809741287,"data":"        \"loss\": 4.0468,\n"}
,{"stream_name":"stdout","time":8756.809743456,"data":"        \"lr\": 0.000199,\n"}
,{"stream_name":"stdout","time":8756.809745646,"data":"        \"tokens_per_second\": 9679\n"}
,{"stream_name":"stdout","time":8756.809748112,"data":"      },\n"}
,{"stream_name":"stdout","time":8756.809750405,"data":"      {\n"}
,{"stream_name":"stdout","time":8756.809752499,"data":"        \"step\": 9270,\n"}
,{"stream_name":"stdout","time":8756.809754674,"data":"        \"loss\": 4.09,\n"}
,{"stream_name":"stdout","time":8756.809759132,"data":"        \"lr\": 0.000199,\n"}
,{"stream_name":"stdout","time":8756.809761487,"data":"        \"tokens_per_second\": 9674\n"}
,{"stream_name":"stdout","time":8756.809763697,"data":"      },\n"}
,{"stream_name":"stdout","time":8756.809765807,"data":"      {\n"}
,{"stream_name":"stdout","time":8756.809767896,"data":"        \"step\": 9280,\n"}
,{"stream_name":"stdout","time":8756.809770047,"data":"        \"loss\": 4.0709,\n"}
,{"stream_name":"stdout","time":8756.809772323,"data":"        \"lr\": 0.000199,\n"}
,{"stream_name":"stdout","time":8756.809774587,"data":"        \"tokens_per_second\": 9680\n"}
,{"stream_name":"stdout","time":8756.809776878,"data":"      },\n"}
,{"stream_name":"stdout","time":8756.80977965,"data":"      {\n"}
,{"stream_name":"stdout","time":8756.809783304,"data":"        \"step\": 9290,\n"}
,{"stream_name":"stdout","time":8756.809785857,"data":"        \"loss\": 4.1111,\n"}
,{"stream_name":"stdout","time":8756.809788017,"data":"        \"lr\": 0.000199,\n"}
,{"stream_name":"stdout","time":8756.809790292,"data":"        \"tokens_per_second\": 9679\n"}
,{"stream_name":"stdout","time":8756.809792511,"data":"      },\n"}
,{"stream_name":"stdout","time":8756.809794682,"data":"      {\n"}
,{"stream_name":"stdout","time":8756.80979684,"data":"        \"step\": 9300,\n"}
,{"stream_name":"stdout","time":8756.809798999,"data":"        \"loss\": 4.0913,\n"}
,{"stream_name":"stdout","time":8756.809801157,"data":"        \"lr\": 0.000199,\n"}
,{"stream_name":"stdout","time":8756.80980337,"data":"        \"tokens_per_second\": 9663\n"}
,{"stream_name":"stdout","time":8756.809805548,"data":"      },\n"}
,{"stream_name":"stdout","time":8756.809807647,"data":"      {\n"}
,{"stream_name":"stdout","time":8756.809809735,"data":"        \"step\": 9310,\n"}
,{"stream_name":"stdout","time":8756.809811999,"data":"        \"loss\": 4.1053,\n"}
,{"stream_name":"stdout","time":8756.809814315,"data":"        \"lr\": 0.000199,\n"}
,{"stream_name":"stdout","time":8756.809816489,"data":"        \"tokens_per_second\": 9671\n"}
,{"stream_name":"stdout","time":8756.809818662,"data":"      },\n"}
,{"stream_name":"stdout","time":8756.809820768,"data":"      {\n"}
,{"stream_name":"stdout","time":8756.809822862,"data":"        \"step\": 9320,\n"}
,{"stream_name":"stdout","time":8756.809825007,"data":"        \"loss\": 4.0558,\n"}
,{"stream_name":"stdout","time":8756.809827175,"data":"        \"lr\": 0.000199,\n"}
,{"stream_name":"stdout","time":8756.809829363,"data":"        \"tokens_per_second\": 9670\n"}
,{"stream_name":"stdout","time":8756.809831525,"data":"      },\n"}
,{"stream_name":"stdout","time":8756.809833621,"data":"      {\n"}
,{"stream_name":"stdout","time":8756.809835764,"data":"        \"step\": 9330,\n"}
,{"stream_name":"stdout","time":8756.809838024,"data":"        \"loss\": 4.0381,\n"}
,{"stream_name":"stdout","time":8756.809840184,"data":"        \"lr\": 0.000199,\n"}
,{"stream_name":"stdout","time":8756.809842382,"data":"        \"tokens_per_second\": 9668\n"}
,{"stream_name":"stdout","time":8756.809844548,"data":"      },\n"}
,{"stream_name":"stdout","time":8756.809846636,"data":"      {\n"}
,{"stream_name":"stdout","time":8756.809848771,"data":"        \"step\": 9340,\n"}
,{"stream_name":"stdout","time":8756.809850937,"data":"        \"loss\": 4.033,\n"}
,{"stream_name":"stdout","time":8756.809853103,"data":"        \"lr\": 0.000199,\n"}
,{"stream_name":"stdout","time":8756.809855297,"data":"        \"tokens_per_second\": 9672\n"}
,{"stream_name":"stdout","time":8756.809859404,"data":"      },\n"}
,{"stream_name":"stdout","time":8756.809861647,"data":"      {\n"}
,{"stream_name":"stdout","time":8756.809863755,"data":"        \"step\": 9350,\n"}
,{"stream_name":"stdout","time":8756.809865937,"data":"        \"loss\": 4.0855,\n"}
,{"stream_name":"stdout","time":8756.809868172,"data":"        \"lr\": 0.000199,\n"}
,{"stream_name":"stdout","time":8756.809870545,"data":"        \"tokens_per_second\": 9676\n"}
,{"stream_name":"stdout","time":8756.809872799,"data":"      },\n"}
,{"stream_name":"stdout","time":8756.809874977,"data":"      {\n"}
,{"stream_name":"stdout","time":8756.809877068,"data":"        \"step\": 9360,\n"}
,{"stream_name":"stdout","time":8756.809879349,"data":"        \"loss\": 4.0908,\n"}
,{"stream_name":"stdout","time":8756.809881511,"data":"        \"lr\": 0.000199,\n"}
,{"stream_name":"stdout","time":8756.809883689,"data":"        \"tokens_per_second\": 9677\n"}
,{"stream_name":"stdout","time":8756.809885892,"data":"      },\n"}
,{"stream_name":"stdout","time":8756.809887976,"data":"      {\n"}
,{"stream_name":"stdout","time":8756.809890131,"data":"        \"step\": 9370,\n"}
,{"stream_name":"stdout","time":8756.809892302,"data":"        \"loss\": 4.0985,\n"}
,{"stream_name":"stdout","time":8756.809894447,"data":"        \"lr\": 0.000199,\n"}
,{"stream_name":"stdout","time":8756.809896624,"data":"        \"tokens_per_second\": 9678\n"}
,{"stream_name":"stdout","time":8756.809898831,"data":"      },\n"}
,{"stream_name":"stdout","time":8756.80990092,"data":"      {\n"}
,{"stream_name":"stdout","time":8756.809903009,"data":"        \"step\": 9380,\n"}
,{"stream_name":"stdout","time":8756.809905178,"data":"        \"loss\": 4.0571,\n"}
,{"stream_name":"stdout","time":8756.809907324,"data":"        \"lr\": 0.000199,\n"}
,{"stream_name":"stdout","time":8756.809909548,"data":"        \"tokens_per_second\": 9676\n"}
,{"stream_name":"stdout","time":8756.809911737,"data":"      },\n"}
,{"stream_name":"stdout","time":8756.809913828,"data":"      {\n"}
,{"stream_name":"stdout","time":8756.809915926,"data":"        \"step\": 9390,\n"}
,{"stream_name":"stdout","time":8756.809918083,"data":"        \"loss\": 4.0627,\n"}
,{"stream_name":"stdout","time":8756.809920245,"data":"        \"lr\": 0.000199,\n"}
,{"stream_name":"stdout","time":8756.809922433,"data":"        \"tokens_per_second\": 9679\n"}
,{"stream_name":"stdout","time":8756.809924627,"data":"      },\n"}
,{"stream_name":"stdout","time":8756.809926742,"data":"      {\n"}
,{"stream_name":"stdout","time":8756.80992883,"data":"        \"step\": 9400,\n"}
,{"stream_name":"stdout","time":8756.80993098,"data":"        \"loss\": 4.0779,\n"}
,{"stream_name":"stdout","time":8756.809933136,"data":"        \"lr\": 0.000199,\n"}
,{"stream_name":"stdout","time":8756.809935322,"data":"        \"tokens_per_second\": 9673\n"}
,{"stream_name":"stdout","time":8756.809937499,"data":"      },\n"}
,{"stream_name":"stdout","time":8756.809939585,"data":"      {\n"}
,{"stream_name":"stdout","time":8756.809941674,"data":"        \"step\": 9410,\n"}
,{"stream_name":"stdout","time":8756.809943895,"data":"        \"loss\": 4.0884,\n"}
,{"stream_name":"stdout","time":8756.809946247,"data":"        \"lr\": 0.000199,\n"}
,{"stream_name":"stdout","time":8756.809948644,"data":"        \"tokens_per_second\": 9682\n"}
,{"stream_name":"stdout","time":8756.809950854,"data":"      },\n"}
,{"stream_name":"stdout","time":8756.809952954,"data":"      {\n"}
,{"stream_name":"stdout","time":8756.809955056,"data":"        \"step\": 9420,\n"}
,{"stream_name":"stdout","time":8756.809960158,"data":"        \"loss\": 4.0805,\n"}
,{"stream_name":"stdout","time":8756.809962466,"data":"        \"lr\": 0.000199,\n"}
,{"stream_name":"stdout","time":8756.809964695,"data":"        \"tokens_per_second\": 9678\n"}
,{"stream_name":"stdout","time":8756.809966884,"data":"      },\n"}
,{"stream_name":"stdout","time":8756.809968986,"data":"      {\n"}
,{"stream_name":"stdout","time":8756.809971077,"data":"        \"step\": 9430,\n"}
,{"stream_name":"stdout","time":8756.809973224,"data":"        \"loss\": 4.09,\n"}
,{"stream_name":"stdout","time":8756.809975522,"data":"        \"lr\": 0.000199,\n"}
,{"stream_name":"stdout","time":8756.809977702,"data":"        \"tokens_per_second\": 9678\n"}
,{"stream_name":"stdout","time":8756.809979902,"data":"      },\n"}
,{"stream_name":"stdout","time":8756.80998201,"data":"      {\n"}
,{"stream_name":"stdout","time":8756.809984102,"data":"        \"step\": 9440,\n"}
,{"stream_name":"stdout","time":8756.809986249,"data":"        \"loss\": 4.0499,\n"}
,{"stream_name":"stdout","time":8756.8099884,"data":"        \"lr\": 0.000199,\n"}
,{"stream_name":"stdout","time":8756.809990568,"data":"        \"tokens_per_second\": 9682\n"}
,{"stream_name":"stdout","time":8756.809992772,"data":"      },\n"}
,{"stream_name":"stdout","time":8756.809996357,"data":"      {\n"}
,{"stream_name":"stdout","time":8756.809998465,"data":"        \"step\": 9450,\n"}
,{"stream_name":"stdout","time":8756.810000643,"data":"        \"loss\": 4.0804,\n"}
,{"stream_name":"stdout","time":8756.8100028,"data":"        \"lr\": 0.000199,\n"}
,{"stream_name":"stdout","time":8756.810004996,"data":"        \"tokens_per_second\": 9675\n"}
,{"stream_name":"stdout","time":8756.810007168,"data":"      },\n"}
,{"stream_name":"stdout","time":8756.810009259,"data":"      {\n"}
,{"stream_name":"stdout","time":8756.810011365,"data":"        \"step\": 9460,\n"}
,{"stream_name":"stdout","time":8756.810013517,"data":"        \"loss\": 4.0908,\n"}
,{"stream_name":"stdout","time":8756.810015675,"data":"        \"lr\": 0.000199,\n"}
,{"stream_name":"stdout","time":8756.810017917,"data":"        \"tokens_per_second\": 9685\n"}
,{"stream_name":"stdout","time":8756.81002041,"data":"      },\n"}
,{"stream_name":"stdout","time":8756.810022502,"data":"      {\n"}
,{"stream_name":"stdout","time":8756.810024663,"data":"        \"step\": 9470,\n"}
,{"stream_name":"stdout","time":8756.81002682,"data":"        \"loss\": 4.0563,\n"}
,{"stream_name":"stdout","time":8756.810033264,"data":"        \"lr\": 0.000199,\n"}
,{"stream_name":"stdout","time":8756.810035576,"data":"        \"tokens_per_second\": 9682\n"}
,{"stream_name":"stdout","time":8756.810037785,"data":"      },\n"}
,{"stream_name":"stdout","time":8756.810039917,"data":"      {\n"}
,{"stream_name":"stdout","time":8756.810042031,"data":"        \"step\": 9480,\n"}
,{"stream_name":"stdout","time":8756.81004418,"data":"        \"loss\": 4.079,\n"}
,{"stream_name":"stdout","time":8756.810046351,"data":"        \"lr\": 0.000199,\n"}
,{"stream_name":"stdout","time":8756.810048547,"data":"        \"tokens_per_second\": 9682\n"}
,{"stream_name":"stdout","time":8756.810050803,"data":"      },\n"}
,{"stream_name":"stdout","time":8756.810052987,"data":"      {\n"}
,{"stream_name":"stdout","time":8756.810055076,"data":"        \"step\": 9490,\n"}
,{"stream_name":"stdout","time":8756.810057255,"data":"        \"loss\": 4.0798,\n"}
,{"stream_name":"stdout","time":8756.810059404,"data":"        \"lr\": 0.000199,\n"}
,{"stream_name":"stdout","time":8756.810061608,"data":"        \"tokens_per_second\": 9678\n"}
,{"stream_name":"stdout","time":8756.810069527,"data":"      },\n"}
,{"stream_name":"stdout","time":8756.810071738,"data":"      {\n"}
,{"stream_name":"stdout","time":8756.810073841,"data":"        \"step\": 9500,\n"}
,{"stream_name":"stdout","time":8756.810075987,"data":"        \"loss\": 4.106,\n"}
,{"stream_name":"stdout","time":8756.810078161,"data":"        \"lr\": 0.000199,\n"}
,{"stream_name":"stdout","time":8756.810080364,"data":"        \"tokens_per_second\": 9674\n"}
,{"stream_name":"stdout","time":8756.810082584,"data":"      },\n"}
,{"stream_name":"stdout","time":8756.810084702,"data":"      {\n"}
,{"stream_name":"stdout","time":8756.810086799,"data":"        \"step\": 9510,\n"}
,{"stream_name":"stdout","time":8756.810088949,"data":"        \"loss\": 4.0544,\n"}
,{"stream_name":"stdout","time":8756.810091102,"data":"        \"lr\": 0.000199,\n"}
,{"stream_name":"stdout","time":8756.810093277,"data":"        \"tokens_per_second\": 7833\n"}
,{"stream_name":"stdout","time":8756.810095586,"data":"      },\n"}
,{"stream_name":"stdout","time":8756.810097709,"data":"      {\n"}
,{"stream_name":"stdout","time":8756.810099799,"data":"        \"step\": 9520,\n"}
,{"stream_name":"stdout","time":8756.810101943,"data":"        \"loss\": 4.1057,\n"}
,{"stream_name":"stdout","time":8756.810104103,"data":"        \"lr\": 0.000199,\n"}
,{"stream_name":"stdout","time":8756.810106269,"data":"        \"tokens_per_second\": 9678\n"}
,{"stream_name":"stdout","time":8756.810108478,"data":"      },\n"}
,{"stream_name":"stdout","time":8756.810110579,"data":"      {\n"}
,{"stream_name":"stdout","time":8756.810112664,"data":"        \"step\": 9530,\n"}
,{"stream_name":"stdout","time":8756.810114853,"data":"        \"loss\": 4.0729,\n"}
,{"stream_name":"stdout","time":8756.810117017,"data":"        \"lr\": 0.000199,\n"}
,{"stream_name":"stdout","time":8756.810119201,"data":"        \"tokens_per_second\": 9676\n"}
,{"stream_name":"stdout","time":8756.810121563,"data":"      },\n"}
,{"stream_name":"stdout","time":8756.81012365,"data":"      {\n"}
,{"stream_name":"stdout","time":8756.810125744,"data":"        \"step\": 9540,\n"}
,{"stream_name":"stdout","time":8756.810127902,"data":"        \"loss\": 4.0697,\n"}
,{"stream_name":"stdout","time":8756.810130063,"data":"        \"lr\": 0.000199,\n"}
,{"stream_name":"stdout","time":8756.810132263,"data":"        \"tokens_per_second\": 9681\n"}
,{"stream_name":"stdout","time":8756.810134502,"data":"      },\n"}
,{"stream_name":"stdout","time":8756.810136678,"data":"      {\n"}
,{"stream_name":"stdout","time":8756.810138768,"data":"        \"step\": 9550,\n"}
,{"stream_name":"stdout","time":8756.810140916,"data":"        \"loss\": 4.0881,\n"}
,{"stream_name":"stdout","time":8756.810143136,"data":"        \"lr\": 0.000199,\n"}
,{"stream_name":"stdout","time":8756.810145318,"data":"        \"tokens_per_second\": 9683\n"}
,{"stream_name":"stdout","time":8756.810147623,"data":"      },\n"}
,{"stream_name":"stdout","time":8756.810149868,"data":"      {\n"}
,{"stream_name":"stdout","time":8756.810151964,"data":"        \"step\": 9560,\n"}
,{"stream_name":"stdout","time":8756.810154133,"data":"        \"loss\": 4.0692,\n"}
,{"stream_name":"stdout","time":8756.810156295,"data":"        \"lr\": 0.000199,\n"}
,{"stream_name":"stdout","time":8756.810158484,"data":"        \"tokens_per_second\": 9679\n"}
,{"stream_name":"stdout","time":8756.810160754,"data":"      },\n"}
,{"stream_name":"stdout","time":8756.810162853,"data":"      {\n"}
,{"stream_name":"stdout","time":8756.810164939,"data":"        \"step\": 9570,\n"}
,{"stream_name":"stdout","time":8756.81016939,"data":"        \"loss\": 4.0922,\n"}
,{"stream_name":"stdout","time":8756.810171749,"data":"        \"lr\": 0.000199,\n"}
,{"stream_name":"stdout","time":8756.810173947,"data":"        \"tokens_per_second\": 9678\n"}
,{"stream_name":"stdout","time":8756.810176125,"data":"      },\n"}
,{"stream_name":"stdout","time":8756.810178325,"data":"      {\n"}
,{"stream_name":"stdout","time":8756.810180421,"data":"        \"step\": 9580,\n"}
,{"stream_name":"stdout","time":8756.810182594,"data":"        \"loss\": 4.0536,\n"}
,{"stream_name":"stdout","time":8756.810185056,"data":"        \"lr\": 0.000199,\n"}
,{"stream_name":"stdout","time":8756.810187296,"data":"        \"tokens_per_second\": 9679\n"}
,{"stream_name":"stdout","time":8756.810189493,"data":"      },\n"}
,{"stream_name":"stdout","time":8756.810191588,"data":"      {\n"}
,{"stream_name":"stdout","time":8756.810193674,"data":"        \"step\": 9590,\n"}
,{"stream_name":"stdout","time":8756.810195998,"data":"        \"loss\": 4.046,\n"}
,{"stream_name":"stdout","time":8756.810198274,"data":"        \"lr\": 0.000199,\n"}
,{"stream_name":"stdout","time":8756.810200476,"data":"        \"tokens_per_second\": 9678\n"}
,{"stream_name":"stdout","time":8756.810202662,"data":"      },\n"}
,{"stream_name":"stdout","time":8756.810204774,"data":"      {\n"}
,{"stream_name":"stdout","time":8756.810206877,"data":"        \"step\": 9600,\n"}
,{"stream_name":"stdout","time":8756.810209031,"data":"        \"loss\": 4.0602,\n"}
,{"stream_name":"stdout","time":8756.810211186,"data":"        \"lr\": 0.000199,\n"}
,{"stream_name":"stdout","time":8756.81021337,"data":"        \"tokens_per_second\": 9672\n"}
,{"stream_name":"stdout","time":8756.810246712,"data":"      },\n"}
,{"stream_name":"stdout","time":8756.810251888,"data":"      {\n"}
,{"stream_name":"stdout","time":8756.810258304,"data":"        \"step\": 9610,\n"}
,{"stream_name":"stdout","time":8756.810260588,"data":"        \"loss\": 4.0582,\n"}
,{"stream_name":"stdout","time":8756.810262772,"data":"        \"lr\": 0.000199,\n"}
,{"stream_name":"stdout","time":8756.81026496,"data":"        \"tokens_per_second\": 9680\n"}
,{"stream_name":"stdout","time":8756.810267166,"data":"      },\n"}
,{"stream_name":"stdout","time":8756.810269264,"data":"      {\n"}
,{"stream_name":"stdout","time":8756.810271382,"data":"        \"step\": 9620,\n"}
,{"stream_name":"stdout","time":8756.810273536,"data":"        \"loss\": 4.054,\n"}
,{"stream_name":"stdout","time":8756.810275709,"data":"        \"lr\": 0.000199,\n"}
,{"stream_name":"stdout","time":8756.810277929,"data":"        \"tokens_per_second\": 9684\n"}
,{"stream_name":"stdout","time":8756.810280138,"data":"      },\n"}
,{"stream_name":"stdout","time":8756.810282246,"data":"      {\n"}
,{"stream_name":"stdout","time":8756.810284352,"data":"        \"step\": 9630,\n"}
,{"stream_name":"stdout","time":8756.810286501,"data":"        \"loss\": 4.0584,\n"}
,{"stream_name":"stdout","time":8756.810288664,"data":"        \"lr\": 0.000199,\n"}
,{"stream_name":"stdout","time":8756.810290864,"data":"        \"tokens_per_second\": 9681\n"}
,{"stream_name":"stdout","time":8756.810293081,"data":"      },\n"}
,{"stream_name":"stdout","time":8756.810295201,"data":"      {\n"}
,{"stream_name":"stdout","time":8756.810297299,"data":"        \"step\": 9640,\n"}
,{"stream_name":"stdout","time":8756.810299448,"data":"        \"loss\": 4.0543,\n"}
,{"stream_name":"stdout","time":8756.810301607,"data":"        \"lr\": 0.000199,\n"}
,{"stream_name":"stdout","time":8756.810303912,"data":"        \"tokens_per_second\": 9680\n"}
,{"stream_name":"stdout","time":8756.810308901,"data":"      },\n"}
,{"stream_name":"stdout","time":8756.810311163,"data":"      {\n"}
,{"stream_name":"stdout","time":8756.810313283,"data":"        \"step\": 9650,\n"}
,{"stream_name":"stdout","time":8756.810315598,"data":"        \"loss\": 4.0535,\n"}
,{"stream_name":"stdout","time":8756.810317849,"data":"        \"lr\": 0.000199,\n"}
,{"stream_name":"stdout","time":8756.810320044,"data":"        \"tokens_per_second\": 9682\n"}
,{"stream_name":"stdout","time":8756.810322246,"data":"      },\n"}
,{"stream_name":"stdout","time":8756.81032444,"data":"      {\n"}
,{"stream_name":"stdout","time":8756.810326662,"data":"        \"step\": 9660,\n"}
,{"stream_name":"stdout","time":8756.810328972,"data":"        \"loss\": 4.0905,\n"}
,{"stream_name":"stdout","time":8756.810331126,"data":"        \"lr\": 0.000199,\n"}
,{"stream_name":"stdout","time":8756.810333316,"data":"        \"tokens_per_second\": 9680\n"}
,{"stream_name":"stdout","time":8756.810335484,"data":"      },\n"}
,{"stream_name":"stdout","time":8756.810337585,"data":"      {\n"}
,{"stream_name":"stdout","time":8756.810339678,"data":"        \"step\": 9670,\n"}
,{"stream_name":"stdout","time":8756.81034221,"data":"        \"loss\": 4.0747,\n"}
,{"stream_name":"stdout","time":8756.810344361,"data":"        \"lr\": 0.000199,\n"}
,{"stream_name":"stdout","time":8756.810346525,"data":"        \"tokens_per_second\": 9684\n"}
,{"stream_name":"stdout","time":8756.810348698,"data":"      },\n"}
,{"stream_name":"stdout","time":8756.810350888,"data":"      {\n"}
,{"stream_name":"stdout","time":8756.810352985,"data":"        \"step\": 9680,\n"}
,{"stream_name":"stdout","time":8756.810355244,"data":"        \"loss\": 4.0563,\n"}
,{"stream_name":"stdout","time":8756.810357412,"data":"        \"lr\": 0.000199,\n"}
,{"stream_name":"stdout","time":8756.810359584,"data":"        \"tokens_per_second\": 9678\n"}
,{"stream_name":"stdout","time":8756.810361765,"data":"      },\n"}
,{"stream_name":"stdout","time":8756.810363936,"data":"      {\n"}
,{"stream_name":"stdout","time":8756.810366022,"data":"        \"step\": 9690,\n"}
,{"stream_name":"stdout","time":8756.810368179,"data":"        \"loss\": 4.0295,\n"}
,{"stream_name":"stdout","time":8756.810370415,"data":"        \"lr\": 0.000199,\n"}
,{"stream_name":"stdout","time":8756.810372588,"data":"        \"tokens_per_second\": 9682\n"}
,{"stream_name":"stdout","time":8756.810374901,"data":"      },\n"}
,{"stream_name":"stdout","time":8756.810377001,"data":"      {\n"}
,{"stream_name":"stdout","time":8756.810379089,"data":"        \"step\": 9700,\n"}
,{"stream_name":"stdout","time":8756.810381223,"data":"        \"loss\": 4.0655,\n"}
,{"stream_name":"stdout","time":8756.810383374,"data":"        \"lr\": 0.000199,\n"}
,{"stream_name":"stdout","time":8756.810385736,"data":"        \"tokens_per_second\": 9676\n"}
,{"stream_name":"stdout","time":8756.810388126,"data":"      },\n"}
,{"stream_name":"stdout","time":8756.810390223,"data":"      {\n"}
,{"stream_name":"stdout","time":8756.810392321,"data":"        \"step\": 9710,\n"}
,{"stream_name":"stdout","time":8756.810394463,"data":"        \"loss\": 4.0436,\n"}
,{"stream_name":"stdout","time":8756.810396618,"data":"        \"lr\": 0.000199,\n"}
,{"stream_name":"stdout","time":8756.810398799,"data":"        \"tokens_per_second\": 9683\n"}
,{"stream_name":"stdout","time":8756.810401006,"data":"      },\n"}
,{"stream_name":"stdout","time":8756.810403123,"data":"      {\n"}
,{"stream_name":"stdout","time":8756.810405224,"data":"        \"step\": 9720,\n"}
,{"stream_name":"stdout","time":8756.810409592,"data":"        \"loss\": 4.0777,\n"}
,{"stream_name":"stdout","time":8756.810411873,"data":"        \"lr\": 0.000199,\n"}
,{"stream_name":"stdout","time":8756.810414091,"data":"        \"tokens_per_second\": 9678\n"}
,{"stream_name":"stdout","time":8756.810416281,"data":"      },\n"}
,{"stream_name":"stdout","time":8756.810418383,"data":"      {\n"}
,{"stream_name":"stdout","time":8756.810420483,"data":"        \"step\": 9730,\n"}
,{"stream_name":"stdout","time":8756.810422663,"data":"        \"loss\": 4.041,\n"}
,{"stream_name":"stdout","time":8756.810424837,"data":"        \"lr\": 0.000199,\n"}
,{"stream_name":"stdout","time":8756.810427038,"data":"        \"tokens_per_second\": 9679\n"}
,{"stream_name":"stdout","time":8756.810429206,"data":"      },\n"}
,{"stream_name":"stdout","time":8756.810431303,"data":"      {\n"}
,{"stream_name":"stdout","time":8756.810433399,"data":"        \"step\": 9740,\n"}
,{"stream_name":"stdout","time":8756.810435611,"data":"        \"loss\": 4.0687,\n"}
,{"stream_name":"stdout","time":8756.810437768,"data":"        \"lr\": 0.000199,\n"}
,{"stream_name":"stdout","time":8756.810440066,"data":"        \"tokens_per_second\": 9676\n"}
,{"stream_name":"stdout","time":8756.810442241,"data":"      },\n"}
,{"stream_name":"stdout","time":8756.810444344,"data":"      {\n"}
,{"stream_name":"stdout","time":8756.810446448,"data":"        \"step\": 9750,\n"}
,{"stream_name":"stdout","time":8756.810449043,"data":"        \"loss\": 4.101,\n"}
,{"stream_name":"stdout","time":8756.810451256,"data":"        \"lr\": 0.000199,\n"}
,{"stream_name":"stdout","time":8756.810453446,"data":"        \"tokens_per_second\": 9673\n"}
,{"stream_name":"stdout","time":8756.810455616,"data":"      },\n"}
,{"stream_name":"stdout","time":8756.810457728,"data":"      {\n"}
,{"stream_name":"stdout","time":8756.810459825,"data":"        \"step\": 9760,\n"}
,{"stream_name":"stdout","time":8756.810461979,"data":"        \"loss\": 4.0663,\n"}
,{"stream_name":"stdout","time":8756.810464136,"data":"        \"lr\": 0.000199,\n"}
,{"stream_name":"stdout","time":8756.810466323,"data":"        \"tokens_per_second\": 9672\n"}
,{"stream_name":"stdout","time":8756.810468639,"data":"      },\n"}
,{"stream_name":"stdout","time":8756.810470739,"data":"      {\n"}
,{"stream_name":"stdout","time":8756.810472842,"data":"        \"step\": 9770,\n"}
,{"stream_name":"stdout","time":8756.810475169,"data":"        \"loss\": 4.0157,\n"}
,{"stream_name":"stdout","time":8756.810477344,"data":"        \"lr\": 0.000199,\n"}
,{"stream_name":"stdout","time":8756.810479545,"data":"        \"tokens_per_second\": 9675\n"}
,{"stream_name":"stdout","time":8756.810481709,"data":"      },\n"}
,{"stream_name":"stdout","time":8756.810483802,"data":"      {\n"}
,{"stream_name":"stdout","time":8756.810485894,"data":"        \"step\": 9780,\n"}
,{"stream_name":"stdout","time":8756.810488068,"data":"        \"loss\": 4.079,\n"}
,{"stream_name":"stdout","time":8756.810490234,"data":"        \"lr\": 0.000199,\n"}
,{"stream_name":"stdout","time":8756.810492446,"data":"        \"tokens_per_second\": 9672\n"}
,{"stream_name":"stdout","time":8756.81049463,"data":"      },\n"}
,{"stream_name":"stdout","time":8756.810496798,"data":"      {\n"}
,{"stream_name":"stdout","time":8756.810498901,"data":"        \"step\": 9790,\n"}
,{"stream_name":"stdout","time":8756.810501064,"data":"        \"loss\": 4.0279,\n"}
,{"stream_name":"stdout","time":8756.810503228,"data":"        \"lr\": 0.000199,\n"}
,{"stream_name":"stdout","time":8756.81050771,"data":"        \"tokens_per_second\": 9675\n"}
,{"stream_name":"stdout","time":8756.810510009,"data":"      },\n"}
,{"stream_name":"stdout","time":8756.81051214,"data":"      {\n"}
,{"stream_name":"stdout","time":8756.810514243,"data":"        \"step\": 9800,\n"}
,{"stream_name":"stdout","time":8756.810516405,"data":"        \"loss\": 4.0502,\n"}
,{"stream_name":"stdout","time":8756.810518581,"data":"        \"lr\": 0.000199,\n"}
,{"stream_name":"stdout","time":8756.810520772,"data":"        \"tokens_per_second\": 9673\n"}
,{"stream_name":"stdout","time":8756.810522951,"data":"      },\n"}
,{"stream_name":"stdout","time":8756.810525051,"data":"      {\n"}
,{"stream_name":"stdout","time":8756.810527141,"data":"        \"step\": 9810,\n"}
,{"stream_name":"stdout","time":8756.810529328,"data":"        \"loss\": 4.0684,\n"}
,{"stream_name":"stdout","time":8756.810531494,"data":"        \"lr\": 0.000199,\n"}
,{"stream_name":"stdout","time":8756.810533742,"data":"        \"tokens_per_second\": 9684\n"}
,{"stream_name":"stdout","time":8756.810536018,"data":"      },\n"}
,{"stream_name":"stdout","time":8756.810538116,"data":"      {\n"}
,{"stream_name":"stdout","time":8756.810540211,"data":"        \"step\": 9820,\n"}
,{"stream_name":"stdout","time":8756.810542368,"data":"        \"loss\": 4.0216,\n"}
,{"stream_name":"stdout","time":8756.810544529,"data":"        \"lr\": 0.000199,\n"}
,{"stream_name":"stdout","time":8756.810546732,"data":"        \"tokens_per_second\": 9682\n"}
,{"stream_name":"stdout","time":8756.810548928,"data":"      },\n"}
,{"stream_name":"stdout","time":8756.810551024,"data":"      {\n"}
,{"stream_name":"stdout","time":8756.810553127,"data":"        \"step\": 9830,\n"}
,{"stream_name":"stdout","time":8756.810555304,"data":"        \"loss\": 4.043,\n"}
,{"stream_name":"stdout","time":8756.810557474,"data":"        \"lr\": 0.000199,\n"}
,{"stream_name":"stdout","time":8756.8105597,"data":"        \"tokens_per_second\": 9686\n"}
,{"stream_name":"stdout","time":8756.810561904,"data":"      },\n"}
,{"stream_name":"stdout","time":8756.810564033,"data":"      {\n"}
,{"stream_name":"stdout","time":8756.810566122,"data":"        \"step\": 9840,\n"}
,{"stream_name":"stdout","time":8756.810568296,"data":"        \"loss\": 4.0771,\n"}
,{"stream_name":"stdout","time":8756.810570463,"data":"        \"lr\": 0.000199,\n"}
,{"stream_name":"stdout","time":8756.81057264,"data":"        \"tokens_per_second\": 9680\n"}
,{"stream_name":"stdout","time":8756.810574813,"data":"      },\n"}
,{"stream_name":"stdout","time":8756.810576898,"data":"      {\n"}
,{"stream_name":"stdout","time":8756.810578998,"data":"        \"step\": 9850,\n"}
,{"stream_name":"stdout","time":8756.810581173,"data":"        \"loss\": 4.0627,\n"}
,{"stream_name":"stdout","time":8756.810583326,"data":"        \"lr\": 0.000199,\n"}
,{"stream_name":"stdout","time":8756.810585489,"data":"        \"tokens_per_second\": 9685\n"}
,{"stream_name":"stdout","time":8756.810587669,"data":"      },\n"}
,{"stream_name":"stdout","time":8756.810589766,"data":"      {\n"}
,{"stream_name":"stdout","time":8756.810591858,"data":"        \"step\": 9860,\n"}
,{"stream_name":"stdout","time":8756.81059402,"data":"        \"loss\": 4.0443,\n"}
,{"stream_name":"stdout","time":8756.810596191,"data":"        \"lr\": 0.000199,\n"}
,{"stream_name":"stdout","time":8756.810598386,"data":"        \"tokens_per_second\": 9678\n"}
,{"stream_name":"stdout","time":8756.810600563,"data":"      },\n"}
,{"stream_name":"stdout","time":8756.810602659,"data":"      {\n"}
,{"stream_name":"stdout","time":8756.810606998,"data":"        \"step\": 9870,\n"}
,{"stream_name":"stdout","time":8756.81060925,"data":"        \"loss\": 4.0155,\n"}
,{"stream_name":"stdout","time":8756.810611482,"data":"        \"lr\": 0.000199,\n"}
,{"stream_name":"stdout","time":8756.810617429,"data":"        \"tokens_per_second\": 9685\n"}
,{"stream_name":"stdout","time":8756.810619633,"data":"      },\n"}
,{"stream_name":"stdout","time":8756.810621773,"data":"      {\n"}
,{"stream_name":"stdout","time":8756.810623879,"data":"        \"step\": 9880,\n"}
,{"stream_name":"stdout","time":8756.810626041,"data":"        \"loss\": 4.0827,\n"}
,{"stream_name":"stdout","time":8756.810628227,"data":"        \"lr\": 0.000199,\n"}
,{"stream_name":"stdout","time":8756.810630416,"data":"        \"tokens_per_second\": 9685\n"}
,{"stream_name":"stdout","time":8756.810632608,"data":"      },\n"}
,{"stream_name":"stdout","time":8756.810634711,"data":"      {\n"}
,{"stream_name":"stdout","time":8756.81063681,"data":"        \"step\": 9890,\n"}
,{"stream_name":"stdout","time":8756.810638984,"data":"        \"loss\": 4.0319,\n"}
,{"stream_name":"stdout","time":8756.810641164,"data":"        \"lr\": 0.000199,\n"}
,{"stream_name":"stdout","time":8756.810643353,"data":"        \"tokens_per_second\": 9681\n"}
,{"stream_name":"stdout","time":8756.810645519,"data":"      },\n"}
,{"stream_name":"stdout","time":8756.810647605,"data":"      {\n"}
,{"stream_name":"stdout","time":8756.810649702,"data":"        \"step\": 9900,\n"}
,{"stream_name":"stdout","time":8756.810651867,"data":"        \"loss\": 4.0539,\n"}
,{"stream_name":"stdout","time":8756.810654027,"data":"        \"lr\": 0.000199,\n"}
,{"stream_name":"stdout","time":8756.810656222,"data":"        \"tokens_per_second\": 9678\n"}
,{"stream_name":"stdout","time":8756.810658424,"data":"      },\n"}
,{"stream_name":"stdout","time":8756.810660527,"data":"      {\n"}
,{"stream_name":"stdout","time":8756.810662614,"data":"        \"step\": 9910,\n"}
,{"stream_name":"stdout","time":8756.810664804,"data":"        \"loss\": 4.0526,\n"}
,{"stream_name":"stdout","time":8756.810666978,"data":"        \"lr\": 0.000199,\n"}
,{"stream_name":"stdout","time":8756.81066915,"data":"        \"tokens_per_second\": 9681\n"}
,{"stream_name":"stdout","time":8756.810671347,"data":"      },\n"}
,{"stream_name":"stdout","time":8756.810673466,"data":"      {\n"}
,{"stream_name":"stdout","time":8756.810675558,"data":"        \"step\": 9920,\n"}
,{"stream_name":"stdout","time":8756.810678781,"data":"        \"loss\": 4.0646,\n"}
,{"stream_name":"stdout","time":8756.810680999,"data":"        \"lr\": 0.000199,\n"}
,{"stream_name":"stdout","time":8756.810683205,"data":"        \"tokens_per_second\": 9681\n"}
,{"stream_name":"stdout","time":8756.810685419,"data":"      },\n"}
,{"stream_name":"stdout","time":8756.810687525,"data":"      {\n"}
,{"stream_name":"stdout","time":8756.810689618,"data":"        \"step\": 9930,\n"}
,{"stream_name":"stdout","time":8756.810691853,"data":"        \"loss\": 4.0608,\n"}
,{"stream_name":"stdout","time":8756.810694105,"data":"        \"lr\": 0.000199,\n"}
,{"stream_name":"stdout","time":8756.810696298,"data":"        \"tokens_per_second\": 9683\n"}
,{"stream_name":"stdout","time":8756.810698481,"data":"      },\n"}
,{"stream_name":"stdout","time":8756.810700581,"data":"      {\n"}
,{"stream_name":"stdout","time":8756.810702671,"data":"        \"step\": 9940,\n"}
,{"stream_name":"stdout","time":8756.810704833,"data":"        \"loss\": 4.0424,\n"}
,{"stream_name":"stdout","time":8756.810707005,"data":"        \"lr\": 0.000199,\n"}
,{"stream_name":"stdout","time":8756.810711047,"data":"        \"tokens_per_second\": 9681\n"}
,{"stream_name":"stdout","time":8756.810713317,"data":"      },\n"}
,{"stream_name":"stdout","time":8756.810715414,"data":"      {\n"}
,{"stream_name":"stdout","time":8756.810717513,"data":"        \"step\": 9950,\n"}
,{"stream_name":"stdout","time":8756.810719681,"data":"        \"loss\": 4.0168,\n"}
,{"stream_name":"stdout","time":8756.810721854,"data":"        \"lr\": 0.000199,\n"}
,{"stream_name":"stdout","time":8756.810724051,"data":"        \"tokens_per_second\": 9680\n"}
,{"stream_name":"stdout","time":8756.810726223,"data":"      },\n"}
,{"stream_name":"stdout","time":8756.810728339,"data":"      {\n"}
,{"stream_name":"stdout","time":8756.810730431,"data":"        \"step\": 9960,\n"}
,{"stream_name":"stdout","time":8756.810732589,"data":"        \"loss\": 4.0479,\n"}
,{"stream_name":"stdout","time":8756.810734822,"data":"        \"lr\": 0.000199,\n"}
,{"stream_name":"stdout","time":8756.81073702,"data":"        \"tokens_per_second\": 9683\n"}
,{"stream_name":"stdout","time":8756.810739229,"data":"      },\n"}
,{"stream_name":"stdout","time":8756.810741369,"data":"      {\n"}
,{"stream_name":"stdout","time":8756.810743549,"data":"        \"step\": 9970,\n"}
,{"stream_name":"stdout","time":8756.810745728,"data":"        \"loss\": 4.0625,\n"}
,{"stream_name":"stdout","time":8756.810747883,"data":"        \"lr\": 0.000199,\n"}
,{"stream_name":"stdout","time":8756.810750069,"data":"        \"tokens_per_second\": 9684\n"}
,{"stream_name":"stdout","time":8756.810752256,"data":"      },\n"}
,{"stream_name":"stdout","time":8756.810754479,"data":"      {\n"}
,{"stream_name":"stdout","time":8756.810756703,"data":"        \"step\": 9980,\n"}
,{"stream_name":"stdout","time":8756.810758872,"data":"        \"loss\": 4.0348,\n"}
,{"stream_name":"stdout","time":8756.810761029,"data":"        \"lr\": 0.000199,\n"}
,{"stream_name":"stdout","time":8756.81076323,"data":"        \"tokens_per_second\": 9682\n"}
,{"stream_name":"stdout","time":8756.810765402,"data":"      },\n"}
,{"stream_name":"stdout","time":8756.810767495,"data":"      {\n"}
,{"stream_name":"stdout","time":8756.810769603,"data":"        \"step\": 9990,\n"}
,{"stream_name":"stdout","time":8756.810771764,"data":"        \"loss\": 4.0313,\n"}
,{"stream_name":"stdout","time":8756.810773947,"data":"        \"lr\": 0.000199,\n"}
,{"stream_name":"stdout","time":8756.810776126,"data":"        \"tokens_per_second\": 9686\n"}
,{"stream_name":"stdout","time":8756.810778768,"data":"      },\n"}
,{"stream_name":"stdout","time":8756.810781977,"data":"      {\n"}
,{"stream_name":"stdout","time":8756.810784678,"data":"        \"step\": 10000,\n"}
,{"stream_name":"stdout","time":8756.810786869,"data":"        \"loss\": 4.0054,\n"}
,{"stream_name":"stdout","time":8756.810789005,"data":"        \"lr\": 0.000199,\n"}
,{"stream_name":"stdout","time":8756.810791188,"data":"        \"tokens_per_second\": 9683\n"}
,{"stream_name":"stdout","time":8756.810793483,"data":"      }\n"}
,{"stream_name":"stdout","time":8756.810795577,"data":"    ],\n"}
,{"stream_name":"stdout","time":8756.81079767,"data":"    \"validation\": [\n"}
,{"stream_name":"stdout","time":8756.810799927,"data":"      {\n"}
,{"stream_name":"stdout","time":8756.810802016,"data":"        \"step\": 5500,\n"}
,{"stream_name":"stdout","time":8756.810804171,"data":"        \"val_loss\": 4.4764\n"}
,{"stream_name":"stdout","time":8756.810806403,"data":"      },\n"}
,{"stream_name":"stdout","time":8756.810808489,"data":"      {\n"}
,{"stream_name":"stdout","time":8756.810812424,"data":"        \"step\": 6000,\n"}
,{"stream_name":"stdout","time":8756.810814728,"data":"        \"val_loss\": 4.3395\n"}
,{"stream_name":"stdout","time":8756.810816947,"data":"      },\n"}
,{"stream_name":"stdout","time":8756.810819063,"data":"      {\n"}
,{"stream_name":"stdout","time":8756.810821149,"data":"        \"step\": 6500,\n"}
,{"stream_name":"stdout","time":8756.810823294,"data":"        \"val_loss\": 4.2492\n"}
,{"stream_name":"stdout","time":8756.810825511,"data":"      },\n"}
,{"stream_name":"stdout","time":8756.810827942,"data":"      {\n"}
,{"stream_name":"stdout","time":8756.810830029,"data":"        \"step\": 7000,\n"}
,{"stream_name":"stdout","time":8756.810832171,"data":"        \"val_loss\": 4.1749\n"}
,{"stream_name":"stdout","time":8756.810834384,"data":"      },\n"}
,{"stream_name":"stdout","time":8756.810836503,"data":"      {\n"}
,{"stream_name":"stdout","time":8756.810838584,"data":"        \"step\": 7500,\n"}
,{"stream_name":"stdout","time":8756.810840886,"data":"        \"val_loss\": 4.1136\n"}
,{"stream_name":"stdout","time":8756.810843088,"data":"      },\n"}
,{"stream_name":"stdout","time":8756.810845245,"data":"      {\n"}
,{"stream_name":"stdout","time":8756.810847343,"data":"        \"step\": 8000,\n"}
,{"stream_name":"stdout","time":8756.810849496,"data":"        \"val_loss\": 4.0573\n"}
,{"stream_name":"stdout","time":8756.810851662,"data":"      },\n"}
,{"stream_name":"stdout","time":8756.810853761,"data":"      {\n"}
,{"stream_name":"stdout","time":8756.81085585,"data":"        \"step\": 8500,\n"}
,{"stream_name":"stdout","time":8756.810857984,"data":"        \"val_loss\": 4.0127\n"}
,{"stream_name":"stdout","time":8756.810860189,"data":"      },\n"}
,{"stream_name":"stdout","time":8756.810862288,"data":"      {\n"}
,{"stream_name":"stdout","time":8756.810864376,"data":"        \"step\": 9000,\n"}
,{"stream_name":"stdout","time":8756.810866518,"data":"        \"val_loss\": 3.9748\n"}
,{"stream_name":"stdout","time":8756.810868702,"data":"      },\n"}
,{"stream_name":"stdout","time":8756.810870809,"data":"      {\n"}
,{"stream_name":"stdout","time":8756.810872904,"data":"        \"step\": 9500,\n"}
,{"stream_name":"stdout","time":8756.810875067,"data":"        \"val_loss\": 3.946\n"}
,{"stream_name":"stdout","time":8756.810877247,"data":"      },\n"}
,{"stream_name":"stdout","time":8756.810879487,"data":"      {\n"}
,{"stream_name":"stdout","time":8756.810881581,"data":"        \"step\": 10000,\n"}
,{"stream_name":"stdout","time":8756.810883737,"data":"        \"val_loss\": 3.9023\n"}
,{"stream_name":"stdout","time":8756.810885905,"data":"      }\n"}
,{"stream_name":"stdout","time":8756.810888111,"data":"    ],\n"}
,{"stream_name":"stdout","time":8756.810890347,"data":"    \"bad_terms\": [],\n"}
,{"stream_name":"stdout","time":8756.810892578,"data":"    \"average_tokens_per_second\": 9643.695918367346\n"}
,{"stream_name":"stdout","time":8756.810894952,"data":"  }\n"}
,{"stream_name":"stdout","time":8756.810897184,"data":"}\n"}
,{"stream_name":"stderr","time":8759.28630825,"data":"/usr/local/lib/python3.12/dist-packages/mistune.py:435: SyntaxWarning: invalid escape sequence '\\|'\n"}
,{"stream_name":"stderr","time":8759.286339595,"data":"  cells[i][c] = re.sub('\\\\\\\\\\|', '|', cell)\n"}
,{"stream_name":"stderr","time":8759.505741707,"data":"/usr/local/lib/python3.12/dist-packages/nbconvert/filters/filter_links.py:36: SyntaxWarning: invalid escape sequence '\\_'\n"}
,{"stream_name":"stderr","time":8759.505801115,"data":"  text = re.sub(r'_', '\\_', text) # Escape underscores in display text\n"}
,{"stream_name":"stderr","time":8760.118843621,"data":"[NbConvertApp] Converting notebook __script__.ipynb to html\n"}
,{"stream_name":"stderr","time":8761.347935612,"data":"[NbConvertApp] Writing 358664 bytes to __results__.html\n"}
]